date,epex_price,load_mw,mean_sent,n_headlines,sent_smooth,ttf_price,dprice_1d,fwd1_dprice,dprice_lag1,sent_lag1,dprice_lag2,sent_lag2,dprice_lag3,sent_lag3,dprice_lag5,sent_lag5,dprice_lag7,sent_lag7,load_chg,load_z,dprice_vol_10,ttf_d1,ttf_d1_lag1,ttf_d1_lag2,ttf_d1_lag3
2018-10-11,54.35166666666667,60207.375,0.0,0,0.0,25.76000022888184,-7.820416666666674,2.418750000000003,-9.392916666666657,0.0,7.681249999999999,0.0,8.96541666666667,0.0,-2.3816666666666606,0.0,46.858333333333334,0.0,0.01986186121752964,0.805842426728782,19.596661647508128,-0.45999908447264914,-0.6149997711181676,-0.3850002288818324,-0.6800003051757884
2018-10-12,56.77041666666667,58777.5,0.0,0,0.0,26.6299991607666,2.418750000000003,-11.888750000000002,-7.820416666666674,0.0,-9.392916666666657,0.0,7.681249999999999,0.0,-2.995833333333337,0.0,-4.85625000000001,0.0,-0.02374916694175755,0.5477880890523867,18.51691447333098,0.8699989318847621,-0.45999908447264914,-0.6149997711181676,-0.3850002288818324
2018-10-13,44.88166666666667,49672.16666666666,0.0,0,0.0,26.6299991607666,-11.888750000000002,-16.79583333333333,2.418750000000003,0.0,-7.820416666666674,0.0,-9.392916666666657,0.0,8.96541666666667,0.0,-2.3816666666666606,0.0,-0.15491188521684907,-1.0562053284409065,16.994119947423666,0.0,0.8699989318847621,-0.45999908447264914,-0.6149997711181676
2018-10-14,28.085833333333337,45739.583333333336,0.0,0,0.0,26.6299991607666,-16.79583333333333,31.363333333333326,-11.888750000000002,0.0,2.418750000000003,0.0,-7.820416666666674,0.0,7.681249999999999,0.0,-2.995833333333337,0.0,-0.07917076296920111,-1.6199974034163598,8.292558056147893,0.0,0.0,0.8699989318847621,-0.45999908447264914
2018-10-15,59.44916666666666,57223.958333333336,0.0,0,0.0,26.625,31.363333333333326,12.548750000000005,-16.79583333333333,0.0,-11.888750000000002,0.0,2.418750000000003,0.0,-9.392916666666657,0.0,8.96541666666667,0.0,0.25108175814165334,0.32375686352245653,13.809389680810714,-0.0049991607666015625,0.0,0.0,0.8699989318847621
2018-10-16,71.99791666666667,58546.91666666666,0.0,0,0.0,26.32999992370605,12.548750000000005,-1.0875000000000057,31.363333333333326,0.0,-16.79583333333333,0.0,-11.888750000000002,0.0,-7.820416666666674,0.0,7.681249999999999,0.0,0.02311895876945469,0.5065634509349741,14.330730243074443,-0.29500007629394887,-0.0049991607666015625,0.0,0.0
2018-10-17,70.91041666666666,58610.5,0.0,0,0.0,25.940000534057617,-1.0875000000000057,-7.746249999999996,12.548750000000005,0.0,31.363333333333326,0.0,-16.79583333333333,0.0,2.418750000000003,0.0,-9.392916666666657,0.0,0.0010860236021539293,0.5060280166089953,14.278175385527799,-0.38999938964843395,-0.29500007629394887,-0.0049991607666015625,0.0
2018-10-18,63.16416666666667,59527.375,0.0,0,0.0,26.024999618530277,-7.746249999999996,4.448749999999997,-1.0875000000000057,0.0,12.548750000000005,0.0,31.363333333333326,0.0,-11.888750000000002,0.0,-7.820416666666674,0.0,0.01564352803678526,0.6877618096887155,14.298194202343057,0.0849990844726598,-0.38999938964843395,-0.29500007629394887,-0.0049991607666015625
2018-10-19,67.61291666666666,58035.75,0.0,0,0.0,26.86000061035156,4.448749999999997,-8.234166666666667,-7.746249999999996,0.0,-1.0875000000000057,0.0,12.548750000000005,0.0,-16.79583333333333,0.0,2.418750000000003,0.0,-0.02505779903783767,0.4253613129549048,14.13909032034259,0.835000991821282,0.0849990844726598,-0.38999938964843395,-0.29500007629394887
2018-10-20,59.37875,50846.375,0.0,0,0.0,26.86000061035156,-8.234166666666667,-3.8716666666666697,4.448749999999997,0.0,-7.746249999999996,0.0,-1.0875000000000057,0.0,31.363333333333326,0.0,-11.888750000000002,0.0,-0.12387838530560902,-0.8831238431503846,14.061693900352909,0.0,0.835000991821282,0.0849990844726598,-0.38999938964843395
2018-10-21,55.50708333333333,47370.875,0.0,0,0.0,26.86000061035156,-3.8716666666666697,0.6229166666666757,-8.234166666666667,0.0,4.448749999999997,0.0,-7.746249999999996,0.0,12.548750000000005,0.0,-16.79583333333333,0.0,-0.06835295534834096,-1.4317040776305752,13.88067712247757,0.0,0.0,0.835000991821282,0.0849990844726598
2018-10-22,56.13,60573.458333333336,0.0,0,0.0,26.114999771118164,0.6229166666666757,-21.5075,-3.8716666666666697,0.0,-8.234166666666667,0.0,4.448749999999997,0.0,-1.0875000000000057,0.0,31.363333333333326,0.0,0.2787067651448982,0.9679262066796818,13.859168387084363,-0.7450008392333949,0.0,0.0,0.835000991821282
2018-10-23,34.6225,63854.16666666666,0.0,0,0.0,25.665000915527344,-21.5075,9.94958333333333,0.6229166666666757,0.0,-3.8716666666666697,0.0,-8.234166666666667,0.0,-7.746249999999996,0.0,12.548750000000005,0.0,0.05416082263752742,1.4876978911165646,15.053368314111916,-0.4499988555908203,-0.7450008392333949,0.0,0.0
2018-10-24,44.57208333333333,62842.125,0.0,0,0.0,25.26000022888184,9.94958333333333,4.16791666666667,-21.5075,0.0,0.6229166666666757,0.0,-3.8716666666666697,0.0,4.448749999999997,0.0,-1.0875000000000057,0.0,-0.01584926590538316,1.2450778007073513,14.29714297687869,-0.40500068664550426,-0.4499988555908203,-0.7450008392333949,0.0
2018-10-25,48.74,62289.833333333336,0.0,0,0.0,24.864999771118164,4.16791666666667,9.786250000000003,9.94958333333333,0.0,-21.5075,0.0,0.6229166666666757,0.0,-8.234166666666667,0.0,-7.746249999999996,0.0,-0.008788558099629307,1.1008373401058895,9.939251850399959,-0.3950004577636754,-0.40500068664550426,-0.4499988555908203,-0.7450008392333949
2018-10-26,58.526250000000005,60471.79166666666,0.0,0,0.0,24.280000686645508,9.786250000000003,-10.402083333333337,4.16791666666667,0.0,9.94958333333333,0.0,-21.5075,0.0,-3.8716666666666697,0.0,4.448749999999997,0.0,-0.02918681218711472,0.7715960628906371,9.549392961525982,-0.5849990844726562,-0.3950004577636754,-0.40500068664550426,-0.4499988555908203
2018-10-27,48.12416666666667,52317.04166666666,0.0,0,0.0,24.280000686645508,-10.402083333333337,-4.663366666666668,9.786250000000003,0.0,4.16791666666667,0.0,9.94958333333333,0.0,0.6229166666666757,0.0,-8.234166666666667,0.0,-0.13485213146901143,-0.6575055159729676,9.966421937897922,0.0,-0.5849990844726562,-0.3950004577636754,-0.40500068664550426
2018-10-28,43.4608,48236.64,0.0,0,0.0,24.280000686645508,-4.663366666666668,0.5133666666666628,-10.402083333333337,0.0,9.786250000000003,0.0,4.16791666666667,0.0,-21.5075,0.0,-3.8716666666666697,0.0,-0.07799373849661784,-1.2950427643662872,9.825181643270483,0.0,0.0,-0.5849990844726562,-0.3950004577636754
2018-10-29,43.97416666666666,62125.66666666666,0.0,0,0.0,24.57999992370605,0.5133666666666628,-10.301249999999996,-4.663366666666668,0.0,-10.402083333333337,0.0,9.786250000000003,0.0,9.94958333333333,0.0,0.6229166666666757,0.0,0.2879352016779497,1.0760498132388554,9.61609260750574,0.2999992370605433,0.0,0.0,-0.5849990844726562
2018-10-30,33.672916666666666,62816.583333333336,0.0,0,0.0,23.875,-10.301249999999996,11.466249999999995,0.5133666666666628,0.0,-4.663366666666668,0.0,-10.402083333333337,0.0,4.16791666666667,0.0,-21.5075,0.0,0.011121275693889432,1.13860749911517,9.777169822336871,-0.7049999237060511,0.2999992370605433,0.0,0.0
2018-10-31,45.13916666666666,58623.91666666666,0.0,0,0.0,24.334999084472656,11.466249999999995,2.774166666666666,-10.301249999999996,0.0,0.5133666666666628,0.0,-4.663366666666668,0.0,9.786250000000003,0.0,9.94958333333333,0.0,-0.06674458310504539,0.37626701633933096,10.70904161617894,0.45999908447265625,-0.7049999237060511,0.2999992370605433,0.0
2018-11-01,47.91333333333333,53283.583333333336,0.0,0,0.0,23.649999618530277,2.774166666666666,6.85541666666667,11.466249999999995,0.0,-10.301249999999996,0.0,0.5133666666666628,0.0,-10.402083333333337,0.0,4.16791666666667,0.0,-0.09109478924272929,-0.553375630807422,10.767534201601325,-0.6849994659423793,0.45999908447265625,-0.7049999237060511,0.2999992370605433
2018-11-02,54.76875,56556.04166666666,0.0,0,0.0,24.28499984741211,6.85541666666667,-2.725833333333334,2.774166666666666,0.0,11.466249999999995,0.0,-10.301249999999996,0.0,-4.663366666666668,0.0,9.786250000000003,0.0,0.06141588325359737,0.006165119545176859,8.124356649212025,0.6350002288818324,-0.6849994659423793,0.45999908447265625,-0.7049999237060511
2018-11-03,52.04291666666666,51013.5,0.0,0,0.0,24.28499984741211,-2.725833333333334,-4.575416666666662,6.85541666666667,0.0,2.774166666666666,0.0,11.466249999999995,0.0,0.5133666666666628,0.0,-10.402083333333337,0.0,-0.09800087671152125,-0.9709120263884179,7.727931312693177,0.0,0.6350002288818324,-0.6849994659423793,0.45999908447265625
2018-11-04,47.4675,47086.083333333336,0.0,0,0.0,24.28499984741211,-4.575416666666662,9.726666666666667,-2.725833333333334,0.0,6.85541666666667,0.0,2.774166666666666,0.0,-10.301249999999996,0.0,-4.663366666666668,0.0,-0.07698779081354279,-1.5571686602313632,7.792237013999616,0.0,0.0,0.6350002288818324,-0.6849994659423793
2018-11-05,57.19416666666667,59604.25,0.0,0,0.0,23.809999465942383,9.726666666666667,1.3554166666666703,-4.575416666666662,0.0,-2.725833333333334,0.0,6.85541666666667,0.0,11.466249999999995,0.0,0.5133666666666628,0.0,0.26585703843846287,0.592227166925335,7.783832643137533,-0.47500038146972656,0.0,0.0,0.6350002288818324
2018-11-06,58.54958333333334,61180.29166666666,0.0,0,0.0,23.895000457763672,1.3554166666666703,-2.5416666666666714,9.726666666666667,0.0,-4.575416666666662,0.0,-2.725833333333334,0.0,2.774166666666666,0.0,-10.301249999999996,0.0,0.02644176659662123,0.8262177630858563,6.897944827163786,0.08500099182128906,-0.47500038146972656,0.0,0.0
2018-11-07,56.00791666666667,62002.458333333336,0.0,0,0.0,24.420000076293945,-2.5416666666666714,6.86249999999999,1.3554166666666703,0.0,9.726666666666667,0.0,-4.575416666666662,0.0,6.85541666666667,0.0,11.466249999999995,0.0,0.013438423457445392,0.9434880809161589,6.733612072833604,0.5249996185302734,0.08500099182128906,-0.47500038146972656,0.0
2018-11-08,62.87041666666666,61536.5,0.0,0,0.0,24.43000030517578,6.86249999999999,-3.3558333333333294,-2.5416666666666714,0.0,1.3554166666666703,0.0,9.726666666666667,0.0,-2.725833333333334,0.0,2.774166666666666,0.0,-0.007515159009152228,0.8356605557938795,6.951741045719682,0.010000228881835938,0.5249996185302734,0.08500099182128906,-0.47500038146972656
2018-11-09,59.51458333333333,61003.708333333336,0.0,0,0.0,24.325000762939453,-3.3558333333333294,-16.44916666666667,6.86249999999999,0.0,-2.5416666666666714,0.0,1.3554166666666703,0.0,-4.575416666666662,0.0,6.85541666666667,0.0,-0.008658140561563665,0.7204805788471041,5.859596598690278,-0.10499954223632812,0.010000228881835938,0.5249996185302734,0.08500099182128906
2018-11-10,43.06541666666666,53393.083333333336,0.0,0,0.0,24.325000762939453,-16.44916666666667,-3.337083333333325,-3.3558333333333294,0.0,6.86249999999999,0.0,-2.5416666666666714,0.0,9.726666666666667,0.0,-2.725833333333334,0.0,-0.12475676000571001,-0.6296732194493139,7.560593564033796,0.0,-0.10499954223632812,0.010000228881835938,0.5249996185302734
2018-11-11,39.72833333333333,48367.458333333336,0.0,0,0.0,24.325000762939453,-3.337083333333325,15.176250000000003,-16.44916666666667,0.0,-3.3558333333333294,0.0,6.86249999999999,0.0,1.3554166666666703,0.0,-4.575416666666662,0.0,-0.0941250193142994,-1.4325062915901825,7.539775425848054,0.0,0.0,-0.10499954223632812,0.010000228881835938
2018-11-12,54.904583333333335,60347.708333333336,0.0,0,0.0,25.95499992370605,15.176250000000003,-1.796666666666674,-3.337083333333325,0.0,-16.44916666666667,0.0,-3.3558333333333294,0.0,-2.5416666666666714,0.0,9.726666666666667,0.0,0.24769236203060085,0.6292273537024784,8.829579863349762,1.629999160766598,0.0,0.0,-0.10499954223632812
2018-11-13,53.10791666666666,62653.083333333336,0.0,0,0.0,26.520000457763672,-1.796666666666674,8.760000000000005,15.176250000000003,0.0,-3.337083333333325,0.0,-16.44916666666667,0.0,6.86249999999999,0.0,1.3554166666666703,0.0,0.03820153347441391,0.999175243226686,8.802396084077769,0.5650005340576207,1.629999160766598,0.0,0.0
2018-11-14,61.867916666666666,62697.875,0.0,0,0.0,26.280000686645508,8.760000000000005,1.6112499999999912,-1.796666666666674,0.0,15.176250000000003,0.0,-3.337083333333325,0.0,-3.3558333333333294,0.0,-2.5416666666666714,0.0,0.0007149156000569867,0.9569315061905072,9.021695924565629,-0.23999977111816406,0.5650005340576207,1.629999160766598,0.0
2018-11-15,63.47916666666666,63099.0,0.0,0,0.0,26.674999237060547,1.6112499999999912,-5.709999999999987,8.760000000000005,0.0,-1.796666666666674,0.0,15.176250000000003,0.0,-16.44916666666667,0.0,6.86249999999999,0.0,0.006397744740152644,0.9866686092076864,8.545916086602961,0.39499855041503906,-0.23999977111816406,0.5650005340576207,1.629999160766598
2018-11-16,57.76916666666667,63097.458333333336,0.0,0,0.0,25.95499992370605,-5.709999999999987,-9.562083333333334,1.6112499999999912,0.0,8.760000000000005,0.0,-1.796666666666674,0.0,-3.337083333333325,0.0,-3.3558333333333294,0.0,-2.443250553363363e-05,0.9438876326396203,8.76831606141424,-0.7199993133544957,0.39499855041503906,-0.23999977111816406,0.5650005340576207
2018-11-17,48.20708333333334,55921.04166666666,0.0,0,0.0,25.95499992370605,-9.562083333333334,-0.6029166666666796,-5.709999999999987,0.0,1.6112499999999912,0.0,8.760000000000005,0.0,15.176250000000003,0.0,-16.44916666666667,0.0,-0.11373543176263723,-0.3362050874795294,9.255024294060062,0.0,-0.7199993133544957,0.39499855041503906,-0.23999977111816406
2018-11-18,47.60416666666666,49977.54166666666,0.0,0,0.0,25.95499992370605,-0.6029166666666796,0.6108333333333462,-9.562083333333334,0.0,-5.709999999999987,0.0,1.6112499999999912,0.0,-1.796666666666674,0.0,-3.337083333333325,0.0,-0.10628378554584028,-1.3221612913399148,8.862833354162618,0.0,0.0,-0.7199993133544957,0.39499855041503906
2018-11-19,48.215,64230.875,0.0,0,0.0,24.149999618530277,0.6108333333333462,-1.5612500000000011,-0.6029166666666796,0.0,-9.562083333333334,0.0,-5.709999999999987,0.0,8.760000000000005,0.0,15.176250000000003,0.0,0.2851947666493535,1.1055887412789205,8.860634640729574,-1.8050003051757741,0.0,0.0,-0.7199993133544957
2018-11-20,46.65375,66164.5,0.0,0,0.0,24.350000381469727,-1.5612500000000011,8.704999999999991,0.6108333333333462,0.0,-0.6029166666666796,0.0,-9.562083333333334,0.0,1.6112499999999912,0.0,-1.796666666666674,0.0,0.030104291744429856,1.3778955497799448,7.070600150566959,0.20000076293944957,-1.8050003051757741,0.0,0.0
2018-11-21,55.35874999999999,65454.375,0.0,0,0.0,24.5,8.704999999999991,22.444583333333334,-1.5612500000000011,0.0,0.6108333333333462,0.0,-0.6029166666666796,0.0,-5.709999999999987,0.0,8.760000000000005,0.0,-0.01073271920743002,1.1908974762239641,7.389466973130789,0.14999961853027344,0.20000076293944957,-1.8050003051757741,0.0
2018-11-22,77.80333333333333,65474.5,0.0,0,0.0,24.5,22.444583333333334,2.5279166666666697,8.704999999999991,0.0,-1.5612500000000011,0.0,0.6108333333333462,0.0,-9.562083333333334,0.0,1.6112499999999912,0.0,0.0003074660784707639,1.172788904785419,9.0484773036282,0.0,0.14999961853027344,0.20000076293944957,-1.8050003051757741
2018-11-23,80.33125,63489.29166666666,0.0,0,0.0,24.81999969482422,2.5279166666666697,-18.385416666666664,22.444583333333334,0.0,8.704999999999991,0.0,-1.5612500000000011,0.0,-0.6029166666666796,0.0,-5.709999999999987,0.0,-0.03032032827029363,0.817955233320115,8.934086489205535,0.31999969482421875,0.0,0.14999961853027344,0.20000076293944957
2018-11-24,61.94583333333333,54967.91666666666,0.0,0,0.0,24.81999969482422,-18.385416666666664,-8.100000000000001,2.5279166666666697,0.0,22.444583333333334,0.0,8.704999999999991,0.0,0.6108333333333462,0.0,-9.562083333333334,0.0,-0.1342175156834191,-0.6308483495161624,10.820543420598264,0.0,0.31999969482421875,0.0,0.14999961853027344
2018-11-25,53.84583333333333,51027.125,0.0,0,0.0,24.81999969482422,-8.100000000000001,19.82291666666667,-18.385416666666664,0.0,2.5279166666666697,0.0,22.444583333333334,0.0,-1.5612500000000011,0.0,-0.6029166666666796,0.0,-0.07169257824640118,-1.2329722161450047,11.09299983813894,0.0,0.0,0.31999969482421875,0.0
2018-11-26,73.66875,63366.125,0.0,0,0.0,24.545000076293945,19.82291666666667,1.836666666666659,-8.100000000000001,0.0,-18.385416666666664,0.0,2.5279166666666697,0.0,8.704999999999991,0.0,0.6108333333333462,0.0,0.24181256537576834,0.8135578871533168,12.700989331316398,-0.27499961853027344,0.0,0.0,0.31999969482421875
2018-11-27,75.50541666666666,64802.91666666666,0.0,0,0.0,25.15999984741211,1.836666666666659,-22.51666666666666,19.82291666666667,0.0,-8.100000000000001,0.0,-18.385416666666664,0.0,22.444583333333334,0.0,-1.5612500000000011,0.0,0.02267444421868392,1.006618969629029,12.085509465923474,0.6149997711181641,-0.27499961853027344,0.0,0.0
2018-11-28,52.98875,67579.5,0.0,0,0.0,24.299999237060547,-22.51666666666666,-2.5900000000000034,1.836666666666659,0.0,19.82291666666667,0.0,-8.100000000000001,0.0,2.5279166666666697,0.0,8.704999999999991,0.0,0.04284657969355821,1.4239285288834123,14.502080874594755,-0.8600006103515625,0.6149997711181641,-0.27499961853027344,0.0
2018-11-29,50.39875,67329.16666666667,0.0,0,0.0,24.63500022888184,-2.5900000000000034,7.103333333333332,-22.51666666666666,0.0,1.836666666666659,0.0,19.82291666666667,0.0,-18.385416666666664,0.0,22.444583333333334,0.0,-0.0037042791576340495,1.320184973259267,14.53559090737698,0.3350009918212926,-0.8600006103515625,0.6149997711181641,-0.27499961853027344
2018-11-30,57.50208333333333,65541.79166666667,0.0,0,0.0,24.690000534057617,7.103333333333332,-10.639583333333334,-2.5900000000000034,0.0,-22.51666666666666,0.0,1.836666666666659,0.0,-8.100000000000001,0.0,2.5279166666666697,0.0,-0.026546816015842523,0.9634602497439919,14.675295616619964,0.0550003051757777,0.3350009918212926,-0.8600006103515625,0.6149997711181641
2018-12-01,46.8625,56154.458333333336,0.0,0,0.0,24.690000534057617,-10.639583333333334,-16.66333333333333,7.103333333333332,0.0,-2.5900000000000034,0.0,-22.51666666666666,0.0,19.82291666666667,0.0,-18.385416666666664,0.0,-0.1432266817037221,-0.6204098551986529,14.833342429317332,0.0,0.0550003051757777,0.3350009918212926,-0.8600006103515625
2018-12-02,30.199166666666667,51919.458333333336,0.0,0,0.0,24.690000534057617,-16.66333333333333,14.4175,-10.639583333333334,0.0,7.103333333333332,0.0,-2.5900000000000034,0.0,1.836666666666659,0.0,-8.100000000000001,0.0,-0.07541698603628233,-1.2762108205718348,13.058682694338652,0.0,0.0,0.0550003051757777,0.3350009918212926
2018-12-03,44.61666666666667,64058.75,0.0,0,0.0,25.084999084472656,14.4175,6.032083333333333,-16.66333333333333,0.0,-10.639583333333334,0.0,7.103333333333332,0.0,-22.51666666666666,0.0,19.82291666666667,0.0,0.233810059972698,0.6673465823257939,14.280130753815415,0.39499855041503906,0.0,0.0,0.0550003051757777
2018-12-04,50.64875,65047.083333333336,0.0,0,0.0,24.415000915527344,6.032083333333333,8.562083333333334,14.4175,0.0,-16.66333333333333,0.0,-10.639583333333334,0.0,-2.5900000000000034,0.0,1.836666666666659,0.0,0.015428545410788308,0.7975171788558639,13.533712759587733,-0.6699981689453125,0.39499855041503906,0.0,0.0
2018-12-05,59.21083333333333,65794.625,0.0,0,0.0,24.415000915527344,8.562083333333334,-4.463749999999997,6.032083333333333,0.0,14.4175,0.0,-16.66333333333333,0.0,7.103333333333332,0.0,-22.51666666666666,0.0,0.011492316463074692,0.8852133441464625,13.605700550472799,0.0,-0.6699981689453125,0.39499855041503906,0.0
2018-12-06,54.747083333333336,65945.20833333333,0.0,0,0.0,23.165000915527344,-4.463749999999997,-12.16916666666667,8.562083333333334,0.0,6.032083333333333,0.0,14.4175,0.0,-10.639583333333334,0.0,-2.5900000000000034,0.0,0.002288687462438377,0.8716901101981891,11.832573692362333,-1.25,0.0,-0.6699981689453125,0.39499855041503906
2018-12-07,42.57791666666667,65009.958333333336,0.0,0,0.0,23.145000457763672,-12.16916666666667,-30.7125,-4.463749999999997,0.0,8.562083333333334,0.0,6.032083333333333,0.0,-16.66333333333333,0.0,7.103333333333332,0.0,-0.01418222830190452,0.6807412294630378,12.166367100890964,-0.020000457763671875,-1.25,0.0,-0.6699981689453125
2018-12-08,11.865416666666668,57454.958333333336,0.0,0,0.0,23.145000457763672,-30.7125,-2.948333333333336,-12.16916666666667,0.0,-4.463749999999997,0.0,8.562083333333334,0.0,14.4175,0.0,-10.639583333333334,0.0,-0.11621296480859666,-0.6339607125659231,13.774981127454529,0.0,-0.020000457763671875,-1.25,0.0
2018-12-09,8.917083333333332,52855.29166666666,0.0,0,0.0,23.145000457763672,-2.948333333333336,27.244166666666672,-30.7125,0.0,-12.16916666666667,0.0,-4.463749999999997,0.0,6.032083333333333,0.0,-16.66333333333333,0.0,-0.08005691414796678,-1.3517679834249536,13.771046528859019,0.0,0.0,-0.020000457763671875,-1.25
2018-12-10,36.16125,66360.75,0.0,0,0.0,23.25,27.244166666666672,19.208750000000002,-2.948333333333336,0.0,-30.7125,0.0,-12.16916666666667,0.0,8.562083333333334,0.0,14.4175,0.0,0.25551762004277423,0.892929636872648,16.750099587183225,0.10499954223632812,0.0,0.0,-0.020000457763671875
2018-12-11,55.370000000000005,66527.125,0.0,0,0.0,23.6200008392334,19.208750000000002,14.54416666666667,27.244166666666672,0.0,-2.948333333333336,0.0,-30.7125,0.0,-4.463749999999997,0.0,6.032083333333333,0.0,0.002507129590910262,0.887428790635373,17.69862904229737,0.37000083923339844,0.10499954223632812,0.0,0.0
2018-12-12,69.91416666666667,65613.29166666667,0.0,0,0.0,23.920000076293945,14.54416666666667,-3.671250000000015,19.208750000000002,0.0,27.244166666666672,0.0,-2.948333333333336,0.0,-12.16916666666667,0.0,8.562083333333334,0.0,-0.013736251691822354,0.6777226631396054,17.005061237325354,0.2999992370605469,0.37000083923339844,0.10499954223632812,0.0
2018-12-13,66.24291666666666,66351.58333333333,0.0,0,0.0,24.225000381469727,-3.671250000000015,4.916250000000005,14.54416666666667,0.0,19.208750000000002,0.0,27.244166666666672,0.0,-30.7125,0.0,-4.463749999999997,0.0,0.011252166259503982,0.7841430753478567,16.73028323155654,0.30500030517578125,0.2999992370605469,0.37000083923339844,0.10499954223632812
2018-12-14,71.15916666666666,65722.75,0.0,0,0.0,24.645000457763672,4.916250000000005,-16.752499999999998,-3.671250000000015,0.0,14.54416666666667,0.0,19.208750000000002,0.0,-2.948333333333336,0.0,-12.16916666666667,0.0,-0.009477292051558561,0.6445427852949924,16.70531062439381,0.4200000762939453,0.30500030517578125,0.2999992370605469,0.37000083923339844
2018-12-15,54.406666666666666,57894.25,0.0,0,0.0,24.645000457763672,-16.752499999999998,-4.697499999999998,4.916250000000005,0.0,-3.671250000000015,0.0,14.54416666666667,0.0,27.244166666666672,0.0,-30.7125,0.0,-0.11911400542430128,-0.7531834266151931,17.50778661754165,0.0,0.4200000762939453,0.30500030517578125,0.2999992370605469
2018-12-16,49.70916666666667,54182.333333333336,0.0,0,0.0,24.645000457763672,-4.697499999999998,19.681666666666665,-16.752499999999998,0.0,4.916250000000005,0.0,-3.671250000000015,0.0,19.208750000000002,0.0,-2.948333333333336,0.0,-0.06411546339518459,-1.3306749118786991,17.513850752723044,0.0,0.0,0.4200000762939453,0.30500030517578125
2018-12-17,69.39083333333333,63667.0,0.0,0,0.0,24.68000030517578,19.681666666666665,-9.945833333333333,-4.697499999999998,0.0,-16.752499999999998,0.0,4.916250000000005,0.0,14.54416666666667,0.0,27.244166666666672,0.0,0.17505090835266102,0.2988731678812833,18.04481738318128,0.034999847412109375,0.0,0.0,0.4200000762939453
2018-12-18,59.445,64816.583333333336,0.0,0,0.0,23.729999542236328,-9.945833333333333,-3.0033333333333374,19.681666666666665,0.0,-4.697499999999998,0.0,-16.752499999999998,0.0,-3.671250000000015,0.0,19.208750000000002,0.0,0.018056188187496547,0.4539346890888835,14.65041686542171,-0.9500007629394531,0.034999847412109375,0.0,0.0
2018-12-19,56.44166666666666,65473.25,0.0,0,0.0,24.209999084472656,-3.0033333333333374,0.24708333333333599,-9.945833333333333,0.0,19.681666666666665,0.0,-4.697499999999998,0.0,4.916250000000005,0.0,14.54416666666667,0.0,0.010131152135705923,0.5719708875920634,14.653641350868805,0.4799995422363281,-0.9500007629394531,0.034999847412109375,0.0
2018-12-20,56.68875,63024.91666666666,0.0,0,0.0,24.604999542236328,0.24708333333333599,-7.064583333333331,-3.0033333333333374,0.0,-9.945833333333333,0.0,19.681666666666665,0.0,-16.752499999999998,0.0,-3.671250000000015,0.0,-0.03739440662153393,0.11677850110767936,12.356285188101296,0.3950004577636719,0.4799995422363281,-0.9500007629394531,0.034999847412109375
2018-12-21,49.62416666666667,59885.333333333336,0.0,0,0.0,24.899999618530277,-7.064583333333331,-13.003333333333337,0.24708333333333599,0.0,-3.0033333333333374,0.0,-9.945833333333333,0.0,-4.697499999999998,0.0,4.916250000000005,0.0,-0.04981495413850856,-0.4644140522309151,11.024561868411471,0.29500007629394887,0.3950004577636719,0.4799995422363281,-0.9500007629394531
2018-12-22,36.62083333333333,51783.25,0.0,0,0.0,24.899999618530277,-13.003333333333337,6.046666666666667,-7.064583333333331,0.0,0.24708333333333599,0.0,-3.0033333333333374,0.0,19.681666666666665,0.0,-16.752499999999998,0.0,-0.1352932827180835,-1.8576997946297562,10.240873600370504,0.0,0.29500007629394887,0.3950004577636719,0.4799995422363281
2018-12-23,42.6675,47621.625,0.0,0,0.0,24.899999618530277,6.046666666666667,4.163333333333341,-13.003333333333337,0.0,-7.064583333333331,0.0,0.24708333333333599,0.0,-9.945833333333333,0.0,-4.697499999999998,0.0,-0.08036623811753796,-2.287713260879064,10.657434063954907,0.0,0.0,0.29500007629394887,0.3950004577636719
2018-12-24,46.83083333333334,47052.625,0.0,0,0.0,24.2450008392334,4.163333333333341,-27.823333333333338,6.046666666666667,0.0,-13.003333333333337,0.0,-7.064583333333331,0.0,-3.0033333333333374,0.0,19.681666666666665,0.0,-0.011948353295377911,-2.175926635908209,10.602856976896886,-0.6549987792968786,0.0,0.0,0.29500007629394887
2018-12-25,19.0075,45706.25,0.0,0,0.0,24.2450008392334,-27.823333333333338,28.395000000000003,4.163333333333341,0.0,6.046666666666667,0.0,-13.003333333333337,0.0,0.24708333333333599,0.0,-9.945833333333333,0.0,-0.028614237781632745,-2.2363719922259464,12.645392162052504,0.0,-0.6549987792968786,0.0,0.0
2018-12-26,47.4025,46912.54166666666,0.0,0,0.0,24.2450008392334,28.395000000000003,12.61249999999999,-27.823333333333338,0.0,4.163333333333341,0.0,6.046666666666667,0.0,-7.064583333333331,0.0,-3.0033333333333374,0.0,0.026392269474451613,-1.8559790833551875,16.152540337177182,0.0,0.0,-0.6549987792968786,0.0
2018-12-27,60.01499999999999,52695.91666666666,0.0,0,0.0,23.31999969482422,12.61249999999999,-0.2183333333333337,28.395000000000003,0.0,-27.823333333333338,0.0,4.163333333333341,0.0,-13.003333333333337,0.0,0.24708333333333599,0.0,0.12327993313799346,-0.985875612053101,15.317345409738424,-0.9250011444091797,0.0,0.0,-0.6549987792968786
2018-12-28,59.79666666666666,52636.083333333336,0.0,0,0.0,22.809999465942383,-0.2183333333333337,-12.459999999999994,12.61249999999999,0.0,28.395000000000003,0.0,-27.823333333333338,0.0,6.046666666666667,0.0,-7.064583333333331,0.0,-0.0011354453460180602,-0.9300707301400821,14.987016456794686,-0.5100002288818359,-0.9250011444091797,0.0,0.0
2018-12-29,47.336666666666666,51217.16666666666,0.0,0,0.0,22.809999465942383,-12.459999999999994,-13.803333333333335,-0.2183333333333337,0.0,12.61249999999999,0.0,28.395000000000003,0.0,4.163333333333341,0.0,-13.003333333333337,0.0,-0.02695710958737141,-1.0538505415518906,15.489960238882496,0.0,-0.5100002288818359,-0.9250011444091797,0.0
2018-12-30,33.53333333333333,47227.125,0.0,0,0.0,22.809999465942383,-13.803333333333335,21.152500000000003,-12.459999999999994,0.0,-0.2183333333333337,0.0,12.61249999999999,0.0,-27.823333333333338,0.0,6.046666666666667,0.0,-0.07790438101808295,-1.483678687026994,16.00206078796746,0.0,0.0,-0.5100002288818359,-0.9250011444091797
2018-12-31,54.685833333333335,47834.25,0.0,0,0.0,21.979999542236328,21.152500000000003,-58.98291666666667,-13.803333333333335,0.0,-12.459999999999994,0.0,-0.2183333333333337,0.0,28.395000000000003,0.0,4.163333333333341,0.0,0.012855430009766744,-1.3228744893560223,17.490215515122514,-0.8299999237060547,0.0,0.0,-0.5100002288818359
2019-01-01,-4.297083333333333,45644.833333333336,0.0,0,0.0,21.979999542236328,-58.98291666666667,30.214583333333334,21.152500000000003,0.0,-13.803333333333335,0.0,-12.459999999999994,0.0,12.61249999999999,0.0,-27.823333333333338,0.0,-0.04577089986080396,-1.531462558859352,25.599915334340192,0.0,-0.8299999237060547,0.0,0.0
2019-01-02,25.9175,57581.708333333336,0.0,0,0.0,22.475000381469727,30.214583333333334,31.798750000000002,-58.98291666666667,0.0,21.152500000000003,0.0,-13.803333333333335,0.0,-0.2183333333333337,0.0,28.395000000000003,0.0,0.26151645494743847,0.008166127308815925,27.716684094585958,0.49500083923339844,0.0,-0.8299999237060547,0.0
2019-01-03,57.71625,60356.125,0.0,0,0.0,22.2549991607666,31.798750000000002,-7.806250000000006,30.214583333333334,0.0,-58.98291666666667,0.0,21.152500000000003,0.0,-12.459999999999994,0.0,12.61249999999999,0.0,0.04818225695225831,0.38924793085722814,29.67221927869949,-0.220001220703125,0.49500083923339844,0.0,-0.8299999237060547
2019-01-04,49.91,61110.66666666666,0.0,0,0.0,22.93000030517578,-7.806250000000006,-7.729166666666664,31.798750000000002,0.0,30.214583333333334,0.0,-58.98291666666667,0.0,-13.803333333333335,0.0,-0.2183333333333337,0.0,0.012501492875274245,0.5163926166260083,28.140752995866745,0.6750011444091797,-0.220001220703125,0.49500083923339844,0.0
2019-01-05,42.18083333333333,54468.91666666666,0.0,0,0.0,22.93000030517578,-7.729166666666664,12.364583333333329,-7.806250000000006,0.0,31.798750000000002,0.0,30.214583333333334,0.0,21.152500000000003,0.0,-12.459999999999994,0.0,-0.10868397224707094,-0.31839431669741647,26.819047284590233,0.0,0.6750011444091797,-0.220001220703125,0.49500083923339844
2019-01-06,54.54541666666666,49504.625,0.0,0,0.0,22.93000030517578,12.364583333333329,-2.732916666666661,-7.729166666666664,0.0,-7.806250000000006,0.0,31.798750000000002,0.0,-58.98291666666667,0.0,-13.803333333333335,0.0,-0.09113990089148682,-0.9262308475045329,26.80566769698046,0.0,0.0,0.6750011444091797,-0.220001220703125
2019-01-07,51.8125,62414.25,0.0,0,0.0,21.530000686645508,-2.732916666666661,-17.315833333333337,12.364583333333329,0.0,-7.729166666666664,0.0,-7.806250000000006,0.0,30.214583333333334,0.0,21.152500000000003,0.0,0.26077613960311785,0.800349977471103,26.814035488566415,-1.3999996185302734,0.0,0.0,0.6750011444091797
2019-01-08,34.49666666666666,66317.54166666667,0.0,0,0.0,22.09000015258789,-17.315833333333337,5.504583333333336,-2.732916666666661,0.0,12.364583333333329,0.0,-7.729166666666664,0.0,31.798750000000002,0.0,-58.98291666666667,0.0,0.06253846944674768,1.235869435301351,27.091218561664306,0.5599994659423828,-1.3999996185302734,0.0,0.0
2019-01-09,40.00125,66886.875,0.0,0,0.0,21.71999931335449,5.504583333333336,27.670833333333334,-17.315833333333337,0.0,-2.732916666666661,0.0,12.364583333333329,0.0,-7.806250000000006,0.0,30.214583333333334,0.0,0.008584958353778926,1.304474985662376,26.786146295685068,-0.370000839233402,0.5599994659423828,-1.3999996185302734,0.0
2019-01-10,67.67208333333333,64684.16666666666,0.0,0,0.0,21.674999237060547,27.670833333333334,-17.753750000000004,5.504583333333336,0.0,-17.315833333333337,0.0,-2.732916666666661,0.0,-7.729166666666664,0.0,31.798750000000002,0.0,-0.03293184699290175,1.033593619997157,27.41257737926991,-0.04500007629394176,-0.370000839233402,0.5599994659423828,-1.3999996185302734
2019-01-11,49.91833333333333,66200.125,0.0,0,0.0,22.2549991607666,-17.753750000000004,-9.11666666666666,27.670833333333334,0.0,5.504583333333336,0.0,-17.315833333333337,0.0,12.364583333333329,0.0,-7.806250000000006,0.0,0.023436312338156018,1.2277623475034247,19.21281081928271,0.5799999237060547,-0.04500007629394176,-0.370000839233402,0.5599994659423828
2019-01-12,40.80166666666667,56655.16666666666,0.0,0,0.0,22.2549991607666,-9.11666666666666,-25.700833333333335,-17.753750000000004,0.0,27.670833333333334,0.0,5.504583333333336,0.0,-2.732916666666661,0.0,-7.729166666666664,0.0,-0.1441833883747703,0.011209799641640565,17.525089189819024,0.0,0.5799999237060547,-0.04500007629394176,-0.370000839233402
2019-01-13,15.100833333333334,53231.083333333336,0.0,0,0.0,22.2549991607666,-25.700833333333335,17.509999999999998,-9.11666666666666,0.0,-17.753750000000004,0.0,27.670833333333334,0.0,-17.315833333333337,0.0,12.364583333333329,0.0,-0.06043726520970416,-0.407372905813463,15.825708902619432,0.0,0.0,0.5799999237060547,-0.04500007629394176
2019-01-14,32.61083333333333,65713.16666666667,0.0,0,0.0,21.674999237060547,17.509999999999998,12.837083333333325,-25.700833333333335,0.0,-9.11666666666666,0.0,-17.753750000000004,0.0,5.504583333333336,0.0,-2.732916666666661,0.0,0.23448862115336744,1.2588541140653475,17.163984833892357,-0.5799999237060547,0.0,0.0,0.5799999237060547
2019-01-15,45.44791666666666,66565.58333333333,0.0,0,0.0,22.0,12.837083333333325,-0.24916666666666032,17.509999999999998,0.0,-25.700833333333335,0.0,-9.11666666666666,0.0,27.670833333333334,0.0,-17.315833333333337,0.0,0.012971778867248762,1.2812951859579977,17.59207777171314,0.3250007629394531,-0.5799999237060547,0.0,0.0
2019-01-16,45.19875,66128.79166666667,0.0,0,0.0,22.0049991607666,-0.24916666666666032,-2.362083333333331,12.837083333333325,0.0,17.509999999999998,0.0,-25.700833333333335,0.0,-17.753750000000004,0.0,5.504583333333336,0.0,-0.006561824366195124,1.1989444730143444,17.07773512022072,0.0049991607666015625,0.3250007629394531,-0.5799999237060547,0.0
2019-01-17,42.836666666666666,66574.58333333333,0.0,0,0.0,22.9950008392334,-2.362083333333331,18.895833333333336,-0.24916666666666032,0.0,12.837083333333325,0.0,17.509999999999998,0.0,-9.11666666666666,0.0,27.670833333333334,0.0,0.0067412643635429426,1.2382400091282095,17.07379862397823,0.9900016784667969,0.0049991607666015625,0.3250007629394531,-0.5799999237060547
2019-01-18,61.7325,64273.583333333336,0.0,0,0.0,22.604999542236328,18.895833333333336,-6.344166666666673,-2.362083333333331,0.0,-0.24916666666666032,0.0,12.837083333333325,0.0,-25.700833333333335,0.0,-17.753750000000004,0.0,-0.034562739784327,0.9519381525649661,17.044788467347004,-0.3900012969970703,0.9900016784667969,0.0049991607666015625,0.3250007629394531
2019-01-19,55.38833333333333,55657.04166666666,0.0,0,0.0,22.604999542236328,-6.344166666666673,-1.4966666666666555,18.895833333333336,0.0,-2.362083333333331,0.0,-0.24916666666666032,0.0,17.509999999999998,0.0,-9.11666666666666,0.0,-0.13406039028475947,-0.13468405395327396,17.240695289136557,0.0,-0.3900012969970703,0.9900016784667969,0.0049991607666015625
2019-01-20,53.89166666666667,52030.125,0.0,0,0.0,22.604999542236328,-1.4966666666666555,16.00875,-6.344166666666673,0.0,18.895833333333336,0.0,-2.362083333333331,0.0,12.837083333333325,0.0,-25.700833333333335,0.0,-0.0651654589977757,-0.5741182605824884,14.592332100668102,0.0,0.0,-0.3900012969970703,0.9900016784667969
2019-01-21,69.90041666666667,65022.29166666666,0.0,0,0.0,22.604999542236328,16.00875,-6.901666666666671,-1.4966666666666555,0.0,-6.344166666666673,0.0,18.895833333333336,0.0,-0.24916666666666032,0.0,17.509999999999998,0.0,0.24970469831980324,1.0519115795708271,14.28507949514055,0.0,0.0,0.0,-0.3900012969970703
2019-01-22,62.99875,67831.45833333333,0.0,0,0.0,21.815000534057617,-6.901666666666671,12.084583333333327,16.00875,0.0,-1.4966666666666555,0.0,-6.344166666666673,0.0,-2.362083333333331,0.0,12.837083333333325,0.0,0.043203132259129085,1.3192554274381547,14.109682144196686,-0.7899990081787109,0.0,0.0,0.0
2019-01-23,75.08333333333333,68192.91666666667,0.0,0,0.0,22.190000534057617,12.084583333333327,10.712500000000006,-6.901666666666671,0.0,16.00875,0.0,-1.4966666666666555,0.0,18.895833333333336,0.0,-0.24916666666666032,0.0,0.005328771372673291,1.279370544302212,10.364112828144366,0.375,-0.7899990081787109,0.0,0.0
2019-01-24,85.79583333333333,67312.29166666667,0.0,0,0.0,21.280000686645508,10.712500000000006,-19.293750000000003,12.084583333333327,0.0,-6.901666666666671,0.0,16.00875,0.0,-6.344166666666673,0.0,-2.362083333333331,0.0,-0.012913731264855177,1.102342267601038,9.728632865045322,-0.9099998474121094,0.375,-0.7899990081787109,0.0
2019-01-25,66.50208333333333,66537.125,0.0,0,0.0,20.88999938964844,-19.293750000000003,-17.41583333333333,10.712500000000006,0.0,12.084583333333327,0.0,-6.901666666666671,0.0,-1.4966666666666555,0.0,18.895833333333336,0.0,-0.011515974979805055,0.9426009055492224,12.008383120222202,-0.39000129699706676,-0.9099998474121094,0.375,-0.7899990081787109
2019-01-26,49.08625,58120.833333333336,0.0,0,0.0,20.88999938964844,-17.41583333333333,-13.646666666666668,-19.293750000000003,0.0,10.712500000000006,0.0,12.084583333333327,0.0,16.00875,0.0,-6.344166666666673,0.0,-0.12649016119447098,-0.2318873660861625,13.514918016369837,0.0,-0.39000129699706676,-0.9099998474121094,0.375
2019-01-27,35.43958333333333,52187.583333333336,0.0,0,0.0,20.88999938964844,-13.646666666666668,14.96208333333334,-17.41583333333333,0.0,-19.293750000000003,0.0,10.712500000000006,0.0,-6.901666666666671,0.0,-1.4966666666666555,0.0,-0.10208473725715106,-1.0480296761500707,14.222707726969784,0.0,0.0,-0.39000129699706676,-0.9099998474121094
2019-01-28,50.40166666666667,64965.833333333336,0.0,0,0.0,20.549999237060547,14.96208333333334,9.786666666666662,-13.646666666666668,0.0,-17.41583333333333,0.0,-19.293750000000003,0.0,12.084583333333327,0.0,16.00875,0.0,0.24485230362905597,0.663565459792553,13.662654134029435,-0.3400001525878942,0.0,0.0,-0.39000129699706676
2019-01-29,60.18833333333333,65556.54166666667,0.0,0,0.0,20.584999084472656,9.786666666666662,-7.115416666666675,14.96208333333334,0.0,-13.646666666666668,0.0,-17.41583333333333,0.0,10.712500000000006,0.0,-6.901666666666671,0.0,0.009092599956387337,0.6978514357280172,13.928700322347147,0.034999847412109375,-0.3400001525878942,0.0,0.0
2019-01-30,53.07291666666666,65903.20833333333,0.0,0,0.0,20.18000030517578,-7.115416666666675,6.769583333333344,9.786666666666662,0.0,14.96208333333334,0.0,-13.646666666666668,0.0,-19.293750000000003,0.0,12.084583333333327,0.0,0.0052880560483092864,0.7024832627591833,14.129183125324921,-0.404998779296875,0.034999847412109375,-0.3400001525878942,0.0
2019-01-31,59.8425,65319.958333333336,0.0,0,0.0,19.850000381469727,6.769583333333344,-4.366666666666674,-7.115416666666675,0.0,9.786666666666662,0.0,14.96208333333334,0.0,-17.41583333333333,0.0,10.712500000000006,0.0,-0.008850100241705405,0.5713623101861341,13.233805157138844,-0.3299999237060547,-0.404998779296875,0.034999847412109375,-0.3400001525878942
2019-02-01,55.47583333333333,65500.125,0.0,0,0.0,19.299999237060547,-4.366666666666674,-5.282916666666658,6.769583333333344,0.0,-7.115416666666675,0.0,9.786666666666662,0.0,-13.646666666666668,0.0,-19.293750000000003,0.0,0.002758217721867684,0.5598557512006779,13.132207678850042,-0.5500011444091797,-0.3299999237060547,-0.404998779296875,0.034999847412109375
2019-02-02,50.19291666666667,55333.66666666666,0.0,0,0.0,19.299999237060547,-5.282916666666658,-3.4695833333333397,-4.366666666666674,0.0,6.769583333333344,0.0,-7.115416666666675,0.0,14.96208333333334,0.0,-17.41583333333333,0.0,-0.15521280811805083,-1.2016005202740594,12.372335197636309,0.0,-0.5500011444091797,-0.3299999237060547,-0.404998779296875
2019-02-03,46.72333333333333,52009.875,0.0,0,0.0,19.299999237060547,-3.4695833333333397,-2.672083333333326,-5.282916666666658,0.0,-4.366666666666674,0.0,6.769583333333344,0.0,9.786666666666662,0.0,-13.646666666666668,0.0,-0.060068162239986345,-1.6451248678690928,11.47092805990675,0.0,0.0,-0.5500011444091797,-0.3299999237060547
2019-02-04,44.05125,64526.708333333336,0.0,0,0.0,19.354999542236328,-2.672083333333326,9.737499999999997,-3.4695833333333397,0.0,-5.282916666666658,0.0,-4.366666666666674,0.0,-7.115416666666675,0.0,14.96208333333334,0.0,0.24066263057416193,0.3902328514693103,10.118151945701191,0.05500030517578125,0.0,0.0,-0.5500011444091797
2019-02-05,53.78875,66335.70833333333,0.0,0,0.0,19.13999938964844,9.737499999999997,-2.4712499999999977,-2.672083333333326,0.0,-3.4695833333333397,0.0,-5.282916666666658,0.0,6.769583333333344,0.0,9.786666666666662,0.0,0.02803490285999133,0.6561559788901129,9.195973066954288,-0.21500015258788707,0.05500030517578125,0.0,0.0
2019-02-06,51.3175,65603.83333333333,0.0,0,0.0,18.915000915527344,-2.4712499999999977,-6.768749999999997,9.737499999999997,0.0,-2.672083333333326,0.0,-3.4695833333333397,0.0,-4.366666666666674,0.0,-7.115416666666675,0.0,-0.011032896435240747,0.49844346740502493,7.873791816613769,-0.2249984741210973,-0.21500015258788707,0.05500030517578125,0.0
2019-02-07,44.548750000000005,66601.41666666667,0.0,0,0.0,18.90999984741211,-6.768749999999997,-2.932916666666671,-2.4712499999999977,0.0,9.737499999999997,0.0,-2.672083333333326,0.0,-5.282916666666658,0.0,6.769583333333344,0.0,0.015206174435945297,0.6801946214621636,6.680873008887394,-0.005001068115234375,-0.2249984741210973,-0.21500015258788707,0.05500030517578125
2019-02-08,41.615833333333335,65092.5,0.0,0,0.0,18.26499938964844,-2.932916666666671,-34.80791666666667,-6.768749999999997,0.0,-2.4712499999999977,0.0,9.737499999999997,0.0,-3.4695833333333397,0.0,-4.366666666666674,0.0,-0.022655924486090884,0.4155133805000282,5.612106169332925,-0.6450004577636683,-0.005001068115234375,-0.2249984741210973,-0.21500015258788707
2019-02-09,6.807916666666667,56858.16666666666,0.0,0,0.0,18.26499938964844,-34.80791666666667,21.217916666666664,-2.932916666666671,0.0,-6.768749999999997,0.0,-2.4712499999999977,0.0,-2.672083333333326,0.0,-5.282916666666658,0.0,-0.1265020291636263,-1.0467016713020454,11.85501432756581,0.0,-0.6450004577636683,-0.005001068115234375,-0.2249984741210973
2019-02-10,28.02583333333333,51502.125,0.0,0,0.0,18.26499938964844,21.217916666666664,3.9441666666666677,-34.80791666666667,0.0,-2.932916666666671,0.0,-6.768749999999997,0.0,9.737499999999997,0.0,-3.4695833333333397,0.0,-0.09420004162404094,-1.8295868887099265,14.07148419183675,0.0,0.0,-0.6450004577636683,-0.005001068115234375
2019-02-11,31.97,65508.04166666666,0.0,0,0.0,18.05500030517578,3.9441666666666677,14.765416666666674,21.217916666666664,0.0,-34.80791666666667,0.0,-2.932916666666671,0.0,-2.4712499999999977,0.0,-2.672083333333326,0.0,0.27194832575678496,0.5421442134363044,14.238157991331308,-0.2099990844726598,0.0,0.0,-0.6450004577636683
2019-02-12,46.73541666666667,65327.375,0.0,0,0.0,17.78499984741211,14.765416666666674,-1.35208333333334,3.9441666666666677,0.0,21.217916666666664,0.0,-34.80791666666667,0.0,-6.768749999999997,0.0,9.737499999999997,0.0,-0.002757931119143575,0.4601276408215826,15.160957156652898,-0.2700004577636719,-0.2099990844726598,0.0,0.0
2019-02-13,45.38333333333333,65564.04166666667,0.0,0,0.0,18.020000457763672,-1.35208333333334,3.707083333333337,14.765416666666674,0.0,3.9441666666666677,0.0,21.217916666666664,0.0,-2.932916666666671,0.0,-2.4712499999999977,0.0,0.0036227793733740743,0.5044179231870608,15.127229270465728,0.2350006103515625,-0.2700004577636719,-0.2099990844726598,0.0
2019-02-14,49.09041666666667,63967.708333333336,0.0,0,0.0,17.7549991607666,3.707083333333337,-1.4720833333333374,-1.35208333333334,0.0,14.765416666666674,0.0,3.9441666666666677,0.0,-34.80791666666667,0.0,-6.768749999999997,0.0,-0.02434769566905648,0.2308236324588069,15.142802712993067,-0.2650012969970703,0.2350006103515625,-0.2700004577636719,-0.2099990844726598
2019-02-15,47.61833333333333,62970.04166666666,0.0,0,0.0,18.100000381469727,-1.4720833333333374,-8.39875,3.707083333333337,0.0,-1.35208333333334,0.0,14.765416666666674,0.0,21.217916666666664,0.0,-2.932916666666671,0.0,-0.015596410949535233,0.06732073277063037,14.794219235218442,0.345001220703125,-0.2650012969970703,0.2350006103515625,-0.2700004577636719
2019-02-16,39.21958333333333,53574.04166666666,0.0,0,0.0,18.100000381469727,-8.39875,-0.16833333333332945,-1.4720833333333374,0.0,3.707083333333337,0.0,-1.35208333333334,0.0,3.9441666666666677,0.0,-34.80791666666667,0.0,-0.1492138126529745,-1.537425237023884,14.994160624256486,0.0,0.345001220703125,-0.2650012969970703,0.2350006103515625
2019-02-17,39.05125,48802.75,0.0,0,0.0,18.100000381469727,-0.16833333333332945,7.345833333333331,-8.39875,0.0,-1.4720833333333374,0.0,3.707083333333337,0.0,14.765416666666674,0.0,21.217916666666664,0.0,-0.08905976697358853,-2.112724192180777,14.867002025832635,0.0,0.0,0.345001220703125,-0.2650012969970703
2019-02-18,46.397083333333335,61487.25,0.0,0,0.0,18.100000381469727,7.345833333333331,-5.083750000000002,-0.16833333333332945,0.0,-8.39875,0.0,-1.4720833333333374,0.0,-1.35208333333334,0.0,3.9441666666666677,0.0,0.2599136319162343,-0.06093255634070154,15.038266839341912,0.0,0.0,0.0,0.345001220703125
2019-02-19,41.31333333333333,64211.458333333336,0.0,0,0.0,17.704999923706055,-5.083750000000002,4.289166666666667,7.345833333333331,0.0,-0.16833333333332945,0.0,-8.39875,0.0,3.707083333333337,0.0,14.765416666666674,0.0,0.04430525569664168,0.34308258387866075,9.023563809347944,-0.3950004577636719,0.0,0.0,0.0
2019-02-20,45.6025,63341.125,0.0,0,0.0,18.145000457763672,4.289166666666667,-2.3699999999999974,-5.083750000000002,0.0,7.345833333333331,0.0,-0.16833333333332945,0.0,-1.4720833333333374,0.0,-1.35208333333334,0.0,-0.01355417484548127,0.20080331619933284,6.575947369315913,0.4400005340576172,-0.3950004577636719,0.0,0.0
2019-02-21,43.2325,62980.125,0.0,0,0.0,17.520000457763672,-2.3699999999999974,3.970000000000006,4.289166666666667,0.0,-5.083750000000002,0.0,7.345833333333331,0.0,-8.39875,0.0,3.707083333333337,0.0,-0.005699298836261635,0.16858921903383556,6.645447347435039,-0.625,0.4400005340576172,-0.3950004577636719,0.0
2019-02-22,47.20250000000001,62155.625,0.0,0,0.0,17.229999542236328,3.970000000000006,-7.06333333333334,-2.3699999999999974,0.0,4.289166666666667,0.0,-5.083750000000002,0.0,-0.16833333333332945,0.0,-1.4720833333333374,0.0,-0.01309143162227766,0.05811721079403594,4.805826078007088,-0.29000091552734375,-0.625,0.4400005340576172,-0.3950004577636719
2019-02-23,40.13916666666667,53476.91666666666,0.0,0,0.0,17.229999542236328,-7.06333333333334,-0.14750000000000085,3.970000000000006,0.0,-2.3699999999999974,0.0,4.289166666666667,0.0,7.345833333333331,0.0,-8.39875,0.0,-0.1396286874009125,-1.4208083820111508,5.304064639995202,0.0,-0.29000091552734375,-0.625,0.4400005340576172
2019-02-24,39.99166666666667,48636.208333333336,0.0,0,0.0,17.229999542236328,-0.14750000000000085,4.422083333333333,-7.06333333333334,0.0,3.970000000000006,0.0,-2.3699999999999974,0.0,-5.083750000000002,0.0,-0.16833333333332945,0.0,-0.09051958555326811,-2.0460460658730026,5.098459549527101,0.0,0.0,-0.29000091552734375,-0.625
2019-02-25,44.41375,60291.41666666666,0.0,0,0.0,16.94499969482422,4.422083333333333,0.18833333333333258,-0.14750000000000085,0.0,-7.06333333333334,0.0,3.970000000000006,0.0,4.289166666666667,0.0,7.345833333333331,0.0,0.2396405627151923,-0.09494612068940643,5.360225838861287,-0.2849998474121094,0.0,0.0,-0.29000091552734375
2019-02-26,44.60208333333333,61674.25,0.0,0,0.0,17.045000076293945,0.18833333333333258,-0.39124999999999943,4.422083333333333,0.0,-0.14750000000000085,0.0,-7.06333333333334,0.0,-2.3699999999999974,0.0,-5.083750000000002,0.0,0.022935824198303756,0.08882523798981777,4.548680664438597,0.10000038146972656,-0.2849998474121094,0.0,0.0
2019-02-27,44.21083333333333,62010.75,0.0,0,0.0,17.614999771118164,-0.39124999999999943,-3.9504166666666762,0.18833333333333258,0.0,4.422083333333333,0.0,-0.14750000000000085,0.0,3.970000000000006,0.0,4.289166666666667,0.0,0.005456085805664479,0.16658983531030136,4.553072261212029,0.5699996948242188,0.10000038146972656,-0.2849998474121094,0.0
2019-02-28,40.26041666666666,61780.083333333336,0.0,0,0.0,17.815000534057617,-3.9504166666666762,5.5900000000000105,-0.39124999999999943,0.0,0.18833333333333258,0.0,4.422083333333333,0.0,-7.06333333333334,0.0,-2.3699999999999974,0.0,-0.0037197851447799968,0.14965675017790175,4.043032275974115,0.20000076293945312,0.5699996948242188,0.10000038146972656,-0.2849998474121094
2019-03-01,45.85041666666667,61411.458333333336,0.0,0,0.0,17.31999969482422,5.5900000000000105,-4.60125,-3.9504166666666762,0.0,-0.39124999999999943,0.0,0.18833333333333258,0.0,-0.14750000000000085,0.0,3.970000000000006,0.0,-0.005966728759673079,0.11199613943910246,4.139591110498081,-0.49500083923339844,0.20000076293945312,0.5699996948242188,0.10000038146972656
2019-03-02,41.24916666666667,52996.66666666666,0.0,0,0.0,17.31999969482422,-4.60125,-31.02583333333333,5.5900000000000105,0.0,-3.9504166666666762,0.0,-0.39124999999999943,0.0,4.422083333333333,0.0,-7.06333333333334,0.0,-0.13702315325248093,-1.3163390600821552,4.178833480680918,0.0,-0.49500083923339844,0.20000076293945312,0.5699996948242188
2019-03-03,10.223333333333334,49227.91666666666,0.0,0,0.0,17.31999969482422,-31.02583333333333,3.085416666666667,-4.60125,0.0,5.5900000000000105,0.0,-3.9504166666666762,0.0,0.18833333333333258,0.0,-0.14750000000000085,0.0,-0.07111296307943893,-1.8048798698019053,10.578195183539105,0.0,0.0,-0.49500083923339844,0.20000076293945312
2019-03-04,13.308750000000002,61059.91666666666,0.0,0,0.0,17.399999618530273,3.085416666666667,18.029583333333328,-31.02583333333333,0.0,-4.60125,0.0,5.5900000000000105,0.0,-0.39124999999999943,0.0,4.422083333333333,0.0,0.24035142661260966,0.17641075828917183,10.514142304391322,0.07999992370605469,0.0,0.0,-0.49500083923339844
2019-03-05,31.33833333333333,62546.29166666666,0.0,0,0.0,17.18000030517578,18.029583333333328,3.4308333333333394,3.085416666666667,0.0,-31.02583333333333,0.0,-4.60125,0.0,-3.9504166666666762,0.0,0.18833333333333258,0.0,0.024342892705116137,0.3836334475070912,12.370363576525655,-0.2199993133544922,0.07999992370605469,0.0,0.0
2019-03-06,34.76916666666667,62203.75,0.0,0,0.0,16.850000381469727,3.4308333333333394,-5.74666666666667,18.029583333333328,0.0,3.085416666666667,0.0,-31.02583333333333,0.0,5.5900000000000105,0.0,-0.39124999999999943,0.0,-0.0054766103239531905,0.3391891283799584,12.445436166461073,-0.3299999237060547,-0.2199993133544922,0.07999992370605469,0.0
2019-03-07,29.0225,62837.833333333336,0.0,0,0.0,16.8700008392334,-5.74666666666667,-2.6350000000000016,3.4308333333333394,0.0,18.029583333333328,0.0,3.085416666666667,0.0,-4.60125,0.0,-3.9504166666666762,0.0,0.010193651240211876,0.4815277417701831,12.41194622620884,0.020000457763671875,-0.3299999237060547,-0.2199993133544922,0.07999992370605469
2019-03-08,26.3875,61860.208333333336,0.0,0,0.0,16.729999542236328,-2.6350000000000016,-18.409166666666668,-5.74666666666667,0.0,3.4308333333333394,0.0,18.029583333333328,0.0,-31.02583333333333,0.0,5.5900000000000105,0.0,-0.015557904341068407,0.3315732362999032,12.400391529265923,-0.1400012969970703,0.020000457763671875,-0.3299999237060547,-0.2199993133544922
2019-03-09,7.978333333333333,53660.0,0.0,0,0.0,16.729999542236328,-18.409166666666668,9.530416666666667,-2.6350000000000016,0.0,-5.74666666666667,0.0,3.4308333333333394,0.0,3.085416666666667,0.0,-4.60125,0.0,-0.13256030903010485,-1.1082754663808563,13.435315943380614,0.0,-0.1400012969970703,0.020000457763671875,-0.3299999237060547
2019-03-10,17.50875,48695.833333333336,0.0,0,0.0,16.729999542236328,9.530416666666667,21.160416666666663,-18.409166666666668,0.0,-2.6350000000000016,0.0,-5.74666666666667,0.0,18.029583333333328,0.0,-31.02583333333333,0.0,-0.09251149211082121,-1.841473954603652,14.060615019344736,0.0,0.0,-0.1400012969970703,0.020000457763671875
2019-03-11,38.66916666666666,62286.54166666666,0.0,0,0.0,16.625,21.160416666666663,-2.0820833333333297,9.530416666666667,0.0,-18.409166666666668,0.0,-2.6350000000000016,0.0,3.4308333333333394,0.0,3.085416666666667,0.0,0.2790938649781807,0.5336337050103458,15.784767567576766,-0.10499954223632812,0.0,0.0,-0.1400012969970703
2019-03-12,36.58708333333333,62613.833333333336,0.0,0,0.0,16.209999084472656,-2.0820833333333297,-18.54,21.160416666666663,0.0,9.530416666666667,0.0,-18.409166666666668,0.0,-5.74666666666667,0.0,18.029583333333328,0.0,0.005254612921330892,0.5417877364078622,15.735935826289138,-0.41500091552734375,-0.10499954223632812,0.0,0.0
2019-03-13,18.047083333333333,64393.958333333336,0.0,0,0.0,15.725000381469728,-18.54,14.497500000000002,-2.0820833333333297,0.0,21.160416666666663,0.0,9.530416666666667,0.0,-2.6350000000000016,0.0,3.4308333333333394,0.0,0.028430219094289555,0.8787029439647472,13.35730656743707,-0.4849987030029279,-0.41500091552734375,-0.10499954223632812,0.0
2019-03-14,32.544583333333335,64667.375,0.0,0,0.0,15.604999542236328,14.497500000000002,-7.337500000000002,-18.54,0.0,-2.0820833333333297,0.0,21.160416666666663,0.0,-18.409166666666668,0.0,-5.74666666666667,0.0,0.004245998751176705,0.9367512526570141,14.04570253325829,-0.12000083923340021,-0.4849987030029279,-0.41500091552734375,-0.10499954223632812
2019-03-15,25.207083333333333,63476.125,0.0,0,0.0,15.25,-7.337500000000002,-7.987916666666667,14.497500000000002,0.0,-18.54,0.0,-2.0820833333333297,0.0,9.530416666666667,0.0,-2.6350000000000016,0.0,-0.018421189974078933,0.7392702469592961,13.070540980464095,-0.3549995422363281,-0.12000083923340021,-0.4849987030029279,-0.41500091552734375
2019-03-16,17.219166666666666,53301.083333333336,0.0,0,0.0,15.25,-7.987916666666667,-16.793333333333333,-7.337500000000002,0.0,14.497500000000002,0.0,-18.54,0.0,21.160416666666663,0.0,-18.409166666666668,0.0,-0.16029714584289234,-1.0814054578567502,13.176353152804001,0.0,-0.3549995422363281,-0.12000083923340021,-0.4849987030029279
2019-03-17,0.4258333333333333,49814.583333333336,0.0,0,0.0,15.25,-16.793333333333333,31.498333333333335,-7.987916666666667,0.0,-7.337500000000002,0.0,14.497500000000002,0.0,-2.0820833333333297,0.0,9.530416666666667,0.0,-0.06541142847315484,-1.58336656096818,13.986349392210542,0.0,0.0,-0.3549995422363281,-0.12000083923340021
2019-03-18,31.924166666666668,62143.625,0.0,0,0.0,14.979999542236328,31.498333333333335,13.411666666666665,-16.793333333333333,0.0,-7.987916666666667,0.0,-7.337500000000002,0.0,-18.54,0.0,21.160416666666663,0.0,0.24749864079294048,0.5642246265351081,17.715263250571176,-0.2700004577636719,0.0,0.0,-0.3549995422363281
2019-03-19,45.33583333333333,62384.958333333336,0.0,0,0.0,15.005000114440918,13.411666666666665,-3.8374999999999986,31.498333333333335,0.0,-16.793333333333333,0.0,-7.987916666666667,0.0,14.497500000000002,0.0,-2.0820833333333297,0.0,0.003883476918723927,0.5577623406166397,16.762913897128133,0.025000572204589844,-0.2700004577636719,0.0,0.0
2019-03-20,41.498333333333335,61795.875,0.0,0,0.0,15.21500015258789,-3.8374999999999986,-1.7066666666666777,13.411666666666665,0.0,31.498333333333335,0.0,-16.793333333333333,0.0,-7.337500000000002,0.0,-18.54,0.0,-0.009442714222645865,0.4433198335660787,16.782475565921636,0.21000003814697266,0.025000572204589844,-0.2700004577636719,0.0
2019-03-21,39.79166666666666,60908.79166666666,0.0,0,0.0,14.5649995803833,-1.7066666666666777,0.7791666666666757,-3.8374999999999986,0.0,13.411666666666665,0.0,31.498333333333335,0.0,-7.987916666666667,0.0,14.497500000000002,0.0,-0.01435505741011589,0.29948081875499605,15.44681507235813,-0.6500005722045898,0.21000003814697266,0.025000572204589844,-0.2700004577636719
2019-03-22,40.57083333333333,59263.54166666666,0.0,0,0.0,14.454999923706056,0.7791666666666757,-4.962083333333332,-1.7066666666666777,0.0,-3.8374999999999986,0.0,13.411666666666665,0.0,-16.793333333333333,0.0,-7.337500000000002,0.0,-0.027011699870913564,0.008767541123785158,15.428141195818196,-0.10999965667724432,-0.6500005722045898,0.21000003814697266,0.025000572204589844
2019-03-23,35.60875,50762.083333333336,0.0,0,0.0,14.454999923706056,-4.962083333333332,-2.145000000000003,0.7791666666666757,0.0,-1.7066666666666777,0.0,-3.8374999999999986,0.0,31.498333333333335,0.0,-7.987916666666667,0.0,-0.14345174274515304,-1.5163560970617027,14.118090642958007,0.0,-0.10999965667724432,-0.6500005722045898,0.21000003814697266
2019-03-24,33.46375,46428.41666666666,0.0,0,0.0,14.454999923706056,-2.145000000000003,-1.1779166666666612,-4.962083333333332,0.0,0.7791666666666757,0.0,-1.7066666666666777,0.0,13.411666666666665,0.0,-16.793333333333333,0.0,-0.08537211993860272,-2.070767043460915,13.412533923535873,0.0,0.0,-0.10999965667724432,-0.6500005722045898
2019-03-25,32.285833333333336,60373.04166666666,0.0,0,0.0,14.1850004196167,-1.1779166666666612,4.212499999999999,-2.145000000000003,0.0,-4.962083333333332,0.0,0.7791666666666757,0.0,-3.8374999999999986,0.0,31.498333333333335,0.0,0.3003467703866707,0.3276539504410722,13.172727694636865,-0.26999950408935725,0.0,0.0,-0.10999965667724432
2019-03-26,36.498333333333335,61607.5,0.0,0,0.0,14.385000228881836,4.212499999999999,3.6941666666666677,-1.1779166666666612,0.0,-2.145000000000003,0.0,-4.962083333333332,0.0,-1.7066666666666777,0.0,13.411666666666665,0.0,0.020447178065817306,0.49480387445111174,12.83860230039775,0.19999980926513672,-0.26999950408935725,0.0,0.0
2019-03-27,40.1925,61035.75,0.0,0,0.0,14.994999885559082,3.6941666666666677,2.1312499999999943,4.212499999999999,0.0,-1.1779166666666612,0.0,-2.145000000000003,0.0,0.7791666666666757,0.0,-3.8374999999999986,0.0,-0.00928052590999473,0.3831808129180349,11.025868840166572,0.6099996566772461,0.19999980926513672,-0.26999950408935725,0.0
2019-03-28,42.32375,60188.04166666666,0.0,0,0.0,14.43000030517578,2.1312499999999943,-2.4712499999999977,3.6941666666666677,0.0,4.212499999999999,0.0,-1.1779166666666612,0.0,-4.962083333333332,0.0,-1.7066666666666777,0.0,-0.013888718223882601,0.2356628804780772,5.310878995429108,-0.5649995803833026,0.6099996566772461,0.19999980926513672,-0.26999950408935725
2019-03-29,39.8525,58246.41666666666,0.0,0,0.0,14.21500015258789,-2.4712499999999977,-4.810000000000002,2.1312499999999943,0.0,3.6941666666666677,0.0,4.212499999999999,0.0,-2.145000000000003,0.0,0.7791666666666757,0.0,-0.032259315077122874,-0.1036685088686114,3.1250179382202137,-0.21500015258788885,-0.5649995803833026,0.6099996566772461,0.19999980926513672
2019-03-30,35.0425,49539.625,0.0,0,0.0,14.21500015258789,-4.810000000000002,-6.662023809523806,-2.4712499999999977,0.0,2.1312499999999943,0.0,3.6941666666666677,0.0,-1.1779166666666612,0.0,-4.962083333333332,0.0,-0.14948201391501892,-1.5924608081864418,3.251328682579029,0.0,-0.21500015258788885,-0.5649995803833026,0.6099996566772461
2019-03-31,28.38047619047619,46605.739130434784,0.0,0,0.0,14.21500015258789,-6.662023809523806,9.627440476190475,-4.810000000000002,0.0,-2.4712499999999977,0.0,2.1312499999999943,0.0,4.212499999999999,0.0,-2.145000000000003,0.0,-0.05922301328613644,-1.9054535049722638,3.7676450873985883,0.0,0.0,-0.21500015258788885,-0.5649995803833026
2019-04-01,38.00791666666667,58013.208333333336,0.0,0,0.0,13.845000267028809,9.627440476190475,-4.156666666666666,-6.662023809523806,0.0,-4.810000000000002,0.0,-2.4712499999999977,0.0,3.6941666666666677,0.0,-1.1779166666666612,0.0,0.24476533181831184,-0.008801951490110524,5.079386747694569,-0.36999988555908203,0.0,0.0,-0.21500015258788885
2019-04-02,33.85125,60729.79166666666,0.0,0,0.0,13.454999923706056,-4.156666666666666,8.38666666666667,9.627440476190475,0.0,-6.662023809523806,0.0,-4.810000000000002,0.0,2.1312499999999943,0.0,4.212499999999999,0.0,0.046826979775438815,0.405497527238055,5.002278457793653,-0.39000034332275213,-0.36999988555908203,0.0,0.0
2019-04-03,42.23791666666667,60225.5,0.0,0,0.0,14.1899995803833,8.38666666666667,-0.22166666666667112,-4.156666666666666,0.0,9.627440476190475,0.0,-6.662023809523806,0.0,-2.4712499999999977,0.0,3.6941666666666677,0.0,-0.008303859651530021,0.32146380108293443,5.612986343759655,0.7349996566772443,-0.39000034332275213,-0.36999988555908203,0.0
2019-04-04,42.01625,60706.833333333336,0.0,0,0.0,14.80500030517578,-0.22166666666667112,0.2666666666666657,8.38666666666667,0.0,-4.156666666666666,0.0,9.627440476190475,0.0,-4.810000000000002,0.0,2.1312499999999943,0.0,0.007992184927204216,0.42084644173115127,5.5821410559165425,0.6150007247924787,0.7349996566772443,-0.39000034332275213,-0.36999988555908203
2019-04-05,42.282916666666665,60025.083333333336,0.0,0,0.0,16.635000228881836,0.2666666666666657,-3.9512499999999946,-0.22166666666667112,0.0,8.38666666666667,0.0,-4.156666666666666,0.0,-6.662023809523806,0.0,-2.4712499999999977,0.0,-0.01123020198165503,0.3137828634165114,5.465961379209814,1.8299999237060565,0.6150007247924787,0.7349996566772443,-0.39000034332275213
2019-04-06,38.33166666666667,49960.25,0.0,0,0.0,16.635000228881836,-3.9512499999999946,-0.3508333333333411,0.2666666666666657,0.0,-0.22166666666667112,0.0,8.38666666666667,0.0,9.627440476190475,0.0,-4.810000000000002,0.0,-0.1676771238690492,-1.3918651012667602,5.5161982052566625,0.0,1.8299999237060565,0.6150007247924787,0.7349996566772443
2019-04-07,37.98083333333333,45451.75,0.0,0,0.0,16.635000228881836,-0.3508333333333411,6.420833333333341,-3.9512499999999946,0.0,0.2666666666666657,0.0,-0.22166666666667112,0.0,-4.156666666666666,0.0,-6.662023809523806,0.0,-0.09024174218503711,-1.9592207175405916,5.45585331725328,0.0,0.0,1.8299999237060565,0.6150007247924787
2019-04-08,44.40166666666667,57850.083333333336,0.0,0,0.0,15.96500015258789,6.420833333333341,-2.408750000000005,-0.3508333333333411,0.0,-3.9512499999999946,0.0,0.2666666666666657,0.0,8.38666666666667,0.0,9.627440476190475,0.0,0.2727801093100559,0.06655496961325336,5.800705356416648,-0.6700000762939453,0.0,0.0,1.8299999237060565
2019-04-09,41.992916666666666,60199.458333333336,0.0,0,0.0,16.7549991607666,-2.408750000000005,0.8241666666666632,6.420833333333341,0.0,-0.3508333333333411,0.0,-3.9512499999999946,0.0,-0.22166666666667112,0.0,-4.156666666666666,0.0,0.04061143674526546,0.4080152020091378,5.604941101903157,0.7899990081787109,-0.6700000762939453,0.0,0.0
2019-04-10,42.81708333333333,60334.333333333336,0.0,0,0.0,15.729999542236328,0.8241666666666632,1.9241666666666717,-2.408750000000005,0.0,6.420833333333341,0.0,-0.3508333333333411,0.0,0.2666666666666657,0.0,8.38666666666667,0.0,0.0022404686642389926,0.4456355959965086,4.977998692718024,-1.0249996185302734,0.7899990081787109,-0.6700000762939453,0.0
2019-04-11,44.74125,60033.29166666666,0.0,0,0.0,15.994999885559082,1.9241666666666717,0.16041666666666998,0.8241666666666632,0.0,-2.408750000000005,0.0,6.420833333333341,0.0,-3.9512499999999946,0.0,-0.22166666666667112,0.0,-0.004989558184118725,0.41229498924627495,4.087199950289022,0.2650003433227539,-1.0249996185302734,0.7899990081787109,-0.6700000762939453
2019-04-12,44.90166666666667,59618.29166666666,0.0,0,0.0,15.854999542236328,0.16041666666666998,-3.4850000000000136,1.9241666666666717,0.0,0.8241666666666632,0.0,-2.408750000000005,0.0,-0.3508333333333411,0.0,0.2666666666666657,0.0,-0.006912831005573938,0.3759137271275282,3.7329954245742893,-0.1400003433227539,0.2650003433227539,-1.0249996185302734,0.7899990081787109
2019-04-13,41.41666666666666,51679.0,0.0,0,0.0,15.854999542236328,-3.4850000000000136,-4.166666666666657,0.16041666666666998,0.0,1.9241666666666717,0.0,0.8241666666666632,0.0,6.420833333333341,0.0,-3.9512499999999946,0.0,-0.13316872128869828,-0.9831612787651426,2.9696626534133075,0.0,-0.1400003433227539,0.2650003433227539,-1.0249996185302734
2019-04-14,37.25,47493.54166666666,0.0,0,0.0,15.854999542236328,-4.166666666666657,4.578749999999999,-3.4850000000000136,0.0,0.16041666666666998,0.0,1.9241666666666717,0.0,-2.408750000000005,0.0,-0.3508333333333411,0.0,-0.0809895379812563,-1.6081303274190903,3.2399892442499763,0.0,0.0,-0.1400003433227539,0.2650003433227539
2019-04-15,41.82875,57906.29166666666,0.0,0,0.0,15.010000228881836,4.578749999999999,-0.21291666666666487,-4.166666666666657,0.0,-3.4850000000000136,0.0,0.16041666666666998,0.0,0.8241666666666632,0.0,6.420833333333341,0.0,0.21924559918234499,0.21320570087316365,3.6151333208430545,-0.8449993133544922,0.0,0.0,-0.1400003433227539
2019-04-16,41.615833333333335,60052.66666666666,0.0,0,0.0,14.835000038146973,-0.21291666666666487,-0.8075000000000045,4.578749999999999,0.0,-4.166666666666657,0.0,-3.4850000000000136,0.0,1.9241666666666717,0.0,-2.408750000000005,0.0,0.03706635217387855,0.5472403072565072,3.3499205456305434,-0.17500019073486328,-0.8449993133544922,0.0,0.0
2019-04-17,40.80833333333333,59423.833333333336,0.0,0,0.0,15.19499969482422,-0.8075000000000045,0.033333333333338544,-0.21291666666666487,0.0,4.578749999999999,0.0,-4.166666666666657,0.0,0.16041666666666998,0.0,0.8241666666666632,0.0,-0.010471364024911223,0.45447565712100135,3.363295021668242,0.35999965667724787,-0.17500019073486328,-0.8449993133544922,0.0
2019-04-18,40.84166666666667,57350.458333333336,0.0,0,0.0,14.460000038146973,0.033333333333338544,-7.001666666666665,-0.8075000000000045,0.0,-0.21291666666666487,0.0,4.578749999999999,0.0,-3.4850000000000136,0.0,1.9241666666666717,0.0,-0.034891303433246534,0.10464121202560059,2.5843956238821737,-0.7349996566772479,0.35999965667724787,-0.17500019073486328,-0.8449993133544922
2019-04-19,33.84,44584.833333333336,0.0,0,0.0,14.460000038146973,-7.001666666666665,0.6766666666666623,0.033333333333338544,0.0,-0.8075000000000045,0.0,-0.21291666666666487,0.0,-4.166666666666657,0.0,0.16041666666666998,0.0,-0.22258976424919585,-2.048689935154316,3.299049041397669,0.0,-0.7349996566772479,0.35999965667724787,-0.17500019073486328
2019-04-20,34.516666666666666,43673.083333333336,0.0,0,0.0,14.460000038146973,0.6766666666666623,-2.9191666666666656,-7.001666666666665,0.0,0.033333333333338544,0.0,-0.8075000000000045,0.0,4.578749999999999,0.0,-3.4850000000000136,0.0,-0.020449779259763212,-1.9794210675931938,3.291225060918951,0.0,0.0,-0.7349996566772479,0.35999965667724787
2019-04-21,31.5975,39376.583333333336,0.0,0,0.0,14.460000038146973,-2.9191666666666656,-45.60625,0.6766666666666623,0.0,-7.001666666666665,0.0,0.033333333333338544,0.0,-0.21291666666666487,0.0,-4.166666666666657,0.0,-0.09837867336288364,-2.3314824587737277,3.1958732689209786,0.0,0.0,0.0,-0.7349996566772479
2019-04-22,-14.00875,41838.91666666666,0.0,0,0.0,14.460000038146973,-45.60625,28.759999999999998,-2.9191666666666656,0.0,0.6766666666666623,0.0,-7.001666666666665,0.0,-0.8075000000000045,0.0,4.578749999999999,0.0,0.0625329351835584,-1.815719849863968,14.306404379145922,0.0,0.0,0.0,0.0
2019-04-23,14.75125,56348.958333333336,0.0,0,0.0,14.420000076293944,28.759999999999998,19.950000000000003,-45.60625,0.0,-2.9191666666666656,0.0,0.6766666666666623,0.0,0.033333333333338544,0.0,-0.21291666666666487,0.0,0.3468072986274744,0.19306505345907943,18.05236366770643,-0.03999996185302912,0.0,0.0,0.0
2019-04-24,34.70125,57799.91666666666,0.0,0,0.0,14.265000343322754,19.950000000000003,4.609999999999999,28.759999999999998,0.0,-45.60625,0.0,-2.9191666666666656,0.0,-7.001666666666665,0.0,-0.8075000000000045,0.0,0.025749514742582358,0.418818547999352,19.390967905340414,-0.15499973297118963,-0.03999996185302912,0.0,0.0
2019-04-25,39.31125,58040.0,0.0,0,0.0,14.53499984741211,4.609999999999999,4.229999999999997,19.950000000000003,0.0,28.759999999999998,0.0,-45.60625,0.0,0.6766666666666623,0.0,0.033333333333338544,0.0,0.004153696876725732,0.4774445875277104,19.391835931712855,0.26999950408935547,-0.15499973297118963,-0.03999996185302912,0.0
2019-04-26,43.54125,57781.833333333336,0.0,0,0.0,14.425000190734863,4.229999999999997,-11.553749999999997,4.609999999999999,0.0,19.950000000000003,0.0,28.759999999999998,0.0,-2.9191666666666656,0.0,-7.001666666666665,0.0,-0.004448081782678526,0.46059571822931095,19.44365172436682,-0.1099996566772461,0.26999950408935547,-0.15499973297118963,-0.03999996185302912
2019-04-27,31.9875,48730.91666666666,0.0,0,0.0,14.425000190734863,-11.553749999999997,3.1050000000000004,4.229999999999997,0.0,4.609999999999999,0.0,19.950000000000003,0.0,-45.60625,0.0,0.6766666666666623,0.0,-0.1566394858822412,-0.8357357926720097,19.798786234074885,0.0,-0.1099996566772461,0.26999950408935547,-0.15499973297118963
2019-04-28,35.0925,45153.04166666666,0.0,0,0.0,14.425000190734863,3.1050000000000004,8.060833333333335,-11.553749999999997,0.0,4.229999999999997,0.0,4.609999999999999,0.0,28.759999999999998,0.0,-2.9191666666666656,0.0,-0.07342104858141052,-1.2748670542522726,19.838354432500363,0.0,0.0,-0.1099996566772461,0.26999950408935547
2019-04-29,43.153333333333336,58117.583333333336,0.0,0,0.0,14.524999618530272,8.060833333333335,-0.2845833333333374,3.1050000000000004,0.0,-11.553749999999997,0.0,4.229999999999997,0.0,19.950000000000003,0.0,-45.60625,0.0,0.28712443698421963,0.5770965619804207,19.867975155959904,0.09999942779540838,0.0,0.0,-0.1099996566772461
2019-04-30,42.86875,57303.41666666666,0.0,0,0.0,14.390000343322754,-0.2845833333333374,-17.397916666666667,8.060833333333335,0.0,3.1050000000000004,0.0,-11.553749999999997,0.0,4.609999999999999,0.0,28.759999999999998,0.0,-0.014008955981480331,0.4138222754451137,19.87166919470329,-0.13499927520751775,0.09999942779540838,0.0,0.0
2019-05-01,25.47083333333333,45038.54166666666,0.0,0,0.0,14.05500030517578,-17.397916666666667,12.470833333333339,-0.2845833333333374,0.0,8.060833333333335,0.0,3.1050000000000004,0.0,4.229999999999997,0.0,19.950000000000003,0.0,-0.21403392177022607,-1.3137644658100947,20.686380986109427,-0.33500003814697443,-0.13499927520751775,0.09999942779540838,0.0
2019-05-02,37.94166666666667,57001.79166666666,0.0,0,0.0,14.364999771118164,12.470833333333339,2.7537499999999966,-17.397916666666667,0.0,-0.2845833333333374,0.0,8.060833333333335,0.0,-11.553749999999997,0.0,4.609999999999999,0.0,0.2656224992483289,0.4457059384845432,13.584296059739643,0.3099994659423846,-0.33500003814697443,-0.13499927520751775,0.09999942779540838
2019-05-03,40.69541666666667,57948.16666666666,0.0,0,0.0,14.5649995803833,2.7537499999999966,-1.1820833333333383,12.470833333333339,0.0,-17.397916666666667,0.0,-0.2845833333333374,0.0,3.1050000000000004,0.0,4.229999999999997,0.0,0.016602548311712484,0.6012766526469221,10.769390959730226,0.19999980926513672,0.3099994659423846,-0.33500003814697443,-0.13499927520751775
2019-05-04,39.51333333333333,50124.208333333336,0.0,0,0.0,14.5649995803833,-1.1820833333333383,-9.025833333333328,2.7537499999999966,0.0,12.470833333333339,0.0,-17.397916666666667,0.0,8.060833333333335,0.0,-11.553749999999997,0.0,-0.13501649462594423,-0.5138601135119073,8.895736929068262,0.0,0.19999980926513672,0.3099994659423846,-0.33500003814697443
2019-05-05,30.4875,46251.333333333336,0.0,0,0.0,14.5649995803833,-9.025833333333328,13.799583333333334,-1.1820833333333383,0.0,2.7537499999999966,0.0,12.470833333333339,0.0,-0.2845833333333374,0.0,3.1050000000000004,0.0,-0.07726555947267666,-1.025302506737128,9.231290659468147,0.0,0.0,0.19999980926513672,0.3099994659423846
2019-05-06,44.287083333333335,59311.125,0.0,0,0.0,14.335000038146973,13.799583333333334,6.181666666666665,-9.025833333333328,0.0,-1.1820833333333383,0.0,2.7537499999999966,0.0,-17.397916666666667,0.0,8.060833333333335,0.0,0.2823657336004728,0.8792809168226228,10.258960175811652,-0.22999954223632812,0.0,0.0,0.19999980926513672
2019-05-07,50.46875,59698.04166666666,0.0,0,0.0,14.154999732971191,6.181666666666665,-10.995416666666664,13.799583333333334,0.0,-9.025833333333328,0.0,-1.1820833333333383,0.0,12.470833333333339,0.0,-0.2845833333333374,0.0,0.006523509150545559,0.8763108348208025,9.53263520343051,-0.18000030517578125,-0.22999954223632812,0.0,0.0
2019-05-08,39.473333333333336,60181.79166666666,0.0,0,0.0,14.31999969482422,-10.995416666666664,5.779999999999994,6.181666666666665,0.0,13.799583333333334,0.0,-9.025833333333328,0.0,2.7537499999999966,0.0,-17.397916666666667,0.0,0.008103280886517128,0.9287675041408013,10.335133488658752,0.16499996185302912,-0.18000030517578125,-0.22999954223632812,0.0
2019-05-09,45.25333333333333,59582.79166666666,0.0,0,0.0,14.454999923706056,5.779999999999994,-0.45958333333332746,-10.995416666666664,0.0,6.181666666666665,0.0,13.799583333333334,0.0,-1.1820833333333383,0.0,12.470833333333339,0.0,-0.009953176590649315,0.8449834790707313,10.172099062835375,0.13500022888183594,0.16499996185302912,-0.18000030517578125,-0.22999954223632812
2019-05-10,44.79375,58511.333333333336,0.0,0,0.0,13.994999885559082,-0.45958333333332746,-7.186250000000001,5.779999999999994,0.0,-10.995416666666664,0.0,6.181666666666665,0.0,-9.025833333333328,0.0,2.7537499999999966,0.0,-0.01798268096143507,0.6994564256312681,10.173194957358904,-0.46000003814697443,0.13500022888183594,0.16499996185302912,-0.18000030517578125
2019-05-11,37.6075,49619.458333333336,0.0,0,0.0,13.994999885559082,-7.186250000000001,-18.18291666666667,-0.45958333333332746,0.0,5.779999999999994,0.0,-10.995416666666664,0.0,13.799583333333334,0.0,-1.1820833333333383,0.0,-0.15196842207207717,-0.592413167375119,8.602586434118637,0.0,-0.46000003814697443,0.13500022888183594,0.16499996185302912
2019-05-12,19.42458333333333,45373.208333333336,0.0,0,0.0,13.994999885559082,-18.18291666666667,19.810000000000002,-7.186250000000001,0.0,-0.45958333333332746,0.0,5.779999999999994,0.0,6.181666666666665,0.0,-9.025833333333328,0.0,-0.0855763070099348,-1.1552604872588146,9.554398899331492,0.0,0.0,-0.46000003814697443,0.13500022888183594
2019-05-13,39.23458333333333,57057.5,0.0,0,0.0,13.760000228881836,19.810000000000002,1.771250000000002,-18.18291666666667,0.0,-7.186250000000001,0.0,-0.45958333333332746,0.0,-10.995416666666664,0.0,13.799583333333334,0.0,0.25751521869091243,0.5746490776368417,11.74027559774947,-0.2349996566772461,0.0,0.0,-0.46000003814697443
2019-05-14,41.005833333333335,58850.66666666666,0.0,0,0.0,13.78499984741211,1.771250000000002,-0.15500000000000824,19.810000000000002,0.0,-18.18291666666667,0.0,-7.186250000000001,0.0,5.779999999999994,0.0,6.181666666666665,0.0,0.03142736128758994,0.7882802434019756,11.748462279206011,0.024999618530273438,-0.2349996566772461,0.0,0.0
2019-05-15,40.85083333333333,59552.91666666666,0.0,0,0.0,13.854999542236328,-0.15500000000000824,-1.1233333333333277,1.771250000000002,0.0,19.810000000000002,0.0,-18.18291666666667,0.0,-0.45958333333332746,0.0,-10.995416666666664,0.0,0.011932745026960845,0.8797614651907179,11.305252165940148,0.06999969482421875,0.024999618530273438,-0.2349996566772461,0.0
2019-05-16,39.7275,60429.083333333336,0.0,0,0.0,13.385000228881836,-1.1233333333333277,3.2250000000000085,-0.15500000000000824,0.0,1.771250000000002,0.0,19.810000000000002,0.0,-7.186250000000001,0.0,5.779999999999994,0.0,0.014712405633645398,1.006692665424799,10.380391794061817,-0.4699993133544922,0.06999969482421875,0.024999618530273438,-0.2349996566772461
2019-05-17,42.95250000000001,58824.375,0.0,0,0.0,12.854999542236328,3.2250000000000085,-5.762916666666676,-1.1233333333333277,0.0,-0.15500000000000824,0.0,1.771250000000002,0.0,-18.18291666666667,0.0,-0.45958333333332746,0.0,-0.026555232097127623,0.7726547236284323,10.21105068604797,-0.5300006866455078,-0.4699993133544922,0.06999969482421875,0.024999618530273438
2019-05-18,37.18958333333333,48297.54166666666,0.0,0,0.0,12.854999542236328,-5.762916666666676,-1.8274999999999935,3.2250000000000085,0.0,-1.1233333333333277,0.0,-0.15500000000000824,0.0,19.810000000000002,0.0,-7.186250000000001,0.0,-0.17895359420875012,-0.7502447671547436,9.751523390109648,0.0,-0.5300006866455078,-0.4699993133544922,0.06999969482421875
2019-05-19,35.36208333333334,44107.91666666666,0.0,0,0.0,12.854999542236328,-1.8274999999999935,10.928749999999994,-5.762916666666676,0.0,3.2250000000000085,0.0,-1.1233333333333277,0.0,1.771250000000002,0.0,-18.18291666666667,0.0,-0.08674613355924776,-1.3659504398631486,9.524816130337868,0.0,0.0,-0.5300006866455078,-0.4699993133544922
2019-05-20,46.29083333333333,57419.04166666666,0.0,0,0.0,12.904999732971191,10.928749999999994,-3.0033333333333303,-1.8274999999999935,0.0,-5.762916666666676,0.0,3.2250000000000085,0.0,-0.15500000000000824,0.0,19.810000000000002,0.0,0.3017853937785169,0.5552935502397709,10.248495918797483,0.05000019073486328,0.0,0.0,-0.5300006866455078
2019-05-21,43.2875,59872.29166666666,0.0,0,0.0,12.704999923706056,-3.0033333333333303,-3.2025000000000006,10.928749999999994,0.0,-1.8274999999999935,0.0,-5.762916666666676,0.0,-1.1233333333333277,0.0,1.771250000000002,0.0,0.04272537347874583,0.8954982263478618,9.998114962763859,-0.19999980926513494,0.05000019073486328,0.0,0.0
2019-05-22,40.085,59305.208333333336,0.0,0,0.0,12.649999618530272,-3.2025000000000006,0.586666666666666,-3.0033333333333303,0.0,10.928749999999994,0.0,-1.8274999999999935,0.0,3.2250000000000085,0.0,-0.15500000000000824,0.0,-0.00947154881744805,0.7596109518632955,7.744813542959004,-0.0550003051757848,-0.19999980926513494,0.05000019073486328,0.0
2019-05-23,40.67166666666667,58388.083333333336,0.0,0,0.0,12.595000267028809,0.586666666666666,-0.21000000000000085,-3.2025000000000006,0.0,-3.0033333333333303,0.0,10.928749999999994,0.0,-5.762916666666676,0.0,-1.1233333333333277,0.0,-0.01546449335183464,0.5806085481553375,4.5974155777146715,-0.05499935150146307,-0.0550003051757848,-0.19999980926513494,0.05000019073486328
2019-05-24,40.461666666666666,57567.91666666666,0.0,0,0.0,12.25,-0.21000000000000085,-3.7862499999999955,0.586666666666666,0.0,-3.2025000000000006,0.0,-3.0033333333333303,0.0,-1.8274999999999935,0.0,3.2250000000000085,0.0,-0.014046816059784084,0.4364469218905824,4.562038439362691,-0.3450002670288086,-0.05499935150146307,-0.0550003051757848,-0.19999980926513494
2019-05-25,36.67541666666667,47777.91666666666,0.0,0,0.0,12.25,-3.7862499999999955,-15.076666666666672,-0.21000000000000085,0.0,0.586666666666666,0.0,-3.2025000000000006,0.0,10.928749999999994,0.0,-5.762916666666676,0.0,-0.17006000159232215,-1.2169930454726516,4.712956348249983,0.0,-0.3450002670288086,-0.05499935150146307,-0.0550003051757848
2019-05-26,21.59875,44168.875,0.0,0,0.0,12.25,-15.076666666666672,13.752500000000001,-3.7862499999999955,0.0,-0.21000000000000085,0.0,0.586666666666666,0.0,-3.0033333333333303,0.0,-1.8274999999999935,0.0,-0.07553786180854105,-1.6826639330376822,6.623442128299271,0.0,0.0,-0.3450002670288086,-0.05499935150146307
2019-05-27,35.35125,56989.875,0.0,0,0.0,12.25,13.752500000000001,7.981250000000003,-15.076666666666672,0.0,-3.7862499999999955,0.0,-0.21000000000000085,0.0,-3.2025000000000006,0.0,10.928749999999994,0.0,0.2902722788388883,0.40221634913305043,8.169372064760248,0.0,0.0,0.0,-0.3450002670288086
2019-05-28,43.3325,58038.5,0.0,0,0.0,12.520000457763672,7.981250000000003,-1.5762500000000017,13.752500000000001,0.0,-15.076666666666672,0.0,-3.7862499999999955,0.0,0.586666666666666,0.0,-3.0033333333333303,0.0,0.018400198280835056,0.5278463878863803,8.387432795470525,0.2700004577636719,0.0,0.0,0.0
2019-05-29,41.75625,56781.625,0.0,0,0.0,12.225000381469728,-1.5762500000000017,-25.66166666666667,7.981250000000003,0.0,13.752500000000001,0.0,-15.076666666666672,0.0,-0.21000000000000085,0.0,-3.2025000000000006,0.0,-0.02165588359451054,0.31668117535941936,8.37967828658887,-0.29500007629394354,0.2700004577636719,0.0,0.0
2019-05-30,16.094583333333333,46122.54166666666,0.0,0,0.0,11.475000381469728,-25.66166666666667,19.710416666666667,-1.5762500000000017,0.0,7.981250000000003,0.0,13.752500000000001,0.0,-3.7862499999999955,0.0,0.586666666666666,0.0,-0.18772064613038708,-1.4387580821839947,10.974525140620655,-0.75,-0.29500007629394354,0.2700004577636719,0.0
2019-05-31,35.805,50247.958333333336,0.0,0,0.0,11.204999923706056,19.710416666666667,-5.842083333333331,-25.66166666666667,0.0,-1.5762500000000017,0.0,7.981250000000003,0.0,-15.076666666666672,0.0,-0.21000000000000085,0.0,0.08944469488437079,-0.7982132096158266,13.119217894214,-0.2700004577636719,-0.75,-0.29500007629394354,0.2700004577636719
2019-06-01,29.96291666666667,47048.16666666666,0.0,0,0.0,11.204999923706056,-5.842083333333331,-8.095416666666669,19.710416666666667,0.0,-25.66166666666667,0.0,-1.5762500000000017,0.0,13.752500000000001,0.0,-3.7862499999999955,0.0,-0.06368003343419448,-1.2688256175454393,13.200387024421753,0.0,-0.2700004577636719,-0.75,-0.29500007629394354
2019-06-02,21.8675,43903.91666666666,0.0,0,0.0,11.204999923706056,-8.095416666666669,15.035416666666663,-5.842083333333331,0.0,19.710416666666667,0.0,-25.66166666666667,0.0,7.981250000000003,0.0,-15.076666666666672,0.0,-0.06683044681160089,-1.652059355186765,13.367994698274194,0.0,0.0,-0.2700004577636719,-0.75
2019-06-03,36.90291666666666,57661.125,0.0,0,0.0,11.100000381469728,15.035416666666663,2.089166666666671,-8.095416666666669,0.0,-5.842083333333331,0.0,19.710416666666667,0.0,-1.5762500000000017,0.0,13.752500000000001,0.0,0.313348087775009,0.5631612806964393,14.408494380686957,-0.10499954223632812,0.0,0.0,-0.2700004577636719
2019-06-04,38.99208333333333,58886.04166666666,0.0,0,0.0,11.90999984741211,2.089166666666671,-1.0625,15.035416666666663,0.0,-8.095416666666669,0.0,-5.842083333333331,0.0,-25.66166666666667,0.0,7.981250000000003,0.0,0.021243370930876804,0.710959584124476,14.372818083200606,0.809999465942381,-0.10499954223632812,0.0,0.0
2019-06-05,37.92958333333333,59892.16666666666,0.0,0,0.0,11.600000381469728,-1.0625,-1.4495833333333366,2.089166666666671,0.0,15.035416666666663,0.0,-8.095416666666669,0.0,19.710416666666667,0.0,-1.5762500000000017,0.0,0.017085967599848484,0.8742362478762281,13.362015849479034,-0.30999946594238104,0.809999465942381,-0.10499954223632812,0.0
2019-06-06,36.48,59155.625,0.0,0,0.0,11.104999542236328,-1.4495833333333366,1.1304166666666688,-1.0625,0.0,2.089166666666671,0.0,15.035416666666663,0.0,-5.842083333333331,0.0,-25.66166666666667,0.0,-0.012297796317270016,0.7558063232182297,12.677203721315847,-0.4950008392334002,-0.30999946594238104,0.809999465942381,-0.10499954223632812
2019-06-07,37.610416666666666,56301.75,0.0,0,0.0,11.520000457763672,1.1304166666666688,-79.85,-1.4495833333333366,0.0,-1.0625,0.0,2.089166666666671,0.0,-8.095416666666669,0.0,19.710416666666667,0.0,-0.04824351023254336,0.3025785259432519,12.38652548310446,0.41500091552734375,-0.4950008392334002,-0.30999946594238104,0.809999465942381
2019-06-08,-42.239583333333336,48348.91666666666,0.0,0,0.0,11.520000457763672,-79.85,64.73916666666668,1.1304166666666688,0.0,-1.4495833333333366,0.0,-1.0625,0.0,15.035416666666663,0.0,-5.842083333333331,0.0,-0.14125375025347064,-0.9835630228947289,27.992293145437795,0.0,0.41500091552734375,-0.4950008392334002,-0.30999946594238104
2019-06-09,22.499583333333334,41887.91666666666,0.0,0,0.0,11.520000457763672,64.73916666666668,8.868333333333336,-79.85,0.0,1.1304166666666688,0.0,-1.4495833333333366,0.0,2.089166666666671,0.0,-8.095416666666669,0.0,-0.13363277701844412,-1.8748157153333131,35.41214864308663,0.0,0.0,0.41500091552734375,-0.4950008392334002
2019-06-10,31.36791666666667,43215.41666666666,0.0,0,0.0,11.80500030517578,8.868333333333336,13.299999999999994,64.73916666666668,0.0,-79.85,0.0,1.1304166666666688,0.0,-1.0625,0.0,15.035416666666663,0.0,0.03169171698282125,-1.5665372482885866,34.926053449899875,0.2849998474121076,0.0,0.0,0.41500091552734375
2019-06-11,44.66791666666666,55897.083333333336,0.0,0,0.0,11.199999809265137,13.299999999999994,-0.6658333333333317,8.868333333333336,0.0,64.73916666666668,0.0,-79.85,0.0,-1.4495833333333366,0.0,2.089166666666671,0.0,0.2934523752133211,0.3421266514475973,35.121326248282145,-0.6050004959106428,0.2849998474121076,0.0,0.0
2019-06-12,44.00208333333333,59018.75,0.0,0,0.0,11.140000343322754,-0.6658333333333317,-5.490416666666668,13.299999999999994,0.0,8.868333333333336,0.0,64.73916666666668,0.0,1.1304166666666688,0.0,-1.0625,0.0,0.05584668251921299,0.8194667603339988,34.9747612247131,-0.05999946594238281,-0.6050004959106428,0.2849998474121076,0.0
2019-06-13,38.51166666666666,57356.958333333336,0.0,0,0.0,11.395000457763672,-5.490416666666668,3.1058333333333366,-0.6658333333333317,0.0,13.299999999999994,0.0,8.868333333333336,0.0,-79.85,0.0,-1.4495833333333366,0.0,-0.02815701224893219,0.5695495112056048,34.74018070003917,0.25500011444091797,-0.05999946594238281,-0.6050004959106428,0.2849998474121076
2019-06-14,41.6175,57187.04166666666,0.0,0,0.0,11.31999969482422,3.1058333333333366,-11.041666666666668,-5.490416666666668,0.0,-0.6658333333333317,0.0,13.299999999999994,0.0,64.73916666666668,0.0,1.1304166666666688,0.0,-0.0029624420751044322,0.5605120854724616,34.74793759725507,-0.07500076293945135,0.25500011444091797,-0.05999946594238281,-0.6050004959106428
2019-06-15,30.575833333333332,48930.0,0.0,0,0.0,11.31999969482422,-11.041666666666668,0.573750000000004,3.1058333333333366,0.0,-5.490416666666668,0.0,-0.6658333333333317,0.0,8.868333333333336,0.0,-79.85,0.0,-0.14438658524767767,-0.702878925530383,34.93302086255524,0.0,-0.07500076293945135,0.25500011444091797,-0.05999946594238281
2019-06-16,31.149583333333336,44061.458333333336,0.0,0,0.0,11.31999969482422,0.573750000000004,10.509166666666662,-11.041666666666668,0.0,3.1058333333333366,0.0,-5.490416666666668,0.0,13.299999999999994,0.0,64.73916666666668,0.0,-0.09950013624906329,-1.3800331467287676,34.934284093610714,0.0,0.0,-0.07500076293945135,0.25500011444091797
2019-06-17,41.65875,56879.875,0.0,0,0.0,11.56999969482422,10.509166666666662,0.6212500000000034,0.573750000000004,0.0,-11.041666666666668,0.0,3.1058333333333366,0.0,-0.6658333333333317,0.0,8.868333333333336,0.0,0.290921298375848,0.6019156503475339,35.1093609269533,0.25,0.0,0.0,-0.07500076293945135
2019-06-18,42.28,59326.75,0.0,0,0.0,11.03499984741211,0.6212500000000034,-1.0812500000000043,10.509166666666662,0.0,0.573750000000004,0.0,-11.041666666666668,0.0,-5.490416666666668,0.0,13.299999999999994,0.0,0.04301829073991459,0.9292142308355916,21.096738498450225,-0.5349998474121112,0.25,0.0,0.0
2019-06-19,41.19875,58981.875,0.0,0,0.0,10.484999656677246,-1.0812500000000043,-4.80833333333333,0.6212500000000034,0.0,10.509166666666662,0.0,0.573750000000004,0.0,3.1058333333333366,0.0,-0.6658333333333317,0.0,-0.005813144997829811,0.8593866842538301,7.416579711829064,-0.5500001907348633,-0.5349998474121112,0.25,0.0
2019-06-20,36.39041666666667,49674.125,0.0,0,0.0,10.149999618530272,-4.80833333333333,2.2966666666666598,-1.0812500000000043,0.0,0.6212500000000034,0.0,10.509166666666662,0.0,-11.041666666666668,0.0,-5.490416666666668,0.0,-0.15780695340729678,-0.5903900490946571,7.241600173905252,-0.33500003814697443,-0.5500001907348633,-0.5349998474121112,0.25
2019-06-21,38.68708333333333,52449.25,0.0,0,0.0,10.354999542236328,2.2966666666666598,-7.056249999999995,-4.80833333333333,0.0,-1.0812500000000043,0.0,0.6212500000000034,0.0,0.573750000000004,0.0,3.1058333333333366,0.0,0.055866610634812464,-0.10308314693588551,5.766735542700508,0.20499992370605646,-0.33500003814697443,-0.5500001907348633,-0.5349998474121112
2019-06-22,31.63083333333333,47086.583333333336,0.0,0,0.0,10.354999542236328,-7.056249999999995,-10.71083333333333,2.2966666666666598,0.0,-4.80833333333333,0.0,-1.0812500000000043,0.0,10.509166666666662,0.0,-11.041666666666668,0.0,-0.10224486845220215,-0.9275090339689883,6.11843056755199,0.0,0.20499992370605646,-0.33500003814697443,-0.5500001907348633
2019-06-23,20.92,43390.79166666666,0.0,0,0.0,10.354999542236328,-10.71083333333333,13.553333333333335,-7.056249999999995,0.0,2.2966666666666598,0.0,-4.80833333333333,0.0,0.6212500000000034,0.0,0.573750000000004,0.0,-0.07848927242190384,-1.4233882424378133,6.715257238851798,0.0,0.0,0.20499992370605646,-0.33500003814697443
2019-06-24,34.473333333333336,57791.083333333336,0.0,0,0.0,10.199999809265137,13.553333333333335,6.044166666666662,-10.71083333333333,0.0,-7.056249999999995,0.0,2.2966666666666598,0.0,-1.0812500000000043,0.0,10.509166666666662,0.0,0.3318743704261373,0.8407603485578283,8.203938916294101,-0.1549997329711914,0.0,0.0,0.20499992370605646
2019-06-25,40.5175,60489.04166666666,0.0,0,0.0,9.845000267028809,6.044166666666662,-1.9529166666666598,13.553333333333335,0.0,-10.71083333333333,0.0,-7.056249999999995,0.0,-4.80833333333333,0.0,0.6212500000000034,0.0,0.04668468174877005,1.195384180019874,7.568761161821149,-0.3549995422363281,-0.1549997329711914,0.0,0.0
2019-06-26,38.56458333333334,61217.833333333336,0.0,0,0.0,9.619999885559082,-1.9529166666666598,-3.090833333333336,6.044166666666662,0.0,13.553333333333335,0.0,-10.71083333333333,0.0,2.2966666666666598,0.0,-1.0812500000000043,0.0,0.012048325557590944,1.2622273513011713,7.626310126265268,-0.22500038146972656,-0.3549995422363281,-0.1549997329711914,0.0
2019-06-27,35.47375,60129.0,0.0,0,0.0,9.375,-3.090833333333336,7.977916666666658,-1.9529166666666598,0.0,6.044166666666662,0.0,13.553333333333335,0.0,-7.056249999999995,0.0,-4.80833333333333,0.0,-0.017786211534220775,1.0677720243266222,6.8656060826934215,-0.24499988555908203,-0.22500038146972656,-0.3549995422363281,-0.1549997329711914
2019-06-28,43.45166666666666,57358.375,0.0,0,0.0,10.114999771118164,7.977916666666658,-10.201249999999995,-3.090833333333336,0.0,-1.9529166666666598,0.0,6.044166666666662,0.0,-10.71083333333333,0.0,2.2966666666666598,0.0,-0.04607801559979374,0.6297208441200106,7.387513992800827,0.7399997711181641,-0.24499988555908203,-0.22500038146972656,-0.3549995422363281
2019-06-29,33.250416666666666,48866.29166666666,0.0,0,0.0,10.114999771118164,-10.201249999999995,-18.117916666666666,7.977916666666658,0.0,-3.090833333333336,0.0,-1.9529166666666598,0.0,13.553333333333335,0.0,-7.056249999999995,0.0,-0.14805306693805997,-0.721924337407838,8.082177559602307,0.0,0.7399997711181641,-0.24499988555908203,-0.22500038146972656
2019-06-30,15.1325,45625.958333333336,0.0,0,0.0,10.114999771118164,-18.117916666666666,17.83,-10.201249999999995,0.0,7.977916666666658,0.0,-3.090833333333336,0.0,6.044166666666662,0.0,-10.71083333333333,0.0,-0.06631019508164693,-1.185664845402373,9.742010287737038,0.0,0.0,0.7399997711181641,-0.24499988555908203
2019-07-01,32.9625,59344.833333333336,0.0,0,0.0,10.364999771118164,17.83,0.389166666666668,-18.117916666666666,0.0,-10.201249999999995,0.0,7.977916666666658,0.0,-1.9529166666666598,0.0,13.553333333333335,0.0,0.3006813555514358,0.8819017486429367,11.588825647082324,0.25,0.0,0.0,0.7399997711181641
2019-07-02,33.35166666666667,58960.5,0.0,0,0.0,10.225000381469728,0.389166666666668,1.3108333333333348,17.83,0.0,-18.117916666666666,0.0,-10.201249999999995,0.0,-3.090833333333336,0.0,6.044166666666662,0.0,-0.006476272857227183,0.7685065738182585,11.362949852902139,-0.13999938964843572,0.25,0.0,0.0
2019-07-03,34.6625,58474.5,0.0,0,0.0,10.295000076293944,1.3108333333333348,-0.6799999999999997,0.389166666666668,0.0,17.83,0.0,-18.117916666666666,0.0,7.977916666666658,0.0,-1.9529166666666598,0.0,-0.008242806624774168,0.6841170067678544,10.700241397487583,0.0699996948242152,-0.13999938964843572,0.25,0.0
2019-07-04,33.9825,58737.91666666666,0.0,0,0.0,10.295000076293944,-0.6799999999999997,1.2787499999999952,1.3108333333333348,0.0,0.389166666666668,0.0,17.83,0.0,-10.201249999999995,0.0,-3.090833333333336,0.0,0.004504812639127387,0.727568427806514,9.809788694773804,0.0,0.0699996948242152,-0.13999938964843572,0.25
2019-07-05,35.26125,57887.16666666666,0.0,0,0.0,11.21500015258789,1.2787499999999952,-5.500833333333329,-0.6799999999999997,0.0,1.3108333333333348,0.0,0.389166666666668,0.0,-18.117916666666666,0.0,7.977916666666658,0.0,-0.014483830007590237,0.6069655522013901,9.59428136572872,0.9200000762939471,0.0,0.0699996948242152,-0.13999938964843572
2019-07-06,29.760416666666668,49005.75,0.0,0,0.0,11.21500015258789,-5.500833333333329,-5.097083333333337,1.2787499999999952,0.0,-0.6799999999999997,0.0,1.3108333333333348,0.0,17.83,0.0,-10.201249999999995,0.0,-0.1534263495363104,-0.7756059579497097,9.717732242966385,0.0,0.9200000762939471,0.0,0.0699996948242152
2019-07-07,24.66333333333333,44057.708333333336,0.0,0,0.0,11.21500015258789,-5.097083333333337,11.028750000000006,-5.500833333333329,0.0,1.2787499999999952,0.0,-0.6799999999999997,0.0,0.389166666666668,0.0,-18.117916666666666,0.0,-0.10096859382147327,-1.456650538787707,9.788886621204377,0.0,0.0,0.9200000762939471,0.0
2019-07-08,35.692083333333336,56563.66666666666,0.0,0,0.0,11.880000114440918,11.028750000000006,1.6954166666666666,-5.097083333333337,0.0,-5.500833333333329,0.0,1.2787499999999952,0.0,1.3108333333333348,0.0,17.83,0.0,0.2838540361363171,0.4564256645376048,10.1437023772682,0.6649999618530273,0.0,0.0,0.9200000762939471
2019-07-09,37.3875,57692.833333333336,0.0,0,0.0,11.760000228881836,1.6954166666666666,4.08208333333333,11.028750000000006,0.0,-5.097083333333337,0.0,-5.500833333333329,0.0,-0.6799999999999997,0.0,0.389166666666668,0.0,0.019962755832660717,0.5847252432174312,9.598441915681942,-0.11999988555908203,0.6649999618530273,0.0,0.0
2019-07-10,41.46958333333333,57223.375,0.0,0,0.0,12.135000228881836,4.08208333333333,4.443333333333335,1.6954166666666666,0.0,11.028750000000006,0.0,-5.097083333333337,0.0,1.2787499999999952,0.0,1.3108333333333348,0.0,-0.008137203638811319,0.4549630154837932,7.070459947937383,0.375,-0.11999988555908203,0.6649999618530273,0.0
2019-07-11,45.91291666666667,57513.083333333336,0.0,0,0.0,13.130000114440918,4.443333333333335,-0.6687500000000028,4.08208333333333,0.0,1.6954166666666666,0.0,11.028750000000006,0.0,-5.500833333333329,0.0,-0.6799999999999997,0.0,0.005062762085132899,0.49500069573238725,4.765032501419506,0.994999885559082,0.375,-0.11999988555908203,0.6649999618530273
2019-07-12,45.244166666666665,57165.458333333336,0.0,0,0.0,13.279999732971191,-0.6687500000000028,-8.000416666666666,4.443333333333335,0.0,4.08208333333333,0.0,1.6954166666666666,0.0,-5.097083333333337,0.0,1.2787499999999952,0.0,-0.00604427688192688,0.44758687949939124,4.7990017721668075,0.14999961853027344,0.994999885559082,0.375,-0.11999988555908203
2019-07-13,37.24375,48134.25,0.0,0,0.0,13.279999732971191,-8.000416666666666,-1.6291666666666629,-0.6687500000000028,0.0,4.443333333333335,0.0,4.08208333333333,0.0,11.028750000000006,0.0,-5.500833333333329,0.0,-0.1579836600044754,-1.0843304272447525,5.607921137547727,0.0,0.14999961853027344,0.994999885559082,0.375
2019-07-14,35.614583333333336,43181.708333333336,0.0,0,0.0,13.279999732971191,-1.6291666666666629,5.941249999999997,-8.000416666666666,0.0,-0.6687500000000028,0.0,4.443333333333335,0.0,1.6954166666666666,0.0,-5.097083333333337,0.0,-0.1028901804155391,-1.7686082713423037,5.633537619056517,0.0,0.0,0.14999961853027344,0.994999885559082
2019-07-15,41.55583333333333,55582.583333333336,0.0,0,0.0,12.895000457763672,5.941249999999997,1.3354166666666742,-1.6291666666666629,0.0,-8.000416666666666,0.0,-0.6687500000000028,0.0,4.08208333333333,0.0,11.028750000000006,0.0,0.28717888843752326,0.24876830849965353,5.921694170257841,-0.38499927520751953,0.0,0.0,0.14999961853027344
2019-07-16,42.89125000000001,57231.375,0.0,0,0.0,11.414999961853027,1.3354166666666742,2.9924999999999926,5.941249999999997,0.0,-1.6291666666666629,0.0,-8.000416666666666,0.0,4.443333333333335,0.0,1.6954166666666666,0.0,0.02966381855227418,0.473710540445866,5.516063677603013,-1.4800004959106445,-0.38499927520751953,0.0,0.0
2019-07-17,45.88375,56789.125,0.0,0,0.0,10.989999771118164,2.9924999999999926,-1.9499999999999957,1.3354166666666742,0.0,5.941249999999997,0.0,-1.6291666666666629,0.0,-0.6687500000000028,0.0,4.08208333333333,0.0,-0.0077274047670530255,0.39665901150944705,5.044564668515128,-0.4250001907348633,-1.4800004959106445,-0.38499927520751953,0.0
2019-07-18,43.93375,57423.66666666666,0.0,0,0.0,10.734999656677246,-1.9499999999999957,0.8741666666666674,2.9924999999999926,0.0,1.3354166666666742,0.0,5.941249999999997,0.0,-8.000416666666666,0.0,4.443333333333335,0.0,0.011173647536683484,0.5233940712450806,4.074800187292488,-0.25500011444091797,-0.4250001907348633,-1.4800004959106445,-0.38499927520751953
2019-07-19,44.80791666666667,56322.66666666666,0.0,0,0.0,10.8149995803833,0.8741666666666674,-9.72291666666667,-1.9499999999999957,0.0,2.9924999999999926,0.0,1.3354166666666742,0.0,-1.6291666666666629,0.0,-0.6687500000000028,0.0,-0.019173279309924518,0.3473842947930782,4.063549999398173,0.07999992370605469,-0.25500011444091797,-0.4250001907348633,-1.4800004959106445
2019-07-20,35.085,47781.16666666666,0.0,0,0.0,10.8149995803833,-9.72291666666667,-3.557500000000001,0.8741666666666674,0.0,-1.9499999999999957,0.0,2.9924999999999926,0.0,5.941249999999997,0.0,-8.000416666666666,0.0,-0.15165297571137737,-1.1544918850018988,5.03226941804163,0.0,0.07999992370605469,-0.25500011444091797,-0.4250001907348633
2019-07-21,31.5275,43412.708333333336,0.0,0,0.0,10.8149995803833,-3.557500000000001,11.095416666666669,-9.72291666666667,0.0,0.8741666666666674,0.0,-1.9499999999999957,0.0,1.3354166666666742,0.0,-1.6291666666666629,0.0,-0.09142636394395254,-1.7688641548387576,4.763384461672987,0.0,0.0,0.07999992370605469,-0.25500011444091797
2019-07-22,42.62291666666667,55494.54166666666,0.0,0,0.0,10.15999984741211,11.095416666666669,3.9783333333333317,-3.557500000000001,0.0,-9.72291666666667,0.0,0.8741666666666674,0.0,2.9924999999999926,0.0,5.941249999999997,0.0,0.2783017645562693,0.20493387371480673,6.208206525084578,-0.6549997329711914,0.0,0.0,0.07999992370605469
2019-07-23,46.60125,57185.458333333336,0.0,0,0.0,10.75,3.9783333333333317,4.03958333333334,11.095416666666669,0.0,-3.557500000000001,0.0,-9.72291666666667,0.0,-1.9499999999999957,0.0,1.3354166666666742,0.0,0.030469963637565156,0.4420675204337881,5.682602476223255,0.5900001525878906,-0.6549997329711914,0.0,0.0
2019-07-24,50.64083333333334,58043.04166666666,0.0,0,0.0,10.074999809265137,4.03958333333334,-0.4125000000000085,3.9783333333333317,0.0,11.095416666666669,0.0,-3.557500000000001,0.0,0.8741666666666674,0.0,2.9924999999999926,0.0,0.014996528109199936,0.5959686049767113,5.681052810516773,-0.6750001907348633,0.5900001525878906,-0.6549997329711914,0.0
2019-07-25,50.22833333333333,58751.083333333336,0.0,0,0.0,10.024999618530272,-0.4125000000000085,-5.725833333333334,4.03958333333334,0.0,3.9783333333333317,0.0,11.095416666666669,0.0,-9.72291666666667,0.0,-1.9499999999999957,0.0,0.012198562417401693,0.7423622963198411,5.481266553672454,-0.05000019073486506,-0.6750001907348633,0.5900001525878906,-0.6549997329711914
2019-07-26,44.5025,58057.0,0.0,0,0.0,9.96500015258789,-5.725833333333334,-8.338333333333331,-0.4125000000000085,0.0,4.03958333333334,0.0,3.9783333333333317,0.0,-3.557500000000001,0.0,0.8741666666666674,0.0,-0.011813966550971444,0.6462706817985123,5.856259613514459,-0.059999465942381036,-0.05000019073486506,-0.6750001907348633,0.5900001525878906
2019-07-27,36.16416666666667,48038.66666666666,0.0,0,0.0,9.96500015258789,-8.338333333333331,-4.078333333333333,-5.725833333333334,0.0,-0.4125000000000085,0.0,4.03958333333334,0.0,11.095416666666669,0.0,-9.72291666666667,0.0,-0.17256029993512145,-1.1459752840575146,6.3249709627316895,0.0,-0.059999465942381036,-0.05000019073486506,-0.6750001907348633
2019-07-28,32.08583333333333,43890.5,0.0,0,0.0,9.96500015258789,-4.078333333333333,13.416666666666664,-8.338333333333331,0.0,-5.725833333333334,0.0,-0.4125000000000085,0.0,3.9783333333333317,0.0,-3.557500000000001,0.0,-0.08635057870049112,-1.7429180920178602,6.396937973886,0.0,0.0,-0.059999465942381036,-0.05000019073486506
2019-07-29,45.5025,55334.208333333336,0.0,0,0.0,9.8100004196167,13.416666666666664,-0.9737499999999955,-4.078333333333333,0.0,-8.338333333333331,0.0,-5.725833333333334,0.0,4.03958333333334,0.0,11.095416666666669,0.0,0.26073315030207755,0.24537116750032612,7.898798673725075,-0.1549997329711914,0.0,0.0,-0.059999465942381036
2019-07-30,44.52875,57408.875,0.0,0,0.0,9.789999961853027,-0.9737499999999955,3.936250000000001,13.416666666666664,0.0,-4.078333333333333,0.0,-8.338333333333331,0.0,-0.4125000000000085,0.0,3.9783333333333317,0.0,0.03749338301126248,0.5662927339731435,7.141911261018525,-0.020000457763671875,-0.1549997329711914,0.0,0.0
2019-07-31,48.465,56881.333333333336,0.0,0,0.0,11.0,3.936250000000001,-3.8029166666666754,-0.9737499999999955,0.0,13.416666666666664,0.0,-4.078333333333333,0.0,-5.725833333333334,0.0,4.03958333333334,0.0,-0.00918920056640482,0.4891214111128737,7.008969465668966,1.2100000381469727,-0.020000457763671875,-0.1549997329711914,0.0
2019-08-01,44.66208333333333,55421.29166666666,0.0,0,0.0,12.359999656677246,-3.8029166666666754,-0.9624999999999986,3.936250000000001,0.0,-0.9737499999999955,0.0,13.416666666666664,0.0,-8.338333333333331,0.0,-0.4125000000000085,0.0,-0.025668203980216298,0.24043087022877718,6.339968905096734,1.359999656677246,1.2100000381469727,-0.020000457763671875,-0.1549997329711914
2019-08-02,43.69958333333333,54653.208333333336,0.0,0,0.0,12.015000343322754,-0.9624999999999986,-7.333749999999995,-3.8029166666666754,0.0,3.936250000000001,0.0,-0.9737499999999955,0.0,-4.078333333333333,0.0,-5.725833333333334,0.0,-0.013858993723080082,0.12008300490717062,6.20420981379427,-0.3449993133544922,1.359999656677246,1.2100000381469727,-0.020000457763671875
2019-08-03,36.365833333333335,45619.125,0.0,0,0.0,12.015000343322754,-7.333749999999995,-1.2141666666666708,-0.9624999999999986,0.0,-3.8029166666666754,0.0,3.936250000000001,0.0,13.416666666666664,0.0,-8.338333333333331,0.0,-0.16529831658251237,-1.493107051072765,6.362739056606832,0.0,-0.3449993133544922,1.359999656677246,1.2100000381469727
2019-08-04,35.151666666666664,41619.125,0.0,0,0.0,12.015000343322754,-1.2141666666666708,11.132916666666667,-7.333749999999995,0.0,-0.9624999999999986,0.0,-3.8029166666666754,0.0,-0.9737499999999955,0.0,-4.078333333333333,0.0,-0.08768252350302641,-2.0046007506394186,6.3535733942832575,0.0,0.0,-0.3449993133544922,1.359999656677246
2019-08-05,46.28458333333333,52842.79166666666,0.0,0,0.0,11.46500015258789,11.132916666666667,-4.222500000000004,-1.2141666666666708,0.0,-7.333749999999995,0.0,-0.9624999999999986,0.0,3.936250000000001,0.0,13.416666666666664,0.0,0.2696756999736698,-0.059175241997507066,7.2791996332916025,-0.5500001907348633,0.0,0.0,-0.3449993133544922
2019-08-06,42.06208333333333,54835.708333333336,0.0,0,0.0,10.949999809265137,-4.222500000000004,-1.1937499999999943,11.132916666666667,0.0,-1.2141666666666708,0.0,-7.333749999999995,0.0,-3.8029166666666754,0.0,-0.9737499999999955,0.0,0.03771406853820358,0.24115439813488593,6.847720376430521,-0.5150003433227539,-0.5500001907348633,0.0,0.0
2019-08-07,40.86833333333333,55139.25,0.0,0,0.0,11.40999984741211,-1.1937499999999943,-6.150416666666665,-4.222500000000004,0.0,11.132916666666667,0.0,-1.2141666666666708,0.0,-0.9624999999999986,0.0,3.936250000000001,0.0,0.005535474527319062,0.3075270521127016,6.688123943432637,0.46000003814697266,-0.5150003433227539,-0.5500001907348633,0.0
2019-08-08,34.71791666666667,55283.41666666666,0.0,0,0.0,12.074999809265137,-6.150416666666665,3.969999999999999,-1.1937499999999943,0.0,-4.222500000000004,0.0,11.132916666666667,0.0,-7.333749999999995,0.0,-3.8029166666666754,0.0,0.002614592448512809,0.35246310016060717,5.3383539340976,0.6649999618530273,0.46000003814697266,-0.5150003433227539,-0.5500001907348633
2019-08-09,38.687916666666666,54979.25,0.0,0,0.0,12.024999618530272,3.969999999999999,-26.249166666666667,-6.150416666666665,0.0,-1.1937499999999943,0.0,-4.222500000000004,0.0,-1.2141666666666708,0.0,-0.9624999999999986,0.0,-0.00550195130848441,0.31167799108368427,5.572891787068116,-0.05000019073486506,0.6649999618530273,0.46000003814697266,-0.5150003433227539
2019-08-10,12.43875,47559.375,0.0,0,0.0,12.024999618530272,-26.249166666666667,1.9129166666666677,3.969999999999999,0.0,-6.150416666666665,0.0,-1.1937499999999943,0.0,11.132916666666667,0.0,-7.333749999999995,0.0,-0.1349577340542114,-1.0230499672109339,9.583905820360236,0.0,-0.05000019073486506,0.6649999618530273,0.46000003814697266
2019-08-11,14.351666666666668,43387.91666666666,0.0,0,0.0,12.024999618530272,1.9129166666666677,26.889166666666668,-26.249166666666667,0.0,3.969999999999999,0.0,-6.150416666666665,0.0,-4.222500000000004,0.0,-1.2141666666666708,0.0,-0.08771053726701294,-1.6529698155408625,9.739811001003213,0.0,0.0,-0.05000019073486506,0.6649999618530273
2019-08-12,41.240833333333335,53817.16666666666,0.0,0,0.0,11.420000076293944,26.889166666666668,-3.205833333333338,1.9129166666666677,0.0,-26.249166666666667,0.0,3.969999999999999,0.0,-1.1937499999999943,0.0,11.132916666666667,0.0,0.24037222344930909,0.19800236843979435,13.610223826592808,-0.6049995422363281,0.0,0.0,-0.05000019073486506
2019-08-13,38.035,54756.875,0.0,0,0.0,11.859999656677246,-3.205833333333338,0.7333333333333414,26.889166666666668,0.0,1.9129166666666677,0.0,-26.249166666666667,0.0,-6.150416666666665,0.0,-4.222500000000004,0.0,0.017461126096691704,0.316175624774401,13.432808696158578,0.43999958038330256,-0.6049995422363281,0.0,0.0
2019-08-14,38.76833333333334,53983.25,0.0,0,0.0,11.18000030517578,0.7333333333333414,-8.265000000000008,-3.205833333333338,0.0,26.889166666666668,0.0,1.9129166666666677,0.0,3.969999999999999,0.0,-1.1937499999999943,0.0,-0.014128362876807743,0.17782243816130347,13.424675896149878,-0.6799993515014666,0.43999958038330256,-0.6049995422363281,0.0
2019-08-15,30.50333333333333,54217.25,0.0,0,0.0,11.225000381469728,-8.265000000000008,5.186250000000001,0.7333333333333414,0.0,-3.205833333333338,0.0,26.889166666666668,0.0,-26.249166666666667,0.0,-6.150416666666665,0.0,0.0043346778861961255,0.24517998859233417,13.092699154552559,0.045000076293948865,-0.6799993515014666,0.43999958038330256,-0.6049995422363281
2019-08-16,35.68958333333333,52664.04166666666,0.0,0,0.0,10.954999923706056,5.186250000000001,-9.46833333333333,-8.265000000000008,0.0,0.7333333333333414,0.0,-3.205833333333338,0.0,1.9129166666666677,0.0,3.969999999999999,0.0,-0.028647862688228276,-0.03217113439659922,13.21901211936951,-0.2700004577636719,0.045000076293948865,-0.6799993515014666,0.43999958038330256
2019-08-17,26.22125,46143.41666666666,0.0,0,0.0,10.954999923706056,-9.46833333333333,1.4637499999999974,5.186250000000001,0.0,-8.265000000000008,0.0,0.7333333333333414,0.0,26.889166666666668,0.0,-26.249166666666667,0.0,-0.12381550662730822,-1.2308430181723158,13.513417202356871,0.0,-0.2700004577636719,0.045000076293948865,-0.6799993515014666
2019-08-18,27.685,42531.958333333336,0.0,0,0.0,10.954999923706056,1.4637499999999974,6.74625,-9.46833333333333,0.0,5.186250000000001,0.0,-8.265000000000008,0.0,-3.205833333333338,0.0,1.9129166666666677,0.0,-0.07826594981949364,-1.7590436530753661,13.434344265463027,0.0,0.0,-0.2700004577636719,0.045000076293948865
2019-08-19,34.43125,54504.75,0.0,0,0.0,10.78499984741211,6.74625,5.3700000000000045,1.4637499999999974,0.0,-9.46833333333333,0.0,5.186250000000001,0.0,0.7333333333333414,0.0,26.889166666666668,0.0,0.28150106733466096,0.4290825200590814,13.56965451219182,-0.1700000762939471,0.0,0.0,-0.2700004577636719
2019-08-20,39.80125,55246.16666666666,0.0,0,0.0,11.21500015258789,5.3700000000000045,1.8825000000000003,6.74625,0.0,1.4637499999999974,0.0,-9.46833333333333,0.0,-8.265000000000008,0.0,-3.205833333333338,0.0,0.013602789970904583,0.5175028165967269,10.132341738840791,0.43000030517578125,-0.1700000762939471,0.0,0.0
2019-08-21,41.68375,54624.25,0.0,0,0.0,11.414999961853027,1.8825000000000003,-5.3741666666666745,5.3700000000000045,0.0,6.74625,0.0,1.4637499999999974,0.0,5.186250000000001,0.0,0.7333333333333414,0.0,-0.011257191298340241,0.40227237842062163,10.132620922223092,0.19999980926513672,0.43000030517578125,-0.1700000762939471,0.0
2019-08-22,36.30958333333333,54811.333333333336,0.0,0,0.0,10.989999771118164,-5.3741666666666745,1.014166666666668,1.8825000000000003,0.0,5.3700000000000045,0.0,6.74625,0.0,-9.46833333333333,0.0,-8.265000000000008,0.0,0.0034249135380959306,0.4597469149057355,5.7942212533252,-0.4250001907348633,0.19999980926513672,0.43000030517578125,-0.1700000762939471
2019-08-23,37.32375,54287.583333333336,0.0,0,0.0,10.585000038146973,1.014166666666668,-5.033333333333331,-5.3741666666666745,0.0,1.8825000000000003,0.0,5.3700000000000045,0.0,1.4637499999999974,0.0,5.186250000000001,0.0,-0.009555505552379717,0.3879037314326793,5.7279946176557175,-0.4049997329711914,-0.4250001907348633,0.19999980926513672,0.43000030517578125
2019-08-24,32.290416666666665,46350.958333333336,0.0,0,0.0,10.585000038146973,-5.033333333333331,-1.6545833333333348,1.014166666666668,0.0,-5.3741666666666745,0.0,1.8825000000000003,0.0,6.74625,0.0,-9.46833333333333,0.0,-0.14619595334108015,-1.1467416690343326,5.924902389706279,0.0,-0.4049997329711914,-0.4250001907348633,0.19999980926513672
2019-08-25,30.63583333333333,42903.708333333336,0.0,0,0.0,10.585000038146973,-1.6545833333333348,15.02041666666667,-5.033333333333331,0.0,1.014166666666668,0.0,-5.3741666666666745,0.0,5.3700000000000045,0.0,1.4637499999999974,0.0,-0.07437278804915037,-1.7028248211141586,5.3183353782916445,0.0,0.0,-0.4049997329711914,-0.4250001907348633
2019-08-26,45.65625,56358.375,0.0,0,0.0,10.3149995803833,15.02041666666667,0.759999999999998,-1.6545833333333348,0.0,-5.033333333333331,0.0,1.014166666666668,0.0,1.8825000000000003,0.0,6.74625,0.0,0.3136014854970772,0.9140679071770533,7.0185964070241456,-0.2700004577636719,0.0,0.0,-0.4049997329711914
2019-08-27,46.41625,58578.708333333336,0.0,0,0.0,10.06999969482422,0.759999999999998,4.408750000000005,15.02041666666667,0.0,-1.6545833333333348,0.0,-5.033333333333331,0.0,-5.3741666666666745,0.0,5.3700000000000045,0.0,0.039396688306455596,1.2752199806863973,5.994665828473063,-0.24499988555908025,-0.2700004577636719,0.0,0.0
2019-08-28,50.825,58590.29166666666,0.0,0,0.0,10.234999656677246,4.408750000000005,-6.332916666666669,0.759999999999998,0.0,15.02041666666667,0.0,-1.6545833333333348,0.0,1.014166666666668,0.0,1.8825000000000003,0.0,0.00019773965085412293,1.2299807181852214,6.036523287047158,0.16499996185302557,-0.24499988555908025,-0.2700004577636719,0.0
2019-08-29,44.49208333333333,57954.79166666666,0.0,0,0.0,10.71500015258789,-6.332916666666669,-3.147500000000001,4.408750000000005,0.0,0.759999999999998,0.0,15.02041666666667,0.0,-5.033333333333331,0.0,-5.3741666666666745,0.0,-0.010846506851604376,1.0972241704270982,6.376819028184098,0.48000049591064453,0.16499996185302557,-0.24499988555908025,-0.2700004577636719
2019-08-30,41.34458333333333,56458.91666666666,0.0,0,0.0,12.795000076293944,-3.147500000000001,-7.684999999999995,-6.332916666666669,0.0,4.408750000000005,0.0,0.759999999999998,0.0,-1.6545833333333348,0.0,1.014166666666668,0.0,-0.0258110668157292,0.8090165650305208,6.29751356111839,2.079999923706053,0.48000049591064453,0.16499996185302557,-0.24499988555908025
2019-08-31,33.65958333333334,47569.66666666666,0.0,0,0.0,12.795000076293944,-7.684999999999995,-3.553333333333338,-3.147500000000001,0.0,-6.332916666666669,0.0,4.408750000000005,0.0,15.02041666666667,0.0,-5.033333333333331,0.0,-0.15744634372781396,-0.8780305494978936,6.718490033156123,0.0,2.079999923706053,0.48000049591064453,0.16499996185302557
2019-09-01,30.10625,43310.79166666666,0.0,0,0.0,12.795000076293944,-3.553333333333338,9.068749999999998,-7.684999999999995,0.0,-3.147500000000001,0.0,-6.332916666666669,0.0,0.759999999999998,0.0,-1.6545833333333348,0.0,-0.08952921679781933,-1.567983891008353,6.604527705985999,0.0,0.0,2.079999923706053,0.48000049591064453
2019-09-02,39.175,53922.91666666666,0.0,0,0.0,12.795000076293944,9.068749999999998,-3.7708333333333286,-3.553333333333338,0.0,-7.684999999999995,0.0,-3.147500000000001,0.0,4.408750000000005,0.0,15.02041666666667,0.0,0.24502265120606004,0.372046276458423,7.2823774376164545,0.0,0.0,0.0,2.079999923706053
2019-09-03,35.40416666666667,55613.91666666666,0.0,0,0.0,12.100000381469728,-3.7708333333333286,-1.399166666666666,9.068749999999998,0.0,-3.553333333333338,0.0,-7.684999999999995,0.0,-6.332916666666669,0.0,0.759999999999998,0.0,0.031359579646872415,0.6481995448836195,7.19224195171807,-0.6949996948242152,0.0,0.0,0.0
2019-09-04,34.005,55922.458333333336,0.0,0,0.0,11.960000038146973,-1.399166666666666,-2.288333333333334,-3.7708333333333286,0.0,9.068749999999998,0.0,-3.553333333333338,0.0,-3.147500000000001,0.0,4.408750000000005,0.0,0.00554792190803588,0.6845485290873015,7.184934357437088,-0.14000034332275568,-0.6949996948242152,0.0,0.0
2019-09-05,31.71666666666667,56938.333333333336,0.0,0,0.0,12.234999656677246,-2.288333333333334,0.7312499999999957,-1.399166666666666,0.0,-3.7708333333333286,0.0,9.068749999999998,0.0,-7.684999999999995,0.0,-6.332916666666669,0.0,0.018165778656308973,0.8676625051991709,5.010400495661987,0.27499961853027344,-0.14000034332275568,-0.6949996948242152,0.0
2019-09-06,32.447916666666664,55220.41666666666,0.0,0,0.0,12.350000381469728,0.7312499999999957,3.4908333333333346,-2.288333333333334,0.0,-1.399166666666666,0.0,-3.7708333333333286,0.0,-3.553333333333338,0.0,-3.147500000000001,0.0,-0.03017153060328448,0.5222984434201495,5.009035274652886,0.11500072479248225,0.27499961853027344,-0.14000034332275568,-0.6949996948242152
2019-09-07,35.93875,46411.66666666666,0.0,0,0.0,12.350000381469728,3.4908333333333346,0.9341666666666697,0.7312499999999957,0.0,-2.288333333333334,0.0,-1.399166666666666,0.0,9.068749999999998,0.0,-7.684999999999995,0.0,-0.15951980321288173,-1.162239648638953,4.898005716025025,0.0,0.11500072479248225,0.27499961853027344,-0.14000034332275568
2019-09-08,36.87291666666667,43051.333333333336,0.0,0,0.0,12.350000381469728,0.9341666666666697,8.634166666666658,3.4908333333333346,0.0,0.7312499999999957,0.0,-2.288333333333334,0.0,-3.7708333333333286,0.0,-3.553333333333338,0.0,-0.07240277229144942,-1.664630173961911,4.631244704767063,0.0,0.0,0.11500072479248225,0.27499961853027344
2019-09-09,45.50708333333333,55004.125,0.0,0,0.0,12.234999656677246,8.634166666666658,-8.687083333333327,0.9341666666666697,0.0,3.4908333333333346,0.0,0.7312499999999957,0.0,-1.399166666666666,0.0,9.068749999999998,0.0,0.2776404524830822,0.5352564630015718,5.392901248257531,-0.11500072479248225,0.0,0.0,0.11500072479248225
2019-09-10,36.82,56168.0,0.0,0,0.0,14.404999732971191,-8.687083333333327,-2.8924999999999983,8.634166666666658,0.0,0.9341666666666697,0.0,3.4908333333333346,0.0,-2.288333333333334,0.0,-3.7708333333333286,0.0,0.021159776653114637,0.7041642145755165,5.566671297160769,2.1700000762939453,-0.11500072479248225,0.0,0.0
2019-09-11,33.9275,56882.04166666666,0.0,0,0.0,14.354999542236328,-2.8924999999999983,3.852083333333333,-8.687083333333327,0.0,8.634166666666658,0.0,0.9341666666666697,0.0,0.7312499999999957,0.0,-1.399166666666666,0.0,0.012712606228932,0.8158210607710097,5.519354537970789,-0.05000019073486328,2.1700000762939453,-0.11500072479248225,0.0
2019-09-12,37.779583333333335,57772.91666666666,0.0,0,0.0,14.46500015258789,3.852083333333333,1.2379166666666634,-2.8924999999999983,0.0,-8.687083333333327,0.0,8.634166666666658,0.0,3.4908333333333346,0.0,-2.288333333333334,0.0,0.01566179718408489,0.9567607963711154,4.807763010378828,0.1100006103515625,-0.05000019073486328,2.1700000762939453,-0.11500072479248225
2019-09-13,39.0175,57235.875,0.0,0,0.0,14.710000038146973,1.2379166666666634,-2.8187500000000014,3.852083333333333,0.0,-2.8924999999999983,0.0,-8.687083333333327,0.0,0.9341666666666697,0.0,0.7312499999999957,0.0,-0.009295734016082968,0.823215192520726,4.645590754338029,0.24499988555908203,0.1100006103515625,-0.05000019073486328,2.1700000762939453
2019-09-14,36.19875,46965.625,0.0,0,0.0,14.710000038146973,-2.8187500000000014,-12.442499999999995,1.2379166666666634,0.0,3.852083333333333,0.0,-2.8924999999999983,0.0,8.634166666666658,0.0,3.4908333333333346,0.0,-0.17943728474492615,-1.0635668364909285,4.726352471739179,0.0,0.24499988555908203,0.1100006103515625,-0.05000019073486328
2019-09-15,23.75625,43399.125,0.0,0,0.0,14.710000038146973,-12.442499999999995,23.394166666666663,-2.8187500000000014,0.0,1.2379166666666634,0.0,3.852083333333333,0.0,-8.687083333333327,0.0,0.9341666666666697,0.0,-0.07593851886353054,-1.5937904902380182,6.189322674710289,0.0,0.0,0.24499988555908203,0.1100006103515625
2019-09-16,47.150416666666665,55411.375,0.0,0,0.0,15.335000038146973,23.394166666666663,-13.282083333333333,-12.442499999999995,0.0,-2.8187500000000014,0.0,1.2379166666666634,0.0,-2.8924999999999983,0.0,8.634166666666658,0.0,0.2767855342705643,0.4970824629994466,9.867129587879809,0.625,0.0,0.0,0.24499988555908203
2019-09-17,33.86833333333333,57238.79166666666,0.0,0,0.0,13.4399995803833,-13.282083333333333,2.610833333333325,23.394166666666663,0.0,-12.442499999999995,0.0,-2.8187500000000014,0.0,3.852083333333333,0.0,-8.687083333333327,0.0,0.03297908898067692,0.7795487833954938,10.861029852726046,-1.8950004577636719,0.625,0.0,0.0
2019-09-18,36.47916666666666,56377.29166666666,0.0,0,0.0,12.4350004196167,2.610833333333325,7.300833333333344,-13.282083333333333,0.0,23.394166666666663,0.0,-12.442499999999995,0.0,1.2379166666666634,0.0,-2.8924999999999983,0.0,-0.015050981596833712,0.5999235795435178,10.893497892987467,-1.0049991607666016,-1.8950004577636719,0.625,0.0
2019-09-19,43.78,56544.208333333336,0.0,0,0.0,12.255000114440918,7.300833333333344,-1.083750000000002,2.610833333333325,0.0,-13.282083333333333,0.0,23.394166666666663,0.0,-2.8187500000000014,0.0,3.852083333333333,0.0,0.0029607074361355235,0.6207579109337793,10.783141279362674,-0.18000030517578125,-1.0049991607666016,-1.8950004577636719,0.625
2019-09-20,42.69625,55621.66666666666,0.0,0,0.0,12.710000038146973,-1.083750000000002,-8.045416666666668,7.300833333333344,0.0,2.610833333333325,0.0,-13.282083333333333,0.0,-12.442499999999995,0.0,1.2379166666666634,0.0,-0.016315405129172733,0.43896010016620346,10.376466804779714,0.4549999237060547,-0.18000030517578125,-1.0049991607666016,-1.8950004577636719
2019-09-21,34.65083333333333,47608.625,0.0,0,0.0,12.710000038146973,-8.045416666666668,-5.009999999999998,-1.083750000000002,0.0,7.300833333333344,0.0,2.610833333333325,0.0,23.394166666666663,0.0,-2.8187500000000014,0.0,-0.14406331465555977,-1.0106657853919976,10.69165018726542,0.0,0.4549999237060547,-0.18000030517578125,-1.0049991607666016
2019-09-22,29.640833333333333,43690.208333333336,0.0,0,0.0,12.710000038146973,-5.009999999999998,14.487083333333324,-8.045416666666668,0.0,-1.083750000000002,0.0,7.300833333333344,0.0,-13.282083333333333,0.0,-12.442499999999995,0.0,-0.08230476445532009,-1.5958666957525827,10.710806606671138,0.0,0.0,0.4549999237060547,-0.18000030517578125
2019-09-23,44.12791666666666,56962.29166666666,0.0,0,0.0,12.244999885559082,14.487083333333324,3.3170833333333434,-5.009999999999998,0.0,-8.045416666666668,0.0,-1.083750000000002,0.0,2.610833333333325,0.0,23.394166666666663,0.0,0.30377706675313365,0.7015705520337554,11.760800419796075,-0.4650001525878906,0.0,0.0,0.4549999237060547
2019-09-24,47.445,58256.958333333336,0.0,0,0.0,12.34000015258789,3.3170833333333434,-0.7004166666666691,14.487083333333324,0.0,-5.009999999999998,0.0,-8.045416666666668,0.0,7.300833333333344,0.0,-13.282083333333333,0.0,0.02272848631587432,0.8844667489627718,11.727789177138687,0.0950002670288086,-0.4650001525878906,0.0,0.0
2019-09-25,46.74458333333333,58256.875,0.0,0,0.0,11.949999809265137,-0.7004166666666691,-5.178333333333335,3.3170833333333434,0.0,14.487083333333324,0.0,-5.009999999999998,0.0,-1.083750000000002,0.0,2.610833333333325,0.0,-1.4304442889079283e-06,0.8650742214365131,10.766953531108522,-0.3900003433227539,0.0950002670288086,-0.4650001525878906,0.0
2019-09-26,41.56625,58665.083333333336,0.0,0,0.0,12.045000076293944,-5.178333333333335,-3.1287499999999966,-0.7004166666666691,0.0,3.3170833333333434,0.0,14.487083333333324,0.0,-8.045416666666668,0.0,7.300833333333344,0.0,0.007007041372084188,0.9403908274026197,7.976366148128684,0.09500026702880682,-0.3900003433227539,0.0950002670288086,-0.4650001525878906
2019-09-27,38.4375,57891.0,0.0,0,0.0,11.9399995803833,-3.1287499999999966,-14.334583333333331,-5.178333333333335,0.0,-0.7004166666666691,0.0,3.3170833333333434,0.0,-5.009999999999998,0.0,-1.083750000000002,0.0,-0.013194958386661071,0.8031842164780616,6.724810237581605,-0.10500049591064275,0.09500026702880682,-0.3900003433227539,0.0950002670288086
2019-09-28,24.10291666666667,48545.375,0.0,0,0.0,11.9399995803833,-14.334583333333331,-13.04625,-3.1287499999999966,0.0,-5.178333333333335,0.0,-0.7004166666666691,0.0,14.487083333333324,0.0,-8.045416666666668,0.0,-0.16143485170406457,-0.889648473244644,8.113377534977529,0.0,-0.10500049591064275,0.09500026702880682,-0.3900003433227539
2019-09-29,11.056666666666668,44993.833333333336,0.0,0,0.0,11.9399995803833,-13.04625,11.044583333333335,-14.334583333333331,0.0,-3.1287499999999966,0.0,-5.178333333333335,0.0,3.3170833333333434,0.0,-5.009999999999998,0.0,-0.07315921787949242,-1.4364049320388117,8.283719165319246,0.0,0.0,-0.10500049591064275,0.09500026702880682
2019-09-30,22.101250000000004,57747.333333333336,0.0,0,0.0,16.389999389648438,11.044583333333335,20.448749999999993,-13.04625,0.0,-14.334583333333331,0.0,-3.1287499999999966,0.0,-0.7004166666666691,0.0,14.487083333333324,0.0,0.28344995425299024,0.8187745147825946,9.44607259822118,4.449999809265137,0.0,0.0,-0.10500049591064275
2019-10-01,42.55,59512.91666666666,0.0,0,0.0,16.760000228881836,20.448749999999993,-1.690416666666664,11.044583333333335,0.0,-13.04625,0.0,-14.334583333333331,0.0,-5.178333333333335,0.0,3.3170833333333434,0.0,0.030574283372392097,1.0855201985123464,11.511602620820968,0.37000083923339844,4.449999809265137,0.0,0.0
2019-10-02,40.85958333333333,58046.625,0.0,0,0.0,16.0049991607666,-1.690416666666664,-0.7924999999999969,20.448749999999993,0.0,11.044583333333335,0.0,-13.04625,0.0,-3.1287499999999966,0.0,-0.7004166666666691,0.0,-0.024638208792208793,0.7727315989058575,11.37279410039934,-0.7550010681152344,0.37000083923339844,4.449999809265137,0.0
2019-10-03,40.067083333333336,46515.41666666666,0.0,0,0.0,16.010000228881836,-0.7924999999999969,3.6174999999999997,-1.690416666666664,0.0,20.448749999999993,0.0,11.044583333333335,0.0,-14.334583333333331,0.0,-5.178333333333335,0.0,-0.19865424274595367,-1.2974083689122158,10.358858163233462,0.005001068115234375,-0.7550010681152344,0.37000083923339844,4.449999809265137
2019-10-04,43.684583333333336,51449.25,0.0,0,0.0,15.770000457763672,3.6174999999999997,-6.789999999999999,-0.7924999999999969,0.0,-1.690416666666664,0.0,20.448749999999993,0.0,-13.04625,0.0,-3.1287499999999966,0.0,0.10606877648091606,-0.3705558086834604,10.371283590381427,-0.23999977111816406,0.005001068115234375,-0.7550010681152344,0.37000083923339844
2019-10-05,36.89458333333334,47144.29166666666,0.0,0,0.0,15.770000457763672,-6.789999999999999,-4.899583333333336,3.6174999999999997,0.0,-0.7924999999999969,0.0,-1.690416666666664,0.0,11.044583333333335,0.0,-14.334583333333331,0.0,-0.08367387927585612,-1.0813037394053768,10.569332206660643,0.0,-0.23999977111816406,0.005001068115234375,-0.7550010681152344
2019-10-06,31.995,45950.583333333336,0.0,0,0.0,15.770000457763672,-4.899583333333336,12.629999999999999,-6.789999999999999,0.0,3.6174999999999997,0.0,-0.7924999999999969,0.0,20.448749999999993,0.0,-13.04625,0.0,-0.025320315379291913,-1.2106414970601718,10.557404972212643,0.0,0.0,-0.23999977111816406,0.005001068115234375
2019-10-07,44.625,57408.16666666666,0.0,0,0.0,15.505000114440918,12.629999999999999,-9.762083333333337,-4.899583333333336,0.0,-6.789999999999999,0.0,3.6174999999999997,0.0,-1.690416666666664,0.0,11.044583333333335,0.0,0.2493457645622923,0.7470175825312786,11.344060551644795,-0.2650003433227539,0.0,0.0,-0.23999977111816406
2019-10-08,34.86291666666666,59519.333333333336,0.0,0,0.0,15.640000343322754,-9.762083333333337,0.33208333333333684,12.629999999999999,0.0,-4.899583333333336,0.0,-6.789999999999999,0.0,-0.7924999999999969,0.0,20.448749999999993,0.0,0.036774674915589944,1.068166358931209,10.751010988564538,0.13500022888183594,-0.2650003433227539,0.0,0.0
2019-10-09,35.195,59391.625,0.0,0,0.0,15.574999809265137,0.33208333333333684,-4.732916666666664,-9.762083333333337,0.0,12.629999999999999,0.0,-4.899583333333336,0.0,3.6174999999999997,0.0,-1.690416666666664,0.0,-0.002145661353733841,1.0000007994622573,9.56542165041926,-0.06500053405761719,0.13500022888183594,-0.2650003433227539,0.0
2019-10-10,30.462083333333336,59717.083333333336,0.0,0,0.0,15.850000381469728,-4.732916666666664,-4.488750000000003,0.33208333333333684,0.0,-9.762083333333337,0.0,12.629999999999999,0.0,-6.789999999999999,0.0,-0.7924999999999969,0.0,0.005479869145411209,1.0213729644472367,9.280618163844867,0.2750005722045916,-0.06500053405761719,0.13500022888183594,-0.2650003433227539
2019-10-11,25.973333333333333,59323.333333333336,0.0,0,0.0,16.135000228881836,-4.488750000000003,-6.242916666666666,-4.732916666666664,0.0,0.33208333333333684,0.0,-9.762083333333337,0.0,-4.899583333333336,0.0,3.6174999999999997,0.0,-0.006593590611285172,0.9260542762986244,6.295308016052606,0.2849998474121076,0.2750005722045916,-0.06500053405761719,0.13500022888183594
2019-10-12,19.730416666666667,49593.16666666666,0.0,0,0.0,16.135000228881836,-6.242916666666666,2.413333333333334,-4.488750000000003,0.0,-4.732916666666664,0.0,0.33208333333333684,0.0,12.629999999999999,0.0,-6.789999999999999,0.0,-0.16401921672191966,-0.7505264147339666,6.4603839456575285,0.0,0.2849998474121076,0.2750005722045916,-0.06500053405761719
2019-10-13,22.14375,45730.208333333336,0.0,0,0.0,16.135000228881836,2.413333333333334,13.41875,-6.242916666666666,0.0,-4.488750000000003,0.0,-4.732916666666664,0.0,-9.762083333333337,0.0,-4.899583333333336,0.0,-0.07789295568273835,-1.3312294481718632,6.610973610264843,0.0,0.0,0.2849998474121076,0.2750005722045916
2019-10-14,35.5625,57296.5,0.0,0,0.0,16.040000915527344,13.41875,8.067916666666669,2.413333333333334,0.0,-6.242916666666666,0.0,-4.488750000000003,0.0,0.33208333333333684,0.0,12.629999999999999,0.0,0.25292453474863885,0.6138798040591394,8.068106331609943,-0.09499931335449219,0.0,0.0,0.2849998474121076
2019-10-15,43.63041666666667,60028.25,0.0,0,0.0,16.065000534057617,8.067916666666669,-4.16791666666667,13.41875,0.0,2.413333333333334,0.0,-6.242916666666666,0.0,-4.732916666666664,0.0,-9.762083333333337,0.0,0.047677432303892875,1.0395651816779805,8.21175252672571,0.024999618530273438,-0.09499931335449219,0.0,0.0
2019-10-16,39.4625,60778.875,0.0,0,0.0,16.075000762939453,-4.16791666666667,4.302916666666661,8.067916666666669,0.0,13.41875,0.0,2.413333333333334,0.0,-4.488750000000003,0.0,0.33208333333333684,0.0,0.01250452911754052,1.1191003051472421,8.15967263767446,0.010000228881835938,0.024999618530273438,-0.09499931335449219,0.0
2019-10-17,43.76541666666666,60145.54166666666,0.0,0,0.0,16.024999618530273,4.302916666666661,-8.41083333333333,-4.16791666666667,0.0,8.067916666666669,0.0,13.41875,0.0,-6.242916666666666,0.0,-4.732916666666664,0.0,-0.010420287202310696,0.9755774682903278,7.17807601195553,-0.05000114440917969,0.010000228881835938,0.024999618530273438,-0.09499931335449219
2019-10-18,35.35458333333333,59462.625,0.0,0,0.0,15.96500015258789,-8.41083333333333,-2.2691666666666634,4.302916666666661,0.0,-4.16791666666667,0.0,8.067916666666669,0.0,2.413333333333334,0.0,-4.488750000000003,0.0,-0.011354402134267194,0.8278779218799639,6.985831201593793,-0.05999946594238281,-0.05000114440917969,0.010000228881835938,0.024999618530273438
2019-10-19,33.08541666666667,49906.083333333336,0.0,0,0.0,15.96500015258789,-2.2691666666666634,1.7441666666666649,-8.41083333333333,0.0,4.302916666666661,0.0,-4.16791666666667,0.0,13.41875,0.0,-6.242916666666666,0.0,-0.16071509905031378,-0.7962513274245665,7.022460123239252,0.0,-0.05999946594238281,-0.05000114440917969,0.010000228881835938
2019-10-20,34.82958333333333,45345.25,0.0,0,0.0,15.96500015258789,1.7441666666666649,8.892916666666665,-2.2691666666666634,0.0,-8.41083333333333,0.0,4.302916666666661,0.0,8.067916666666669,0.0,2.413333333333334,0.0,-0.09138832440266975,-1.467706033294113,6.855765306083607,0.0,0.0,-0.05999946594238281,-0.05000114440917969
2019-10-21,43.7225,58219.625,0.0,0,0.0,15.609999656677246,8.892916666666665,3.1058333333333437,1.7441666666666649,0.0,-2.2691666666666634,0.0,-8.41083333333333,0.0,-4.16791666666667,0.0,13.41875,0.0,0.2839189330745777,0.6255114873673377,7.089530352377712,-0.35500049591064453,0.0,0.0,-0.05999946594238281
2019-10-22,46.82833333333334,59936.583333333336,0.0,0,0.0,15.595000267028809,3.1058333333333437,-3.313333333333347,8.892916666666665,0.0,1.7441666666666649,0.0,-2.2691666666666634,0.0,4.302916666666661,0.0,8.067916666666669,0.0,0.029491057926486652,0.8662576661692464,6.507250150680766,-0.0149993896484375,-0.35500049591064453,0.0,0.0
2019-10-23,43.51499999999999,60733.91666666666,0.0,0,0.0,15.414999961853027,-3.313333333333347,-4.9029166666666555,3.1058333333333437,0.0,8.892916666666665,0.0,1.7441666666666649,0.0,-8.41083333333333,0.0,-4.16791666666667,0.0,0.01330294936731713,0.9707860994494436,6.7824071179529115,-0.18000030517578125,-0.0149993896484375,-0.35500049591064453,0.0
2019-10-24,38.61208333333334,60477.75,0.0,0,0.0,15.654999732971191,-4.9029166666666555,-2.5008333333333397,-3.313333333333347,0.0,3.1058333333333437,0.0,8.892916666666665,0.0,-2.2691666666666634,0.0,4.302916666666661,0.0,-0.004217851914155468,0.9042891804146317,5.799695335927934,0.23999977111816406,-0.18000030517578125,-0.0149993896484375,-0.35500049591064453
2019-10-25,36.11125,58973.333333333336,0.0,0,0.0,15.234999656677246,-2.5008333333333397,-15.90583333333333,-4.9029166666666555,0.0,-3.313333333333347,0.0,3.1058333333333437,0.0,1.7441666666666649,0.0,-8.41083333333333,0.0,-0.02487553962683242,0.6379532421584332,5.1550114887432565,-0.4200000762939453,0.23999977111816406,-0.18000030517578125,-0.0149993896484375
2019-10-26,20.205416666666668,50748.5,0.0,0,0.0,15.234999656677246,-15.90583333333333,0.5565833333333323,-2.5008333333333397,0.0,-4.9029166666666555,0.0,-3.313333333333347,0.0,8.892916666666665,0.0,-2.2691666666666634,0.0,-0.13946699073027358,-0.735107851451283,7.018717488216706,0.0,-0.4200000762939453,0.23999977111816406,-0.18000030517578125
2019-10-27,20.762,45983.56,0.0,0,0.0,15.234999656677246,0.5565833333333323,21.682583333333326,-15.90583333333333,0.0,-2.5008333333333397,0.0,-4.9029166666666555,0.0,3.1058333333333437,0.0,1.7441666666666649,0.0,-0.09389321851877397,-1.4376403843151841,6.743919547743438,0.0,0.0,-0.4200000762939453,0.23999977111816406
2019-10-28,42.44458333333333,59376.75,0.0,0,0.0,14.390000343322754,21.682583333333326,5.6695833333333425,0.5565833333333323,0.0,-15.90583333333333,0.0,-2.5008333333333397,0.0,-3.313333333333347,0.0,8.892916666666665,0.0,0.29126039828147277,0.7379541700870418,9.755939890240006,-0.8449993133544922,0.0,0.0,-0.4200000762939453
2019-10-29,48.11416666666667,60937.0,0.0,0,0.0,13.835000038146973,5.6695833333333425,-0.09208333333333485,21.682583333333326,0.0,0.5565833333333323,0.0,-15.90583333333333,0.0,-4.9029166666666555,0.0,3.1058333333333437,0.0,0.02627712025329787,0.9447371990125538,9.80952373650806,-0.5550003051757812,-0.8449993133544922,0.0,0.0
2019-10-30,48.022083333333335,60885.333333333336,0.0,0,0.0,13.779999732971191,-0.09208333333333485,-5.387500000000003,5.6695833333333425,0.0,21.682583333333326,0.0,0.5565833333333323,0.0,-2.5008333333333397,0.0,-3.313333333333347,0.0,-0.00084787020474697,0.9064236237659562,9.821684017431659,-0.05500030517578125,-0.5550003051757812,-0.8449993133544922,0.0
2019-10-31,42.63458333333333,57108.91666666666,0.0,0,0.0,16.135000228881836,-5.387500000000003,-10.368749999999999,-0.09208333333333485,0.0,5.6695833333333425,0.0,21.682583333333326,0.0,-15.90583333333333,0.0,-4.9029166666666555,0.0,-0.06202506350735826,0.2721949821193732,9.634523174569285,2.3550004959106445,-0.05500030517578125,-0.5550003051757812,-0.8449993133544922
2019-11-01,32.26583333333333,51595.958333333336,0.0,0,0.0,16.174999237060547,-10.368749999999999,-4.790416666666669,-5.387500000000003,0.0,-0.09208333333333485,0.0,5.6695833333333425,0.0,0.5565833333333323,0.0,-2.5008333333333397,0.0,-0.09653410807127294,-0.6430497508683529,10.067510023846403,0.03999900817871094,2.3550004959106445,-0.05500030517578125,-0.5550003051757812
2019-11-02,27.475416666666664,49519.29166666666,0.0,0,0.0,16.174999237060547,-4.790416666666669,-0.7870833333333316,-10.368749999999999,0.0,-5.387500000000003,0.0,-0.09208333333333485,0.0,21.682583333333326,0.0,-15.90583333333333,0.0,-0.04024863058556771,-1.042573821865801,10.108536293972511,0.0,0.03999900817871094,2.3550004959106445,-0.05500030517578125
2019-11-03,26.688333333333333,45855.708333333336,0.0,0,0.0,16.174999237060547,-0.7870833333333316,12.013333333333335,-4.790416666666669,0.0,-10.368749999999999,0.0,-5.387500000000003,0.0,5.6695833333333425,0.0,0.5565833333333323,0.0,-0.07398295108892727,-1.59385172300042,10.042867587036934,0.0,0.0,0.03999900817871094,2.3550004959106445
2019-11-04,38.70166666666667,58652.75,0.0,0,0.0,16.479999542236328,12.013333333333335,4.000416666666659,-0.7870833333333316,0.0,-4.790416666666669,0.0,-10.368749999999999,0.0,-0.09208333333333485,0.0,21.682583333333326,0.0,0.27907194396917134,0.5308918969645361,10.84919490258781,0.30500030517578125,0.0,0.0,0.03999900817871094
2019-11-05,42.70208333333333,60760.875,0.0,0,0.0,16.790000915527344,4.000416666666659,9.088750000000005,12.013333333333335,0.0,-0.7870833333333316,0.0,-4.790416666666669,0.0,-5.387500000000003,0.0,5.6695833333333425,0.0,0.03594247499051617,0.8474993266975211,9.264112924660681,0.3100013732910156,0.30500030517578125,0.0,0.0
2019-11-06,51.79083333333333,61876.41666666666,0.0,0,0.0,16.280000686645508,9.088750000000005,-9.074166666666663,4.000416666666659,0.0,12.013333333333335,0.0,-0.7870833333333316,0.0,-10.368749999999999,0.0,-0.09208333333333485,0.0,0.018359539204573005,1.006124279510591,9.48121439357073,-0.5100002288818359,0.3100013732910156,0.30500030517578125,0.0
2019-11-07,42.71666666666667,62526.54166666666,0.0,0,0.0,16.1200008392334,-9.074166666666663,4.405833333333334,9.088750000000005,0.0,4.000416666666659,0.0,12.013333333333335,0.0,-4.790416666666669,0.0,-5.387500000000003,0.0,0.01050683014664977,1.087743553093635,7.583009992725147,-0.15999984741210938,-0.5100002288818359,0.3100013732910156,0.30500030517578125
2019-11-08,47.1225,61457.458333333336,0.0,0,0.0,15.9399995803833,4.405833333333334,-5.43,-9.074166666666663,0.0,9.088750000000005,0.0,4.000416666666659,0.0,-0.7870833333333316,0.0,-10.368749999999999,0.0,-0.01709807235194105,0.8791019365300174,7.488469802092599,-0.18000125885009766,-0.15999984741210938,-0.5100002288818359,0.3100013732910156
2019-11-09,41.6925,52416.833333333336,0.0,0,0.0,15.9399995803833,-5.43,-0.720000000000006,4.405833333333334,0.0,-9.074166666666663,0.0,9.088750000000005,0.0,12.013333333333335,0.0,-4.790416666666669,0.0,-0.14710378927428802,-0.6585025802680059,7.6758135161457615,0.0,-0.18000125885009766,-0.15999984741210938,-0.5100002288818359
2019-11-10,40.9725,49245.25,0.0,0,0.0,15.9399995803833,-0.720000000000006,0.13375000000000625,-5.43,0.0,4.405833333333334,0.0,-9.074166666666663,0.0,4.000416666666659,0.0,-0.7870833333333316,0.0,-0.060506961822061056,-1.1329434591137153,7.494341364422748,0.0,0.0,-0.18000125885009766,-0.15999984741210938
2019-11-11,41.10625,62277.66666666666,0.0,0,0.0,15.845000267028809,0.13375000000000625,1.0941666666666592,-0.720000000000006,0.0,-5.43,0.0,4.405833333333334,0.0,9.088750000000005,0.0,12.013333333333335,0.0,0.26464312124858047,1.030927921365142,6.586638329014169,-0.09499931335449219,0.0,0.0,-0.18000125885009766
2019-11-12,42.20041666666666,63254.583333333336,0.0,0,0.0,15.545000076293944,1.0941666666666592,4.879166666666677,0.13375000000000625,0.0,-0.720000000000006,0.0,-5.43,0.0,-9.074166666666663,0.0,4.000416666666659,0.0,0.015686468664529496,1.1414190205868107,6.2790310941643215,-0.30000019073486506,-0.09499931335449219,0.0,0.0
2019-11-13,47.07958333333334,62740.625,0.0,0,0.0,15.449999809265137,4.879166666666677,-1.7562500000000085,1.0941666666666592,0.0,0.13375000000000625,0.0,-0.720000000000006,0.0,4.405833333333334,0.0,9.088750000000005,0.0,-0.008125234666789716,0.9991284281828973,6.308064550545081,-0.09500026702880682,-0.30000019073486506,-0.09499931335449219,0.0
2019-11-14,45.32333333333333,62400.79166666666,0.0,0,0.0,15.670000076293944,-1.7562500000000085,-7.423333333333332,4.879166666666677,0.0,1.0941666666666592,0.0,0.13375000000000625,0.0,-5.43,0.0,-9.074166666666663,0.0,-0.005416479885773207,0.9162210897047003,5.313347996227357,0.22000026702880682,-0.09500026702880682,-0.30000019073486506,-0.09499931335449219
2019-11-15,37.9,61408.208333333336,0.0,0,0.0,15.71500015258789,-7.423333333333332,0.1983333333333377,-1.7562500000000085,0.0,4.879166666666677,0.0,1.0941666666666592,0.0,-0.720000000000006,0.0,4.405833333333334,0.0,-0.01590658238176712,0.7384577560340028,5.727770490653113,0.04500007629394709,0.22000026702880682,-0.09500026702880682,-0.30000019073486506
2019-11-16,38.098333333333336,52639.833333333336,0.0,0,0.0,15.71500015258789,0.1983333333333377,-1.2800000000000011,-7.423333333333332,0.0,-1.7562500000000085,0.0,4.879166666666677,0.0,0.13375000000000625,0.0,-5.43,0.0,-0.14278832159381516,-0.7321176387511347,4.669733486328128,0.0,0.04500007629394709,0.22000026702880682,-0.09500026702880682
2019-11-17,36.818333333333335,49130.333333333336,0.0,0,0.0,15.71500015258789,-1.2800000000000011,4.5433333333333294,0.1983333333333377,0.0,-7.423333333333332,0.0,-1.7562500000000085,0.0,1.0941666666666592,0.0,-0.720000000000006,0.0,-0.06667004391477938,-1.2457330485465765,3.812625499857208,0.0,0.0,0.04500007629394709,0.22000026702880682
2019-11-18,41.361666666666665,61377.208333333336,0.0,0,0.0,15.229999542236328,4.5433333333333294,5.126250000000006,-1.2800000000000011,0.0,0.1983333333333377,0.0,-7.423333333333332,0.0,4.879166666666677,0.0,0.13375000000000625,0.0,0.2492731917145552,0.7565516684477074,3.832838269159265,-0.4850006103515625,0.0,0.0,0.04500007629394709
2019-11-19,46.48791666666667,63864.0,0.0,0,0.0,15.289999961853027,5.126250000000006,6.76541666666666,4.5433333333333294,0.0,-1.2800000000000011,0.0,0.1983333333333377,0.0,-1.7562500000000085,0.0,1.0941666666666592,0.0,0.04051653267058275,1.13089947170444,3.8010013272679752,0.06000041961669922,-0.4850006103515625,0.0,0.0
2019-11-20,53.25333333333333,63235.04166666666,0.0,0,0.0,15.59000015258789,6.76541666666666,-3.1670833333333306,5.126250000000006,0.0,4.5433333333333294,0.0,-1.2800000000000011,0.0,-7.423333333333332,0.0,4.879166666666677,0.0,-0.009848401812184382,0.971851214301259,4.249165641592745,0.3000001907348633,0.06000041961669922,-0.4850006103515625,0.0
2019-11-21,50.08625,63595.583333333336,0.0,0,0.0,15.625,-3.1670833333333306,-6.506249999999994,6.76541666666666,0.0,5.126250000000006,0.0,4.5433333333333294,0.0,0.1983333333333377,0.0,-1.7562500000000085,0.0,0.005701611909536108,0.9983839491661102,4.466281729198107,0.034999847412109375,0.3000001907348633,0.06000041961669922,-0.4850006103515625
2019-11-22,43.580000000000005,62941.208333333336,0.0,0,0.0,16.049999237060547,-6.506249999999994,-13.001250000000006,-3.1670833333333306,0.0,6.76541666666666,0.0,5.126250000000006,0.0,-1.2800000000000011,0.0,-7.423333333333332,0.0,-0.010289629651954346,0.8644137541431924,5.039145162423813,0.4249992370605469,0.034999847412109375,0.3000001907348633,0.06000041961669922
2019-11-23,30.57875,53671.79166666666,0.0,0,0.0,16.049999237060547,-13.001250000000006,2.8912499999999994,-6.506249999999994,0.0,-3.1670833333333306,0.0,6.76541666666666,0.0,4.5433333333333294,0.0,0.1983333333333377,0.0,-0.14727103136591113,-0.6854014404169856,6.206857004431286,0.0,0.4249992370605469,0.034999847412109375,0.3000001907348633
2019-11-24,33.47,49426.583333333336,0.0,0,0.0,16.049999237060547,2.8912499999999994,17.649583333333332,-13.001250000000006,0.0,-6.506249999999994,0.0,-3.1670833333333306,0.0,5.126250000000006,0.0,-1.2800000000000011,0.0,-0.07909570747513994,-1.315216120390975,6.369878564335716,0.0,0.0,0.4249992370605469,0.034999847412109375
2019-11-25,51.11958333333333,61768.125,0.0,0,0.0,16.235000610351562,17.649583333333332,-3.7549999999999955,2.8912499999999994,0.0,-13.001250000000006,0.0,-6.506249999999994,0.0,6.76541666666666,0.0,4.5433333333333294,0.0,0.24969441208256682,0.6781526680296177,8.287571036346264,0.18500137329101562,0.0,0.0,0.4249992370605469
2019-11-26,47.364583333333336,63462.875,0.0,0,0.0,15.850000381469728,-3.7549999999999955,-7.865000000000009,17.649583333333332,0.0,2.8912499999999994,0.0,-13.001250000000006,0.0,-3.1670833333333306,0.0,5.126250000000006,0.0,0.027437290673790082,0.9180046319514913,8.44001442518319,-0.38500022888183416,0.18500137329101562,0.0,0.0
2019-11-27,39.49958333333333,64559.79166666666,0.0,0,0.0,15.979999542236328,-7.865000000000009,-9.012916666666662,-3.7549999999999955,0.0,17.649583333333332,0.0,2.8912499999999994,0.0,-6.506249999999994,0.0,6.76541666666666,0.0,0.01728438345515637,1.0614603393396436,8.876885372357075,0.1299991607665998,-0.38500022888183416,0.18500137329101562,0.0
2019-11-28,30.486666666666665,63975.75,0.0,0,0.0,15.979999542236328,-9.012916666666662,9.594583333333333,-7.865000000000009,0.0,-3.7549999999999955,0.0,17.649583333333332,0.0,-13.001250000000006,0.0,-3.1670833333333306,0.0,-0.009046523410146112,0.9300874757449807,9.181351764094996,0.0,0.1299991607665998,-0.38500022888183416,0.18500137329101562
2019-11-29,40.08125,62089.75,0.0,0,0.0,16.329999923706055,9.594583333333333,1.9308333333333323,-9.012916666666662,0.0,-7.865000000000009,0.0,-3.7549999999999955,0.0,2.8912499999999994,0.0,-6.506249999999994,0.0,-0.029479920125985215,0.5954760143354187,9.61581219164243,0.35000038146972656,0.0,0.1299991607665998,-0.38500022888183416
2019-11-30,42.01208333333333,52312.375,0.0,0,0.0,16.329999923706055,1.9308333333333323,0.43583333333332774,9.594583333333333,0.0,-9.012916666666662,0.0,-7.865000000000009,0.0,17.649583333333332,0.0,-13.001250000000006,0.0,-0.15747164387036505,-1.0394778307483212,9.319035591814092,0.0,0.35000038146972656,0.0,0.1299991607665998
2019-12-01,42.44791666666666,50708.333333333336,0.0,0,0.0,16.329999923706055,0.43583333333332774,3.732916666666675,1.9308333333333323,0.0,9.594583333333333,0.0,-9.012916666666662,0.0,-3.7549999999999955,0.0,2.8912499999999994,0.0,-0.030662757457803558,-1.29711167789906,9.300905031547474,0.0,0.0,0.35000038146972656,0.0
2019-12-02,46.18083333333333,60536.04166666666,0.0,0,0.0,15.8100004196167,3.732916666666675,5.174999999999997,0.43583333333332774,0.0,1.9308333333333323,0.0,9.594583333333333,0.0,-7.865000000000009,0.0,17.649583333333332,0.0,0.19380854560394378,0.302220097842232,9.161045959440909,-0.5199995040893555,0.0,0.0,0.35000038146972656
2019-12-03,51.35583333333333,64340.25,0.0,0,0.0,15.770000457763672,5.174999999999997,-3.4124999999999943,3.732916666666675,0.0,0.43583333333332774,0.0,1.9308333333333323,0.0,-9.012916666666662,0.0,-3.7549999999999955,0.0,0.06284203969398416,0.935121472496803,7.9622631155773185,-0.039999961853027344,-0.5199995040893555,0.0,0.0
2019-12-04,47.943333333333335,64514.458333333336,0.0,0,0.0,15.880000114440918,-3.4124999999999943,-6.1270833333333385,5.174999999999997,0.0,3.732916666666675,0.0,0.43583333333332774,0.0,9.594583333333333,0.0,-7.865000000000009,0.0,0.0027076104512080423,0.91736202260127,8.138287537511243,0.1099996566772461,-0.039999961853027344,-0.5199995040893555,0.0
2019-12-05,41.81625,66134.41666666667,0.0,0,0.0,15.414999961853027,-6.1270833333333385,-10.716666666666665,-3.4124999999999943,0.0,5.174999999999997,0.0,3.732916666666675,0.0,1.9308333333333323,0.0,-9.012916666666662,0.0,0.02511000441115585,1.1593952088361676,6.095639711109512,-0.4650001525878906,0.1099996566772461,-0.039999961853027344,-0.5199995040893555
2019-12-06,31.09958333333333,65464.66666666666,0.0,0,0.0,15.140000343322754,-10.716666666666665,-6.18708333333333,-6.1270833333333385,0.0,-3.4124999999999943,0.0,5.174999999999997,0.0,0.43583333333332774,0.0,9.594583333333333,0.0,-0.010127102252609488,0.9993434330488453,6.809784704089426,-0.27499961853027344,-0.4650001525878906,0.1099996566772461,-0.039999961853027344
2019-12-07,24.9125,54932.583333333336,0.0,0,0.0,15.140000343322754,-6.18708333333333,-41.295833333333334,-10.716666666666665,0.0,-6.1270833333333385,0.0,-3.4124999999999943,0.0,3.732916666666675,0.0,1.9308333333333323,0.0,-0.1608819515871155,-0.8443420072558708,6.6579693859706595,0.0,-0.27499961853027344,-0.4650001525878906,0.1099996566772461
2019-12-08,-16.383333333333333,51416.66666666666,0.0,0,0.0,15.140000343322754,-41.295833333333334,39.74875,-6.18708333333333,0.0,-10.716666666666665,0.0,-6.1270833333333385,0.0,5.174999999999997,0.0,0.43583333333332774,0.0,-0.06400421122254418,-1.3668320565823227,14.238714053094942,0.0,0.0,-0.27499961853027344,-0.4650001525878906
2019-12-09,23.365416666666665,63226.66666666666,0.0,0,0.0,14.890000343322754,39.74875,16.808333333333334,-41.295833333333334,0.0,-6.18708333333333,0.0,-10.716666666666665,0.0,-3.4124999999999943,0.0,3.732916666666675,0.0,0.2296920583468396,0.623104946365183,19.73241461766703,-0.25,0.0,0.0,-0.27499961853027344
2019-12-10,40.17375,64718.375,0.0,0,0.0,14.529999732971191,16.808333333333334,-2.054166666666667,39.74875,0.0,-41.295833333333334,0.0,-6.18708333333333,0.0,-6.1270833333333385,0.0,5.174999999999997,0.0,0.023593025094896802,0.8370923972814845,20.576981728062986,-0.3600006103515625,-0.25,0.0,0.0
2019-12-11,38.11958333333333,65977.45833333333,0.0,0,0.0,14.045000076293944,-2.054166666666667,6.497916666666669,16.808333333333334,0.0,39.74875,0.0,-41.295833333333334,0.0,-10.716666666666665,0.0,-3.4124999999999943,0.0,0.019454804502327727,1.0303902531593576,20.583714553374854,-0.48499965667724787,-0.3600006103515625,-0.25,0.0
2019-12-12,44.6175,65702.375,0.0,0,0.0,14.770000457763672,6.497916666666669,-8.085,-2.054166666666667,0.0,16.808333333333334,0.0,39.74875,0.0,-6.18708333333333,0.0,-6.1270833333333385,0.0,-0.004169353295538358,0.954393491100342,20.66430374484609,0.7250003814697283,-0.48499965667724787,-0.3600006103515625,-0.25
2019-12-13,36.5325,63762.333333333336,0.0,0,0.0,13.80500030517578,-8.085,-13.303333333333331,6.497916666666669,0.0,-2.054166666666667,0.0,16.808333333333334,0.0,-41.295833333333334,0.0,-10.716666666666665,0.0,-0.02952772508857804,0.5965321508441159,20.70957621577607,-0.9650001525878924,0.7250003814697283,-0.48499965667724787,-0.3600006103515625
2019-12-14,23.229166666666668,54789.5,0.0,0,0.0,13.80500030517578,-13.303333333333331,-10.547916666666667,-8.085,0.0,6.497916666666669,0.0,-2.054166666666667,0.0,39.74875,0.0,-6.18708333333333,0.0,-0.1407231019358347,-0.9566239362439433,21.045470778423912,0.0,-0.9650001525878924,0.7250003814697283,-0.48499965667724787
2019-12-15,12.68125,50598.583333333336,0.0,0,0.0,13.80500030517578,-10.547916666666667,28.157083333333333,-13.303333333333331,0.0,-8.085,0.0,6.497916666666669,0.0,16.808333333333334,0.0,-41.295833333333334,0.0,-0.07649123767631871,-1.5636019903301075,21.17681682958871,0.0,0.0,-0.9650001525878924,0.7250003814697283
2019-12-16,40.83833333333333,61193.708333333336,0.0,0,0.0,13.890000343322754,28.157083333333333,-4.122500000000002,-10.547916666666667,0.0,-13.303333333333331,0.0,-8.085,0.0,-2.054166666666667,0.0,39.74875,0.0,0.2093956846617906,0.18777811104093697,23.068721088774797,0.08500003814697443,0.0,0.0,-0.9650001525878924
2019-12-17,36.71583333333333,61568.833333333336,0.0,0,0.0,14.460000038146973,-4.122500000000002,3.488333333333337,28.157083333333333,0.0,-10.547916666666667,0.0,-13.303333333333331,0.0,6.497916666666669,0.0,16.808333333333334,0.0,0.006130123671483023,0.19384937222814114,23.00666690210569,0.5699996948242188,0.08500003814697443,0.0,0.0
2019-12-18,40.204166666666666,60781.16666666666,0.0,0,0.0,14.949999809265137,3.488333333333337,-5.558749999999996,-4.122500000000002,0.0,28.157083333333333,0.0,-10.547916666666667,0.0,-8.085,0.0,-2.054166666666667,0.0,-0.012793269321870304,0.05075538575021046,17.525538407969055,0.48999977111816406,0.5699996948242188,0.08500003814697443,0.0
2019-12-19,34.64541666666667,60047.625,0.0,0,0.0,15.005000114440918,-5.558749999999996,-5.239166666666669,3.488333333333337,0.0,-4.122500000000002,0.0,28.157083333333333,0.0,-13.303333333333331,0.0,6.497916666666669,0.0,-0.012068568388782563,-0.06274211305820138,13.007381319115126,0.05500030517578125,0.48999977111816406,0.5699996948242188,0.08500003814697443
2019-12-20,29.40625,56562.208333333336,0.0,0,0.0,14.234999656677246,-5.239166666666669,-1.2987499999999983,-5.558749999999996,0.0,3.488333333333337,0.0,-4.122500000000002,0.0,-10.547916666666667,0.0,-8.085,0.0,-0.05804420518990827,-0.6734129800288501,11.873342931492719,-0.7700004577636719,0.05500030517578125,0.48999977111816406,0.5699996948242188
2019-12-21,28.1075,50260.875,0.0,0,0.0,14.234999656677246,-1.2987499999999983,-1.6320833333333375,-5.239166666666669,0.0,-5.558749999999996,0.0,3.488333333333337,0.0,28.157083333333333,0.0,-13.303333333333331,0.0,-0.11140536267958656,-1.689822560622288,11.868835600218599,0.0,-0.7700004577636719,0.05500030517578125,0.48999977111816406
2019-12-22,26.475416666666664,47572.875,0.0,0,0.0,14.234999656677246,-1.6320833333333375,-1.9791666666666643,-1.2987499999999983,0.0,-5.239166666666669,0.0,-5.558749999999996,0.0,-4.122500000000002,0.0,-10.547916666666667,0.0,-0.053480963075155374,-1.944954434004017,11.572835838218294,0.0,0.0,-0.7700004577636719,0.05500030517578125
2019-12-23,24.49625,50703.41666666666,0.0,0,0.0,13.024999618530272,-1.9791666666666643,-3.980833333333333,-1.6320833333333375,0.0,-1.2987499999999983,0.0,-5.239166666666669,0.0,3.488333333333337,0.0,28.157083333333333,0.0,0.06580518134896529,-1.3776500423325349,11.364423175960157,-1.2100000381469744,0.0,0.0,-0.7700004577636719
2019-12-24,20.515416666666667,46365.91666666666,0.0,0,0.0,12.604999542236328,-3.980833333333333,6.733333333333334,-1.9791666666666643,0.0,-1.6320833333333375,0.0,-1.2987499999999983,0.0,-5.558749999999996,0.0,-4.122500000000002,0.0,-0.08554650327640645,-2.0096107085398685,10.619531643003132,-0.42000007629394354,-1.2100000381469744,0.0,0.0
2019-12-25,27.24875,43508.333333333336,0.0,0,0.0,12.604999542236328,6.733333333333334,6.378750000000004,-3.980833333333333,0.0,-1.9791666666666643,0.0,-1.6320833333333375,0.0,-5.239166666666669,0.0,3.488333333333337,0.0,-0.06163111912306252,-2.167356172465624,10.157452332060801,0.0,-0.42000007629394354,-1.2100000381469744,0.0
2019-12-26,33.627500000000005,43392.04166666666,0.0,0,0.0,12.604999542236328,6.378750000000004,4.189166666666665,6.733333333333334,0.0,-3.980833333333333,0.0,-1.9791666666666643,0.0,-1.2987499999999983,0.0,-5.558749999999996,0.0,-0.002672859605439837,-1.9580493090771882,4.624250624141985,0.0,0.0,-0.42000007629394354,-1.2100000381469744
2019-12-27,37.81666666666667,48734.375,0.0,0,0.0,12.765000343322754,4.189166666666665,-3.524166666666673,6.378750000000004,0.0,6.733333333333334,0.0,-3.980833333333333,0.0,-1.6320833333333375,0.0,-5.239166666666669,0.0,0.12311781442257574,-1.1466415360891782,4.691431716536746,0.16000080108642578,0.0,0.0,-0.42000007629394354
2019-12-28,34.2925,47569.083333333336,0.0,0,0.0,12.765000343322754,-3.524166666666673,-4.126249999999995,4.189166666666665,0.0,6.378750000000004,0.0,6.733333333333334,0.0,-1.9791666666666643,0.0,-1.2987499999999983,0.0,-0.023911082611948187,-1.2159905018136232,4.654310646335673,0.0,0.16000080108642578,0.0,0.0
2019-12-29,30.16625,45257.625,0.0,0,0.0,12.765000343322754,-4.126249999999995,-4.599166666666669,-3.524166666666673,0.0,4.189166666666665,0.0,6.378750000000004,0.0,-3.980833333333333,0.0,-1.6320833333333375,0.0,-0.04859160974652654,-1.4113375400728645,4.504049939385939,0.0,0.0,0.16000080108642578,0.0
2019-12-30,25.567083333333333,49960.54166666666,0.0,0,0.0,12.295000076293944,-4.599166666666669,7.167916666666667,-4.126249999999995,0.0,-3.524166666666673,0.0,4.189166666666665,0.0,6.733333333333334,0.0,-1.9791666666666643,0.0,0.10391434960775459,-0.7830168782871058,4.43238126002945,-0.47000026702881037,0.0,0.0,0.16000080108642578
2019-12-31,32.735,46942.333333333336,0.0,0,0.0,12.050000190734863,7.167916666666667,2.2291666666666643,-4.599166666666669,0.0,-4.126249999999995,0.0,-3.524166666666673,0.0,6.378750000000004,0.0,-3.980833333333333,0.0,-0.060411841678390976,-1.1399023094481386,5.009311939118591,-0.24499988555908025,-0.47000026702881037,0.0,0.0
2020-01-01,34.964166666666664,43988.375,0.0,0,0.0,12.050000190734863,2.2291666666666643,3.905000000000001,7.167916666666667,0.0,-4.599166666666669,0.0,-4.126249999999995,0.0,4.189166666666665,0.0,6.733333333333334,0.0,-0.06292738608363457,-1.4032564458364922,4.978619073600272,0.0,-0.24499988555908025,-0.47000026702881037,0.0
2020-01-02,38.869166666666665,53865.208333333336,0.0,0,0.0,12.074999809265137,3.905000000000001,-12.757916666666667,2.2291666666666643,0.0,7.167916666666667,0.0,-4.599166666666669,0.0,-3.524166666666673,0.0,6.378750000000004,0.0,0.22453280743681336,-0.14147621936006868,4.954902953767208,0.024999618530273438,0.0,-0.24499988555908025,-0.47000026702881037
2020-01-03,26.11125,55654.625,0.0,0,0.0,12.984999656677246,-12.757916666666667,-5.78833333333333,3.905000000000001,0.0,2.2291666666666643,0.0,7.167916666666667,0.0,-4.126249999999995,0.0,4.189166666666665,0.0,0.03322026818485946,0.12546784815119472,6.543900565143275,0.9099998474121094,0.024999618530273438,0.0,-0.24499988555908025
2020-01-04,20.322916666666668,52640.16666666666,0.0,0,0.0,12.984999656677246,-5.78833333333333,15.229583333333334,-12.757916666666667,0.0,3.905000000000001,0.0,2.2291666666666643,0.0,-4.599166666666669,0.0,-3.524166666666673,0.0,-0.05416366264858208,-0.21608675025333113,6.428282601058783,0.0,0.9099998474121094,0.024999618530273438,0.0
2020-01-05,35.5525,47989.04166666666,0.0,0,0.0,12.984999656677246,15.229583333333334,2.5816666666666634,-5.78833333333333,0.0,-12.757916666666667,0.0,3.905000000000001,0.0,7.167916666666667,0.0,-4.126249999999995,0.0,-0.0883569580896717,-0.7906860843069891,7.94133536190532,0.0,0.0,0.9099998474121094,0.024999618530273438
2020-01-06,38.134166666666665,56630.875,0.0,0,0.0,12.279999732971191,2.5816666666666634,2.3895833333333343,15.229583333333334,0.0,-5.78833333333333,0.0,-12.757916666666667,0.0,2.2291666666666643,0.0,-4.599166666666669,0.0,0.18007930629996283,0.4061823193856371,7.867370259947078,-0.7049999237060547,0.0,0.0,0.9099998474121094
2020-01-07,40.52375,62598.0,0.0,0,0.0,11.93000030517578,2.3895833333333343,-6.9424999999999955,2.5816666666666634,0.0,15.229583333333334,0.0,-5.78833333333333,0.0,3.905000000000001,0.0,7.167916666666667,0.0,0.10536875864976492,1.1582850207143869,7.792284104200255,-0.34999942779541193,-0.7049999237060547,0.0,0.0
2020-01-08,33.581250000000004,63837.25,0.0,0,0.0,11.96500015258789,-6.9424999999999955,2.6670833333333306,2.3895833333333343,0.0,2.5816666666666634,0.0,15.229583333333334,0.0,-12.757916666666667,0.0,2.2291666666666643,0.0,0.019796958369276973,1.3192932090911886,8.03026370390923,0.03499984741211115,-0.34999942779541193,-0.7049999237060547,0.0
2020-01-09,36.248333333333335,63063.41666666666,0.0,0,0.0,12.18000030517578,2.6670833333333306,-1.448750000000004,-6.9424999999999955,0.0,2.3895833333333343,0.0,2.5816666666666634,0.0,-5.78833333333333,0.0,3.905000000000001,0.0,-0.012121971628372807,1.2346366768264292,7.860481524773957,0.21500015258788885,0.03499984741211115,-0.34999942779541193,-0.7049999237060547
2020-01-10,34.79958333333333,61985.083333333336,0.0,0,0.0,11.9399995803833,-1.448750000000004,-2.943749999999998,2.6670833333333306,0.0,-6.9424999999999955,0.0,2.3895833333333343,0.0,15.229583333333334,0.0,-12.757916666666667,0.0,-0.017099189836685347,1.1348472794162592,7.58497810116416,-0.2400007247924787,0.21500015258788885,0.03499984741211115,-0.34999942779541193
2020-01-11,31.855833333333333,53821.16666666666,0.0,0,0.0,11.9399995803833,-2.943749999999998,-9.218333333333334,-1.448750000000004,0.0,2.6670833333333306,0.0,-6.9424999999999955,0.0,2.5816666666666634,0.0,-5.78833333333333,0.0,-0.13170776302363085,0.04438568356805002,7.6080629160698665,0.0,-0.2400007247924787,0.21500015258788885,0.03499984741211115
2020-01-12,22.6375,51498.625,0.0,0,0.0,11.9399995803833,-9.218333333333334,15.0425,-2.943749999999998,0.0,-1.448750000000004,0.0,2.6670833333333306,0.0,2.3895833333333343,0.0,15.229583333333334,0.0,-0.04315294168651107,-0.24924106189426762,7.9252880059246325,0.0,0.0,-0.2400007247924787,0.21500015258788885
2020-01-13,37.68,62783.66666666666,0.0,0,0.0,12.05500030517578,15.0425,-14.324583333333333,-9.218333333333334,0.0,-2.943749999999998,0.0,-1.448750000000004,0.0,-6.9424999999999955,0.0,2.5816666666666634,0.0,0.2191328732886879,1.4020564749991298,8.444374728444915,0.11500072479247869,0.0,0.0,-0.2400007247924787
2020-01-14,23.355416666666667,65458.66666666666,0.0,0,0.0,11.30500030517578,-14.324583333333333,1.6045833333333341,15.0425,0.0,-9.218333333333334,0.0,-2.943749999999998,0.0,2.6670833333333306,0.0,2.3895833333333343,0.0,0.042606622741583555,1.6464410292748357,9.579608307445303,-0.75,0.11500072479247869,0.0,0.0
2020-01-15,24.96,64174.375,0.0,0,0.0,11.18000030517578,1.6045833333333341,13.21,-14.324583333333333,0.0,15.0425,0.0,-9.218333333333334,0.0,-1.448750000000004,0.0,-6.9424999999999955,0.0,-0.019619887358943933,1.4241152576265992,8.070894464289859,-0.125,-0.75,0.11500072479247869,0.0
2020-01-16,38.17,62695.66666666666,0.0,0,0.0,11.114999771118164,13.21,-1.2749999999999986,1.6045833333333341,0.0,-14.324583333333333,0.0,15.0425,0.0,-2.943749999999998,0.0,2.6670833333333306,0.0,-0.023042037157874007,1.2050198932197735,9.221431026134397,-0.06500053405761541,-0.125,-0.75,0.11500072479247869
2020-01-17,36.895,62958.54166666666,0.0,0,0.0,10.93000030517578,-1.2749999999999986,-5.04708333333334,13.21,0.0,1.6045833333333341,0.0,-14.324583333333333,0.0,-9.218333333333334,0.0,-1.448750000000004,0.0,0.004192873510662665,1.2177321012498887,9.188833644806614,-0.1849994659423846,-0.06500053405761541,-0.125,-0.75
2020-01-18,31.847916666666663,54261.833333333336,0.0,0,0.0,10.93000030517578,-5.04708333333334,2.0445833333333354,-1.2749999999999986,0.0,13.21,0.0,1.6045833333333341,0.0,15.0425,0.0,-2.943749999999998,0.0,-0.1381338910195531,0.05148131643054264,9.056630817637226,0.0,-0.1849994659423846,-0.06500053405761541,-0.125
2020-01-19,33.8925,50225.16666666666,0.0,0,0.0,10.93000030517578,2.0445833333333354,10.64125,-5.04708333333334,0.0,-1.2749999999999986,0.0,13.21,0.0,-14.324583333333333,0.0,-9.218333333333334,0.0,-0.07439237524226694,-0.4789987643679968,9.037056383935022,0.0,0.0,-0.1849994659423846,-0.06500053405761541
2020-01-20,44.53375,62278.583333333336,0.0,0,0.0,10.93000030517578,10.64125,-2.936250000000001,2.0445833333333354,0.0,-5.04708333333334,0.0,-1.2749999999999986,0.0,1.6045833333333341,0.0,15.0425,0.0,0.2399875892231984,1.1156243959978849,9.644989561527597,0.0,0.0,0.0,-0.1849994659423846
2020-01-21,41.5975,64802.0,0.0,0,0.0,10.774999618530272,-2.936250000000001,4.3045833333333405,10.64125,0.0,2.0445833333333354,0.0,-5.04708333333334,0.0,13.21,0.0,-14.324583333333333,0.0,0.040518209175706366,1.354022910020917,9.644651401469376,-0.1550006866455078,0.0,0.0,0.0
2020-01-22,45.90208333333334,64904.91666666666,0.0,0,0.0,10.454999923706056,4.3045833333333405,5.635416666666664,-2.936250000000001,0.0,10.64125,0.0,2.0445833333333354,0.0,-1.2749999999999986,0.0,1.6045833333333341,0.0,0.0015881711469809545,1.272666577720633,8.98202771779437,-0.3199996948242152,-0.1550006866455078,0.0,0.0
2020-01-23,51.5375,64534.54166666666,0.0,0,0.0,10.43000030517578,5.635416666666664,-1.2933333333333366,4.3045833333333405,0.0,-2.936250000000001,0.0,10.64125,0.0,-5.04708333333334,0.0,13.21,0.0,-0.005706424397740828,1.1453844152316355,7.933708430966796,-0.02499961853027699,-0.3199996948242152,-0.1550006866455078,0.0
2020-01-24,50.244166666666665,63734.41666666666,0.0,0,0.0,10.454999923706056,-1.2933333333333366,-9.894166666666663,5.635416666666664,0.0,4.3045833333333405,0.0,-2.936250000000001,0.0,2.0445833333333354,0.0,-1.2749999999999986,0.0,-0.01239839904857154,0.9823565427894554,5.867756826880198,0.02499961853027699,-0.02499961853027699,-0.3199996948242152,-0.1550006866455078
2020-01-25,40.35,55380.5,0.0,0,0.0,10.454999923706056,-9.894166666666663,-6.460416666666667,-1.2933333333333366,0.0,5.635416666666664,0.0,4.3045833333333405,0.0,10.64125,0.0,-5.04708333333334,0.0,-0.1310738703447769,-0.20253367994758495,7.100940904986614,0.0,0.02499961853027699,-0.02499961853027699,-0.3199996948242152
2020-01-26,33.889583333333334,50548.04166666666,0.0,0,0.0,10.454999923706056,-6.460416666666667,3.5987500000000026,-9.894166666666663,0.0,-1.2933333333333366,0.0,5.635416666666664,0.0,-2.936250000000001,0.0,2.0445833333333354,0.0,-0.08725920375101959,-0.9051667476562185,6.172485114944706,0.0,0.0,0.02499961853027699,-0.02499961853027699
2020-01-27,37.48833333333334,63497.04166666666,0.0,0,0.0,10.524999618530272,3.5987500000000026,-5.878333333333337,-6.460416666666667,0.0,-9.894166666666663,0.0,-1.2933333333333366,0.0,4.3045833333333405,0.0,10.64125,0.0,0.256172139870239,0.8895582276773218,6.289484356624414,0.0699996948242152,0.0,0.0,0.02499961853027699
2020-01-28,31.61,65413.875,0.0,0,0.0,10.789999961853027,-5.878333333333337,1.6141666666666694,3.5987500000000026,0.0,-6.460416666666667,0.0,-9.894166666666663,0.0,5.635416666666664,0.0,-2.936250000000001,0.0,0.03018775809109231,1.1113295333784605,6.36945678709986,0.2650003433227557,0.0699996948242152,0.0,0.0
2020-01-29,33.22416666666667,65819.58333333333,0.0,0,0.0,10.149999618530272,1.6141666666666694,-0.4037500000000023,-5.878333333333337,0.0,3.5987500000000026,0.0,-6.460416666666667,0.0,-1.2933333333333366,0.0,4.3045833333333405,0.0,0.0062021755068528694,1.0988695254735226,6.355365400588782,-0.6400003433227557,0.2650003433227557,0.0699996948242152,0.0
2020-01-30,32.82041666666667,65488.5,0.0,0,0.0,9.779999732971191,-0.4037500000000023,-10.337083333333336,1.6141666666666694,0.0,-5.878333333333337,0.0,3.5987500000000026,0.0,-9.894166666666663,0.0,5.635416666666664,0.0,-0.005030164528034287,0.9949095187312245,5.129081421351474,-0.36999988555908025,-0.6400003433227557,0.2650003433227557,0.0699996948242152
2020-01-31,22.48333333333333,63083.91666666666,0.0,0,0.0,9.755000114440918,-10.337083333333336,-15.64833333333333,-0.4037500000000023,0.0,1.6141666666666694,0.0,-5.878333333333337,0.0,-6.460416666666667,0.0,-1.2933333333333366,0.0,-0.03671764253774845,0.5725017602055468,5.889596240274693,-0.024999618530273438,-0.36999988555908025,-0.6400003433227557,0.2650003433227557
2020-02-01,6.835,53088.75,0.0,0,0.0,9.755000114440918,-15.64833333333333,10.152916666666666,-10.337083333333336,0.0,-0.4037500000000023,0.0,1.6141666666666694,0.0,3.5987500000000026,0.0,-9.894166666666663,0.0,-0.1584423922103757,-1.188338085787847,6.851102344532837,0.0,-0.024999618530273438,-0.36999988555908025,-0.6400003433227557
2020-02-02,16.987916666666667,49549.54166666666,0.0,0,0.0,9.755000114440918,10.152916666666666,10.669999999999998,-15.64833333333333,0.0,-10.337083333333336,0.0,-0.4037500000000023,0.0,-5.878333333333337,0.0,-6.460416666666667,0.0,-0.06666588181739719,-1.699035241888909,7.6522948991888855,0.0,0.0,-0.024999618530273438,-0.36999988555908025
2020-02-03,27.657916666666665,62857.54166666666,0.0,0,0.0,9.210000038146973,10.669999999999998,0.21749999999999758,10.152916666666666,0.0,-15.64833333333333,0.0,-10.337083333333336,0.0,1.6141666666666694,0.0,3.5987500000000026,0.0,0.2685796790922217,0.4980227994984239,8.866593018808818,-0.5450000762939453,0.0,0.0,-0.024999618530273438
2020-02-04,27.875416666666663,64980.625,0.0,0,0.0,9.364999771118164,0.21749999999999758,8.32375,10.669999999999998,0.0,10.152916666666666,0.0,-15.64833333333333,0.0,-0.4037500000000023,0.0,-5.878333333333337,0.0,0.033776111458383884,0.8217033553878763,8.466623123543856,0.1549997329711914,-0.5450000762939453,0.0,0.0
2020-02-05,36.19916666666666,63839.625,0.0,0,0.0,9.3149995803833,8.32375,0.7204166666666723,0.21749999999999758,0.0,10.669999999999998,0.0,10.152916666666666,0.0,-10.337083333333336,0.0,1.6141666666666694,0.0,-0.017559080110417513,0.5685886385514014,8.741531139828805,-0.05000019073486328,0.1549997329711914,-0.5450000762939453,0.0
2020-02-06,36.919583333333335,63983.25,0.0,0,0.0,9.149999618530272,0.7204166666666723,-0.232916666666668,8.32375,0.0,0.21749999999999758,0.0,10.669999999999998,0.0,-15.64833333333333,0.0,-0.4037500000000023,0.0,0.002249778252926715,0.5842638855126454,8.665374060590501,-0.16499996185302912,-0.05000019073486328,0.1549997329711914,-0.5450000762939453
2020-02-07,36.68666666666667,63084.66666666666,0.0,0,0.0,9.06999969482422,-0.232916666666668,-8.63625,0.7204166666666723,0.0,8.32375,0.0,0.21749999999999758,0.0,10.152916666666666,0.0,-10.337083333333336,0.0,-0.01404404017197225,0.42400973453422064,8.424520488149335,-0.07999992370605113,-0.16499996185302912,-0.05000019073486328,0.1549997329711914
2020-02-08,28.050416666666667,53673.75,0.0,0,0.0,9.06999969482422,-8.63625,-26.484166666666667,-0.232916666666668,0.0,0.7204166666666723,0.0,8.32375,0.0,10.669999999999998,0.0,-15.64833333333333,0.0,-0.14917914548701727,-1.2289387443892874,8.885898158006363,0.0,-0.07999992370605113,-0.16499996185302912,-0.05000019073486328
2020-02-09,1.56625,49428.91666666666,0.0,0,0.0,9.06999969482422,-26.484166666666667,6.315416666666667,-8.63625,0.0,-0.232916666666668,0.0,0.7204166666666723,0.0,0.21749999999999758,0.0,10.152916666666666,0.0,-0.07908583494414578,-1.80691878836775,12.096258467159256,0.0,0.0,-0.07999992370605113,-0.16499996185302912
2020-02-10,7.881666666666667,62532.375,0.0,0,0.0,8.645000457763672,6.315416666666667,3.7383333333333324,-26.484166666666667,0.0,-8.63625,0.0,-0.232916666666668,0.0,8.32375,0.0,10.669999999999998,0.0,0.26509701642257344,0.377224703644134,12.139310992851852,-0.42499923706054865,0.0,0.0,-0.07999992370605113
2020-02-11,11.62,65538.625,0.0,0,0.0,8.555000305175781,3.7383333333333324,7.8412500000000005,6.315416666666667,0.0,-26.484166666666667,0.0,-8.63625,0.0,0.7204166666666723,0.0,0.21749999999999758,0.0,0.04807509709970237,0.8419917194392007,11.127552825082475,-0.09000015258789062,-0.42499923706054865,0.0,0.0
2020-02-12,19.46125,65720.70833333333,0.0,0,0.0,8.720000267028809,7.8412500000000005,18.127499999999998,3.7383333333333324,0.0,6.315416666666667,0.0,-26.484166666666667,0.0,-0.232916666666668,0.0,8.32375,0.0,0.0027782598938157488,0.8478134260836916,10.926437135678732,0.16499996185302734,-0.09000015258789062,-0.42499923706054865,0.0
2020-02-13,37.58875,65830.04166666667,0.0,0,0.0,8.890000343322754,18.127499999999998,-1.55416666666666,7.8412500000000005,0.0,3.7383333333333324,0.0,6.315416666666667,0.0,-8.63625,0.0,0.7204166666666723,0.0,0.0016636055226124657,0.8633037803297199,11.925650251443486,0.1700000762939453,0.16499996185302734,-0.09000015258789062,-0.42499923706054865
2020-02-14,36.03458333333334,63523.375,0.0,0,0.0,8.880000114440918,-1.55416666666666,-15.598333333333336,18.127499999999998,0.0,7.8412500000000005,0.0,3.7383333333333324,0.0,-26.484166666666667,0.0,-0.232916666666668,0.0,-0.03503972666987787,0.461647873705369,11.95158417233448,-0.010000228881835938,0.1700000762939453,0.16499996185302734,-0.09000015258789062
2020-02-15,20.43625,53307.79166666666,0.0,0,0.0,8.880000114440918,-15.598333333333336,-28.710416666666667,-1.55416666666666,0.0,18.127499999999998,0.0,7.8412500000000005,0.0,6.315416666666667,0.0,-8.63625,0.0,-0.16081613002037976,-1.2524303548238584,12.655243588929448,0.0,-0.010000228881835938,0.1700000762939453,0.16499996185302734
2020-02-16,-8.274166666666668,49462.29166666666,0.0,0,0.0,8.880000114440918,-28.710416666666667,26.52083333333333,-15.598333333333336,0.0,-1.55416666666666,0.0,18.127499999999998,0.0,3.7383333333333324,0.0,-26.484166666666667,0.0,-0.07213767218206846,-1.739212786563603,15.223392773893284,0.0,0.0,-0.010000228881835938,0.1700000762939453
2020-02-17,18.246666666666663,61891.66666666666,0.0,0,0.0,8.880000114440918,26.52083333333333,3.6204166666666673,-28.710416666666667,0.0,-15.598333333333336,0.0,-1.55416666666666,0.0,7.8412500000000005,0.0,6.315416666666667,0.0,0.25128991361264275,0.24661481312341055,18.133179173245193,0.0,0.0,0.0,-0.010000228881835938
2020-02-18,21.86708333333333,64214.708333333336,0.0,0,0.0,9.380000114440918,3.6204166666666673,9.043750000000003,26.52083333333333,0.0,-28.710416666666667,0.0,-15.598333333333336,0.0,18.127499999999998,0.0,3.7383333333333324,0.0,0.03753399757641063,0.5803575438700583,18.037036847146194,0.5,0.0,0.0,0.0
2020-02-19,30.910833333333333,63474.29166666666,0.0,0,0.0,9.56999969482422,9.043750000000003,-2.233750000000004,3.6204166666666673,0.0,26.52083333333333,0.0,-28.710416666666667,0.0,-1.55416666666666,0.0,7.8412500000000005,0.0,-0.011530328267213119,0.4440176713709919,15.727200492822494,0.18999958038330256,0.5,0.0,0.0
2020-02-20,28.67708333333333,63070.0,0.0,0,0.0,9.5649995803833,-2.233750000000004,-4.349166666666662,9.043750000000003,0.0,3.6204166666666673,0.0,26.52083333333333,0.0,-15.598333333333336,0.0,18.127499999999998,0.0,-0.006369376578312713,0.38621040460960404,15.755331341515554,-0.005000114440919745,0.18999958038330256,0.5,0.0
2020-02-21,24.327916666666667,62440.0,0.0,0,0.0,9.40999984741211,-4.349166666666662,-25.836666666666666,-2.233750000000004,0.0,9.043750000000003,0.0,3.6204166666666673,0.0,-28.710416666666667,0.0,-1.55416666666666,0.0,-0.009988901220865709,0.2931299513937978,15.867892552590968,-0.1549997329711914,-0.005000114440919745,0.18999958038330256,0.5
2020-02-22,-1.50875,53779.375,0.0,0,0.0,9.40999984741211,-25.836666666666666,8.46125,-4.349166666666662,0.0,-2.233750000000004,0.0,9.043750000000003,0.0,26.52083333333333,0.0,-15.598333333333336,0.0,-0.13870315502882768,-1.1425650273967176,17.777430429332412,0.0,-0.1549997329711914,-0.005000114440919745,0.18999958038330256
2020-02-23,6.952500000000001,49629.54166666666,0.0,0,0.0,9.40999984741211,8.46125,21.533333333333328,-25.836666666666666,0.0,-4.349166666666662,0.0,-2.233750000000004,0.0,3.6204166666666673,0.0,-28.710416666666667,0.0,-0.07716403051045762,-1.6934547987826907,16.790989309527614,0.0,0.0,-0.1549997329711914,-0.005000114440919745
2020-02-24,28.48583333333333,59950.41666666666,0.0,0,0.0,9.045000076293944,21.533333333333328,-4.384166666666658,8.46125,0.0,-25.836666666666666,0.0,-4.349166666666662,0.0,9.043750000000003,0.0,26.52083333333333,0.0,0.20795829768728136,-0.023179217103329226,18.519852792493616,-0.36499977111816584,0.0,0.0,-0.1549997329711914
2020-02-25,24.10166666666667,61519.458333333336,0.0,0,0.0,9.005000114440918,-4.384166666666658,7.56958333333333,21.533333333333328,0.0,8.46125,0.0,-25.836666666666666,0.0,-2.233750000000004,0.0,3.6204166666666673,0.0,0.026172322961336203,0.1848638565192635,17.848536436751015,-0.03999996185302557,-0.36499977111816584,0.0,0.0
2020-02-26,31.67125,63108.083333333336,0.0,0,0.0,9.06999969482422,7.56958333333333,6.770833333333336,-4.384166666666658,0.0,21.533333333333328,0.0,8.46125,0.0,-4.349166666666662,0.0,9.043750000000003,0.0,0.02582313048649243,0.4637588902397219,14.689084154718394,0.06499958038330256,-0.03999996185302557,-0.36499977111816584,0.0
2020-02-27,38.442083333333336,64346.708333333336,0.0,0,0.0,8.869999885559082,6.770833333333336,-7.402083333333334,7.56958333333333,0.0,-4.384166666666658,0.0,21.533333333333328,0.0,-25.836666666666666,0.0,-2.233750000000004,0.0,0.019627041966362002,0.6889007057857567,12.486394679838343,-0.1999998092651385,0.06499958038330256,-0.03999996185302557,-0.36499977111816584
2020-02-28,31.040000000000003,62435.375,0.0,0,0.0,8.875,-7.402083333333334,-22.129583333333336,6.770833333333336,0.0,7.56958333333333,0.0,-4.384166666666658,0.0,8.46125,0.0,-4.349166666666662,0.0,-0.02970366912060385,0.379537371794748,12.811648931761098,0.005000114440917969,-0.1999998092651385,0.06499958038330256,-0.03999996185302557
2020-02-29,8.910416666666666,52747.583333333336,0.0,0,0.0,8.875,-22.129583333333336,-1.7699999999999996,-7.402083333333334,0.0,6.770833333333336,0.0,7.56958333333333,0.0,21.533333333333328,0.0,-25.836666666666666,0.0,-0.1551651073877055,-1.246130694113512,14.318545031094654,0.0,0.005000114440917969,-0.1999998092651385,0.06499958038330256
2020-03-01,7.140416666666667,48186.54166666666,0.0,0,0.0,8.875,-1.7699999999999996,26.03875,-22.129583333333336,0.0,-7.402083333333334,0.0,6.770833333333336,0.0,-4.384166666666658,0.0,8.46125,0.0,-0.0864692063301481,-1.84502359642955,14.319174710251875,0.0,0.0,0.005000114440917969,-0.1999998092651385
2020-03-02,33.17916666666667,61183.91666666666,0.0,0,0.0,8.885000228881836,26.03875,3.0700000000000003,-1.7699999999999996,0.0,-22.129583333333336,0.0,-7.402083333333334,0.0,7.56958333333333,0.0,21.533333333333328,0.0,0.269730396713467,0.2588448797358907,16.809383850058172,0.010000228881835938,0.0,0.0,0.005000114440917969
2020-03-03,36.24916666666667,61955.708333333336,0.0,0,0.0,9.170000076293944,3.0700000000000003,3.3616666666666646,26.03875,0.0,-1.7699999999999996,0.0,-22.129583333333336,0.0,6.770833333333336,0.0,-4.384166666666658,0.0,0.012614289975443116,0.33608115348941736,13.944965080544621,0.2849998474121076,0.010000228881835938,0.0,0.0
2020-03-04,39.61083333333333,61838.41666666666,0.0,0,0.0,8.90999984741211,3.3616666666666646,-3.5391666666666666,3.0700000000000003,0.0,26.03875,0.0,-1.7699999999999996,0.0,-7.402083333333334,0.0,7.56958333333333,0.0,-0.001893153509530232,0.3221557807936256,13.847486192179193,-0.26000022888183416,0.2849998474121076,0.010000228881835938,0.0
2020-03-05,36.071666666666665,62593.958333333336,0.0,0,0.0,8.850000381469727,-3.5391666666666666,-5.594166666666663,3.3616666666666646,0.0,3.0700000000000003,0.0,26.03875,0.0,-22.129583333333336,0.0,6.770833333333336,0.0,0.01221799825081793,0.4750201344397379,12.362664706051852,-0.05999946594238281,-0.26000022888183416,0.2849998474121076,0.010000228881835938
2020-03-06,30.477500000000003,62036.29166666666,0.0,0,0.0,8.645000457763672,-5.594166666666663,-1.3887500000000017,-3.5391666666666666,0.0,3.3616666666666646,0.0,3.0700000000000003,0.0,-1.7699999999999996,0.0,-7.402083333333334,0.0,-0.008909273059500733,0.3882147095529194,12.424359821238014,-0.2049999237060547,-0.05999946594238281,-0.26000022888183416,0.2849998474121076
2020-03-07,29.08875,52639.0,0.0,0,0.0,8.645000457763672,-1.3887500000000017,-11.982083333333335,-5.594166666666663,0.0,-3.5391666666666666,0.0,3.3616666666666646,0.0,26.03875,0.0,-22.129583333333336,0.0,-0.15148055137080363,-1.2165808817192845,12.189752900034101,0.0,-0.2049999237060547,-0.05999946594238281,-0.26000022888183416
2020-03-08,17.106666666666666,48658.958333333336,0.0,0,0.0,8.645000457763672,-11.982083333333335,20.00666666666667,-1.3887500000000017,0.0,-5.594166666666663,0.0,-3.5391666666666666,0.0,3.0700000000000003,0.0,-1.7699999999999996,0.0,-0.07561013063824662,-1.7464111373056306,12.428389316601582,0.0,0.0,-0.2049999237060547,-0.05999946594238281
2020-03-09,37.11333333333334,60206.875,0.0,0,0.0,8.625,20.00666666666667,-13.863750000000003,-11.982083333333335,0.0,-1.3887500000000017,0.0,-5.594166666666663,0.0,3.3616666666666646,0.0,26.03875,0.0,0.23732354867851502,0.16495341520782825,14.053434080674997,-0.020000457763671875,0.0,0.0,-0.2049999237060547
2020-03-10,23.249583333333334,64326.958333333336,0.0,0,0.0,8.994999885559082,-13.863750000000003,-0.5620833333333337,20.00666666666667,0.0,-11.982083333333335,0.0,-1.3887500000000017,0.0,-3.5391666666666666,0.0,3.0700000000000003,0.0,0.06843210735208127,0.816896476357996,12.750178902460702,0.36999988555908203,-0.020000457763671875,0.0,0.0
2020-03-11,22.6875,61978.91666666666,0.0,0,0.0,9.369999885559082,-0.5620833333333337,-10.45125,-13.863750000000003,0.0,20.00666666666667,0.0,-11.982083333333335,0.0,-5.594166666666663,0.0,3.3616666666666646,0.0,-0.036501674064852496,0.40278626444786136,12.722144238070703,0.375,0.36999988555908203,-0.020000457763671875,0.0
2020-03-12,12.23625,62385.458333333336,0.0,0,0.0,9.324999809265137,-10.45125,4.301249999999998,-0.5620833333333337,0.0,-13.863750000000003,0.0,20.00666666666667,0.0,-1.3887500000000017,0.0,-3.5391666666666666,0.0,0.006559354188991895,0.5015128919705544,9.821740710706512,-0.04500007629394531,0.375,0.36999988555908203,-0.020000457763671875
2020-03-13,16.537499999999998,61540.708333333336,0.0,0,0.0,9.28499984741211,4.301249999999998,13.72958333333333,-10.45125,0.0,-0.5620833333333337,0.0,-13.863750000000003,0.0,-11.982083333333335,0.0,-5.594166666666663,0.0,-0.013540815801759365,0.3812571463126252,9.90107043837272,-0.039999961853027344,-0.04500007629394531,0.375,0.36999988555908203
2020-03-14,30.26708333333333,51642.79166666666,0.0,0,0.0,9.28499984741211,13.72958333333333,-25.618749999999995,4.301249999999998,0.0,-10.45125,0.0,-0.5620833333333337,0.0,20.00666666666667,0.0,-1.3887500000000017,0.0,-0.16083527367047712,-1.3473751485216783,11.003059332301165,0.0,-0.039999961853027344,-0.04500007629394531,0.375
2020-03-15,4.648333333333333,47655.583333333336,0.0,0,0.0,9.28499984741211,-25.618749999999995,26.542499999999997,13.72958333333333,0.0,4.301249999999998,0.0,-10.45125,0.0,-13.863750000000003,0.0,-11.982083333333335,0.0,-0.07720745150783359,-1.8751803110115872,13.512909307308021,0.0,0.0,-0.039999961853027344,-0.04500007629394531
2020-03-16,31.19083333333333,57866.875,0.0,0,0.0,8.739999771118164,26.542499999999997,-3.007916666666663,-25.618749999999995,0.0,13.72958333333333,0.0,4.301249999999998,0.0,-0.5620833333333337,0.0,20.00666666666667,0.0,0.21427272425231725,-0.13338735318767306,16.381865890254907,-0.5450000762939453,0.0,0.0,-0.039999961853027344
2020-03-17,28.182916666666667,59165.16666666666,0.0,0,0.0,8.470000267028809,-3.007916666666663,-1.764166666666668,26.542499999999997,0.0,-25.618749999999995,0.0,13.72958333333333,0.0,-10.45125,0.0,-13.863750000000003,0.0,0.02243583512444136,0.03990046214677611,16.40588491151694,-0.26999950408935547,-0.5450000762939453,0.0,0.0
2020-03-18,26.41875,58692.375,0.0,0,0.0,8.265000343322754,-1.764166666666668,2.272083333333331,-3.007916666666663,0.0,26.542499999999997,0.0,-25.618749999999995,0.0,4.301249999999998,0.0,-0.5620833333333337,0.0,-0.007991047660363071,-0.027823396275067885,15.893150391817533,-0.2049999237060547,-0.26999950408935547,-0.5450000762939453,0.0
2020-03-19,28.69083333333333,57422.958333333336,0.0,0,0.0,8.545000076293945,2.272083333333331,-3.5554166666666625,-1.764166666666668,0.0,-3.007916666666663,0.0,26.542499999999997,0.0,13.72958333333333,0.0,-10.45125,0.0,-0.021628306345869652,-0.22517144674655998,14.452233025962776,0.2799997329711914,-0.2049999237060547,-0.26999950408935547,-0.5450000762939453
2020-03-20,25.135416666666668,56563.16666666666,0.0,0,0.0,8.295000076293945,-3.5554166666666625,-14.398750000000001,2.272083333333331,0.0,-1.764166666666668,0.0,-3.007916666666663,0.0,-25.618749999999995,0.0,4.301249999999998,0.0,-0.014972960147328074,-0.34849284499547356,13.771867429375174,-0.25,0.2799997329711914,-0.2049999237060547,-0.26999950408935547
2020-03-21,10.736666666666666,50697.583333333336,0.0,0,0.0,8.295000076293945,-14.398750000000001,-11.68375,-3.5554166666666625,0.0,2.272083333333331,0.0,-1.764166666666668,0.0,26.542499999999997,0.0,13.72958333333333,0.0,-0.1036996985670885,-1.3639889125545939,14.529894284694006,0.0,-0.25,0.2799997329711914,-0.2049999237060547
2020-03-22,-0.9470833333333336,47166.083333333336,0.0,0,0.0,8.295000076293945,-11.68375,17.93,-14.398750000000001,0.0,-3.5554166666666625,0.0,2.272083333333331,0.0,-3.007916666666663,0.0,-25.618749999999995,0.0,-0.06965815267328657,-1.8341530179296537,14.622068757637793,0.0,0.0,-0.25,0.2799997329711914
2020-03-23,16.982916666666664,56016.333333333336,0.0,0,0.0,7.849999904632568,17.93,3.46875,-11.68375,0.0,-14.398750000000001,0.0,-3.5554166666666625,0.0,-1.764166666666668,0.0,26.542499999999997,0.0,0.18764012982492706,-0.27287155708752503,15.792362392387194,-0.44500017166137695,0.0,0.0,-0.25
2020-03-24,20.451666666666664,56656.41666666666,0.0,0,0.0,7.909999847412109,3.46875,2.6095833333333367,17.93,0.0,-11.68375,0.0,-14.398750000000001,0.0,2.272083333333331,0.0,-3.007916666666663,0.0,0.011426726728513525,-0.2075454294351936,15.123582602510375,0.059999942779541016,-0.44500017166137695,0.0,0.0
2020-03-25,23.06125,56427.875,0.0,0,0.0,7.744999885559082,2.6095833333333367,-0.8320833333333333,3.46875,0.0,17.93,0.0,-11.68375,0.0,-3.5554166666666625,0.0,-1.764166666666668,0.0,-0.004033817881763713,-0.22866031477899618,12.403964512482686,-0.16499996185302734,0.059999942779541016,-0.44500017166137695,0.0
2020-03-26,22.229166666666668,55956.125,0.0,0,0.0,7.574999809265137,-0.8320833333333333,-0.6808333333333394,2.6095833333333367,0.0,3.46875,0.0,17.93,0.0,-14.398750000000001,0.0,2.272083333333331,0.0,-0.008360229762329308,-0.28422447125498096,8.861812456570773,-0.1700000762939453,-0.16499996185302734,0.059999942779541016,-0.44500017166137695
2020-03-27,21.54833333333333,54248.5,0.0,0,0.0,7.21999979019165,-0.6808333333333394,-7.306666666666661,-0.8320833333333333,0.0,2.6095833333333367,0.0,3.46875,0.0,-11.68375,0.0,-3.5554166666666625,0.0,-0.030517213263069998,-0.5575894511586669,8.830696643192447,-0.35500001907348633,-0.1700000762939453,-0.16499996185302734,0.059999942779541016
2020-03-28,14.241666666666667,47660.875,0.0,0,0.0,7.21999979019165,-7.306666666666661,-9.848809523809525,-0.6808333333333394,0.0,-0.8320833333333333,0.0,2.6095833333333367,0.0,17.93,0.0,-14.398750000000001,0.0,-0.12143423320460478,-1.675933346100941,9.077931460028722,0.0,-0.35500001907348633,-0.1700000762939453,-0.16499996185302734
2020-03-29,4.392857142857143,47499.52173913043,0.0,0,0.0,7.21999979019165,-9.848809523809525,18.92714285714286,-7.306666666666661,0.0,-0.6808333333333394,0.0,-0.8320833333333333,0.0,3.46875,0.0,-11.68375,0.0,-0.0033854447881951355,-1.5736853057819948,9.364858745181861,0.0,0.0,-0.35500001907348633,-0.1700000762939453
2020-03-30,23.320000000000004,55700.125,0.0,0,0.0,6.894999980926514,18.92714285714286,1.8499999999999979,-9.848809523809525,0.0,-7.306666666666661,0.0,-0.6808333333333394,0.0,2.6095833333333367,0.0,17.93,0.0,0.1726460174885056,-0.09534714698060393,11.516223116610078,-0.3249998092651367,0.0,0.0,-0.35500001907348633
2020-03-31,25.17,55837.75,0.0,0,0.0,6.900000095367432,1.8499999999999979,-1.8091666666666733,18.92714285714286,0.0,-9.848809523809525,0.0,-7.306666666666661,0.0,-0.8320833333333333,0.0,3.46875,0.0,0.002470820307853838,-0.12171741571488034,10.377360587878304,0.005000114440917969,-0.3249998092651367,0.0,0.0
2020-04-01,23.36083333333333,56305.458333333336,0.0,0,0.0,6.824999809265137,-1.8091666666666733,-3.409166666666664,1.8499999999999979,0.0,18.92714285714286,0.0,-9.848809523809525,0.0,-0.6808333333333394,0.0,2.6095833333333367,0.0,0.008376203076473132,-0.001158676165873194,9.414611662178679,-0.07500028610229492,0.005000114440917969,-0.3249998092651367,0.0
2020-04-02,19.951666666666664,56120.66666666666,0.0,0,0.0,6.934999942779541,-3.409166666666664,2.5812500000000007,-1.8091666666666733,0.0,1.8499999999999979,0.0,18.92714285714286,0.0,-7.306666666666661,0.0,-0.8320833333333333,0.0,-0.003281949426158559,0.0007422697242434291,7.789293690122925,0.1100001335144043,-0.07500028610229492,0.005000114440917969,-0.3249998092651367
2020-04-03,22.532916666666665,55250.958333333336,0.0,0,0.0,6.920000076293945,2.5812500000000007,-2.387500000000003,-3.409166666666664,0.0,-1.8091666666666733,0.0,1.8499999999999979,0.0,-9.848809523809525,0.0,-0.6808333333333394,0.0,-0.015497113362872628,-0.1312679031292137,7.75411488049266,-0.014999866485595703,0.1100001335144043,-0.07500028610229492,0.005000114440917969
2020-04-04,20.145416666666662,47007.458333333336,0.0,0,0.0,6.920000076293945,-2.387500000000003,-17.463749999999997,2.5812500000000007,0.0,-3.409166666666664,0.0,-1.8091666666666733,0.0,18.92714285714286,0.0,-7.306666666666661,0.0,-0.14920103195796752,-1.6691664109682618,7.743168035606616,0.0,-0.014999866485595703,0.1100001335144043,-0.07500028610229492
2020-04-05,2.681666666666666,43986.625,0.0,0,0.0,6.920000076293945,-17.463749999999997,14.65375,-2.387500000000003,0.0,2.5812500000000007,0.0,-3.409166666666664,0.0,1.8499999999999979,0.0,-9.848809523809525,0.0,-0.064262851905593,-2.0493662584620984,9.466548093244658,0.0,0.0,-0.014999866485595703,0.1100001335144043
2020-04-06,17.335416666666667,51952.16666666666,0.0,0,0.0,7.284999847412109,14.65375,6.204166666666669,-17.463749999999997,0.0,-2.387500000000003,0.0,2.5812500000000007,0.0,-1.8091666666666733,0.0,18.92714285714286,0.0,0.18109008514898917,-0.5309192525778164,10.838430899100157,0.36499977111816406,0.0,0.0,-0.014999866485595703
2020-04-07,23.539583333333336,52675.375,0.0,0,0.0,7.284999847412109,6.204166666666669,2.9724999999999966,14.65375,0.0,-17.463749999999997,0.0,-2.387500000000003,0.0,-3.409166666666664,0.0,1.8499999999999979,0.0,0.01392065778456475,-0.4281581617839165,10.726282915712337,0.0,0.36499977111816406,0.0,0.0
2020-04-08,26.512083333333333,51844.04166666666,0.0,0,0.0,7.260000228881836,2.9724999999999966,-3.001666666666665,6.204166666666669,0.0,14.65375,0.0,-17.463749999999997,0.0,2.5812500000000007,0.0,-1.8091666666666733,0.0,-0.01578220056968449,-0.5426726214483454,10.039002399598628,-0.024999618530273438,0.0,0.36499977111816406,0.0
2020-04-09,23.510416666666668,50519.375,0.0,0,0.0,7.28000020980835,-3.001666666666665,-0.37166666666666615,2.9724999999999966,0.0,6.204166666666669,0.0,14.65375,0.0,-2.387500000000003,0.0,-3.409166666666664,0.0,-0.025550991475233653,-0.7558500985172517,8.210628474600313,0.019999980926513672,-0.024999618530273438,0.0,0.36499977111816406
2020-04-10,23.13875,42030.04166666666,0.0,0,0.0,7.28000020980835,-0.37166666666666615,-2.2829166666666687,-3.001666666666665,0.0,2.9724999999999966,0.0,6.204166666666669,0.0,-17.463749999999997,0.0,2.5812500000000007,0.0,-0.16804113933185716,-2.266273055145024,8.185600119429328,0.0,0.019999980926513672,-0.024999618530273438,0.0
2020-04-11,20.855833333333333,42536.958333333336,0.0,0,0.0,7.28000020980835,-2.2829166666666687,-8.405833333333334,-0.37166666666666615,0.0,-3.001666666666665,0.0,2.9724999999999966,0.0,14.65375,0.0,-2.387500000000003,0.0,0.012060817609626628,-1.9983749103487494,8.197290632833303,0.0,0.0,0.019999980926513672,-0.024999618530273438
2020-04-12,12.45,39436.708333333336,0.0,0,0.0,7.28000020980835,-8.405833333333334,-28.416249999999998,-2.2829166666666687,0.0,-0.37166666666666615,0.0,-3.001666666666665,0.0,6.204166666666669,0.0,-17.463749999999997,0.0,-0.0728836786049778,-2.3294507854227313,8.555672467635585,0.0,0.0,0.0,0.019999980926513672
2020-04-13,-15.96625,41196.583333333336,0.0,0,0.0,7.28000020980835,-28.416249999999998,35.86625,-8.405833333333334,0.0,-2.2829166666666687,0.0,-0.37166666666666615,0.0,2.9724999999999966,0.0,14.65375,0.0,0.04462530151159938,-1.8227512618018975,12.096946867959508,0.0,0.0,0.0,0.0
2020-04-14,19.9,49796.583333333336,0.0,0,0.0,6.875,35.86625,0.27083333333333215,-28.416249999999998,0.0,-8.405833333333334,0.0,-2.2829166666666687,0.0,-3.001666666666665,0.0,6.204166666666669,0.0,0.20875517589444104,-0.350193873805747,17.467192756127346,-0.4050002098083496,0.0,0.0,0.0
2020-04-15,20.17083333333333,51440.16666666666,0.0,0,0.0,6.650000095367432,0.27083333333333215,5.145833333333332,35.86625,0.0,-28.416249999999998,0.0,-8.405833333333334,0.0,-0.37166666666666615,0.0,2.9724999999999966,0.0,0.03300594585639227,-0.027272887665216437,16.365394110452485,-0.22499990463256836,-0.4050002098083496,0.0,0.0
2020-04-16,25.316666666666663,51650.16666666666,0.0,0,0.0,6.90500020980835,5.145833333333332,2.4533333333333367,0.27083333333333215,0.0,35.86625,0.0,-28.416249999999998,0.0,-2.2829166666666687,0.0,-3.001666666666665,0.0,0.004082412900424659,0.05639288306966477,15.79873198519086,0.25500011444091797,-0.22499990463256836,-0.4050002098083496,0.0
2020-04-17,27.77,51238.333333333336,0.0,0,0.0,6.994999885559082,2.4533333333333367,-7.535416666666666,5.145833333333332,0.0,0.27083333333333215,0.0,35.86625,0.0,-8.405833333333334,0.0,-0.37166666666666615,0.0,-0.007973514122251668,0.027285690361033444,15.700343039828391,0.08999967575073242,0.25500011444091797,-0.22499990463256836,-0.4050002098083496
2020-04-18,20.234583333333333,44379.083333333336,0.0,0,0.0,6.994999885559082,-7.535416666666666,-12.824166666666667,2.4533333333333367,0.0,5.145833333333332,0.0,0.27083333333333215,0.0,-28.416249999999998,0.0,-2.2829166666666687,0.0,-0.1338694987476824,-1.1936069205055184,15.86156302406414,0.0,0.08999967575073242,0.25500011444091797,-0.22499990463256836
2020-04-19,7.410416666666666,41882.29166666666,0.0,0,0.0,6.994999885559082,-12.824166666666667,-4.96875,-7.535416666666666,0.0,2.4533333333333367,0.0,5.145833333333332,0.0,35.86625,0.0,-8.405833333333334,0.0,-0.05626055067233282,-1.541841879583961,16.322348628112778,0.0,0.0,0.08999967575073242,0.25500011444091797
2020-04-20,2.4416666666666664,51940.54166666666,0.0,0,0.0,6.619999885559082,-4.96875,-18.591250000000002,-12.824166666666667,0.0,-7.535416666666666,0.0,2.4533333333333367,0.0,0.27083333333333215,0.0,-28.416249999999998,0.0,0.24015519685626896,0.3210246640062268,16.348312849545703,-0.375,0.0,0.0,0.08999967575073242
2020-04-21,-16.149583333333336,53830.0,0.0,0,0.0,6.315000057220459,-18.591250000000002,24.025833333333335,-4.96875,0.0,-12.824166666666667,0.0,-7.535416666666666,0.0,5.145833333333332,0.0,35.86625,0.0,0.036377332093668224,0.6298028995181731,17.16496983483927,-0.30499982833862305,-0.375,0.0,0.0
2020-04-22,7.87625,53230.41666666666,0.0,0,0.0,6.224999904632568,24.025833333333335,19.880000000000003,-18.591250000000002,0.0,-4.96875,0.0,-12.824166666666667,0.0,2.4533333333333367,0.0,0.27083333333333215,0.0,-0.01113846058579493,0.5434872184535889,19.12867685954759,-0.09000015258789062,-0.30499982833862305,-0.375,0.0
2020-04-23,27.75625,53293.083333333336,0.0,0,0.0,6.054999828338623,19.880000000000003,-7.105833333333333,24.025833333333335,0.0,-18.591250000000002,0.0,-4.96875,0.0,-7.535416666666666,0.0,5.145833333333332,0.0,0.001177271766612309,0.5877883502598671,17.294231086282544,-0.1700000762939453,-0.09000015258789062,-0.30499982833862305,-0.375
2020-04-24,20.65041666666667,51379.5,0.0,0,0.0,5.769999980926514,-7.105833333333333,-3.788333333333334,19.880000000000003,0.0,24.025833333333335,0.0,-18.591250000000002,0.0,-12.824166666666667,0.0,2.4533333333333367,0.0,-0.03590678590248586,0.25929055526801154,13.52786517689372,-0.2849998474121094,-0.1700000762939453,-0.09000015258789062,-0.30499982833862305
2020-04-25,16.862083333333334,45187.79166666666,0.0,0,0.0,5.769999980926514,-3.788333333333334,2.02708333333333,-7.105833333333333,0.0,19.880000000000003,0.0,24.025833333333335,0.0,-4.96875,0.0,-7.535416666666666,0.0,-0.12050931467478943,-0.8965583249298817,13.582128268872848,0.0,-0.2849998474121094,-0.1700000762939453,-0.09000015258789062
2020-04-26,18.889166666666664,42417.04166666666,0.0,0,0.0,5.769999980926514,2.02708333333333,6.610416666666669,-3.788333333333334,0.0,-7.105833333333333,0.0,19.880000000000003,0.0,-18.591250000000002,0.0,-12.824166666666667,0.0,-0.061316340051285945,-1.3434306381307157,13.477804173224616,0.0,0.0,-0.2849998474121094,-0.1700000762939453
2020-04-27,25.499583333333334,51610.5,0.0,0,0.0,5.940000057220459,6.610416666666669,-0.439583333333335,2.02708333333333,0.0,-3.788333333333334,0.0,-7.105833333333333,0.0,24.025833333333335,0.0,-4.96875,0.0,0.21673973412808745,0.42276698180812716,13.646958995768129,0.1700000762939453,0.0,0.0,-0.2849998474121094
2020-04-28,25.06,53157.29166666666,0.0,0,0.0,6.144999980926514,-0.439583333333335,-2.007083333333334,6.610416666666669,0.0,2.02708333333333,0.0,-3.788333333333334,0.0,19.880000000000003,0.0,-18.591250000000002,0.0,0.029970484042329604,0.6832097987935748,13.407100739863312,0.2049999237060547,0.1700000762939453,0.0,0.0
2020-04-29,23.052916666666665,53634.41666666666,0.0,0,0.0,6.014999866485596,-2.007083333333334,-3.048750000000002,-0.439583333333335,0.0,6.610416666666669,0.0,2.02708333333333,0.0,-7.105833333333333,0.0,24.025833333333335,0.0,0.00897572064039509,0.7998010310366095,12.62793186651359,-0.13000011444091797,0.2049999237060547,0.1700000762939453,0.0
2020-04-30,20.004166666666663,52300.66666666666,0.0,0,0.0,6.21999979019165,-3.048750000000002,-13.472916666666663,-2.007083333333334,0.0,-0.439583333333335,0.0,6.610416666666669,0.0,-3.788333333333334,0.0,19.880000000000003,0.0,-0.024867428097319344,0.5736432102386343,12.531795158395148,0.2049999237060547,-0.13000011444091797,0.2049999237060547,0.1700000762939453
2020-05-01,6.53125,41979.04166666666,0.0,0,0.0,5.84499979019165,-13.472916666666663,5.942500000000001,-3.048750000000002,0.0,-2.007083333333334,0.0,-0.439583333333335,0.0,2.02708333333333,0.0,-7.105833333333333,0.0,-0.19735169086436122,-1.3993973754671944,11.68427260384081,-0.375,0.2049999237060547,-0.13000011444091797,0.2049999237060547
2020-05-02,12.47375,43452.0,0.0,0,0.0,5.84499979019165,5.942500000000001,1.5816666666666652,-13.472916666666663,0.0,-3.048750000000002,0.0,-2.007083333333334,0.0,6.610416666666669,0.0,-3.788333333333334,0.0,0.03508794567130247,-1.0386746893936414,9.043727076212166,0.0,-0.375,0.2049999237060547,-0.13000011444091797
2020-05-03,14.055416666666666,41030.16666666666,0.0,0,0.0,5.84499979019165,1.5816666666666652,12.321666666666665,5.942500000000001,0.0,-13.472916666666663,0.0,-3.048750000000002,0.0,-0.439583333333335,0.0,2.02708333333333,0.0,-0.05573583110865654,-1.4314367979537246,6.025231037781263,0.0,0.0,-0.375,0.2049999237060547
2020-05-04,26.37708333333333,52165.083333333336,0.0,0,0.0,5.739999771118164,12.321666666666665,-4.658333333333331,1.5816666666666652,0.0,5.942500000000001,0.0,-13.472916666666663,0.0,-2.007083333333334,0.0,6.610416666666669,0.0,0.27138365674036624,0.7903237837780351,7.020233423649926,-0.10500001907348633,0.0,0.0,-0.375
2020-05-05,21.71875,53925.0,0.0,0,0.0,5.675000190734863,-4.658333333333331,-0.23208333333333542,12.321666666666665,0.0,1.5816666666666652,0.0,5.942500000000001,0.0,-3.048750000000002,0.0,-0.439583333333335,0.0,0.03373744570522108,1.0697584065362495,7.085371831400116,-0.06499958038330078,-0.10500001907348633,0.0,0.0
2020-05-06,21.486666666666665,52774.875,0.0,0,0.0,5.764999866485596,-0.23208333333333542,2.34375,-4.658333333333331,0.0,12.321666666666665,0.0,1.5816666666666652,0.0,-13.472916666666663,0.0,-2.007083333333334,0.0,-0.021328233657858187,0.830957997163268,7.066755205594939,0.08999967575073242,-0.06499958038330078,-0.10500001907348633,0.0
2020-05-07,23.830416666666665,52452.5,0.0,0,0.0,5.84499979019165,2.34375,-0.04749999999999943,-0.23208333333333542,0.0,-4.658333333333331,0.0,12.321666666666665,0.0,5.942500000000001,0.0,-3.048750000000002,0.0,-0.006108493861899267,0.7692346493626291,6.76299495347597,0.07999992370605469,0.08999967575073242,-0.06499958038330078,-0.10500001907348633
2020-05-08,23.782916666666665,50286.833333333336,0.0,0,0.0,5.829999923706055,-0.04749999999999943,-1.7991666666666646,2.34375,0.0,-0.23208333333333542,0.0,-4.658333333333331,0.0,1.5816666666666652,0.0,-13.472916666666663,0.0,-0.041288149595665846,0.35010262136969383,6.762375050904098,-0.014999866485595703,0.07999992370605469,0.08999967575073242,-0.06499958038330078
2020-05-09,21.98375,44369.91666666666,0.0,0,0.0,5.829999923706055,-1.7991666666666646,-9.404166666666667,-0.04749999999999943,0.0,2.34375,0.0,-0.23208333333333542,0.0,12.321666666666665,0.0,5.942500000000001,0.0,-0.11766333798442952,-0.787059864168738,6.756271544089228,0.0,-0.014999866485595703,0.07999992370605469,0.08999967575073242
2020-05-10,12.579583333333334,41037.833333333336,0.0,0,0.0,5.829999923706055,-9.404166666666667,1.489583333333334,-1.7991666666666646,0.0,-0.04749999999999943,0.0,2.34375,0.0,-4.658333333333331,0.0,1.5816666666666652,0.0,-0.07509780463114057,-1.4291423042025753,7.337651673222639,0.0,0.0,-0.014999866485595703,0.07999992370605469
2020-05-11,14.069166666666668,54431.708333333336,0.0,0,0.0,5.704999923706055,1.489583333333334,8.204583333333336,-9.404166666666667,0.0,-1.7991666666666646,0.0,-0.04749999999999943,0.0,-0.23208333333333542,0.0,12.321666666666665,0.0,0.3263787074528788,1.1287722124417776,5.822370543362357,-0.125,0.0,0.0,-0.014999866485595703
2020-05-12,22.273750000000003,54044.583333333336,0.0,0,0.0,5.315000057220459,8.204583333333336,7.484583333333333,1.489583333333334,0.0,-9.404166666666667,0.0,-1.7991666666666646,0.0,2.34375,0.0,-4.658333333333331,0.0,-0.007112122912426244,1.000652348053644,6.084405283536074,-0.3899998664855957,-0.125,0.0,0.0
2020-05-13,29.758333333333336,54399.41666666666,0.0,0,0.0,5.119999885559082,7.484583333333333,-6.972083333333337,8.204583333333336,0.0,1.489583333333334,0.0,-9.404166666666667,0.0,-0.04749999999999943,0.0,-0.23208333333333542,0.0,0.006565567008719464,1.0150528663368625,6.426015249956264,-0.19500017166137695,-0.3899998664855957,-0.125,0.0
2020-05-14,22.78625,53562.208333333336,0.0,0,0.0,5.264999866485596,-6.972083333333337,-1.7025000000000006,7.484583333333333,0.0,8.204583333333336,0.0,1.489583333333334,0.0,-1.7991666666666646,0.0,2.34375,0.0,-0.015390024096459176,0.8011105246915581,5.694034649211442,0.14499998092651367,-0.19500017166137695,-0.3899998664855957,-0.125
2020-05-15,21.08375,52664.708333333336,0.0,0,0.0,5.21999979019165,-1.7025000000000006,-4.127916666666664,-6.972083333333337,0.0,7.484583333333333,0.0,8.204583333333336,0.0,-9.404166666666667,0.0,-0.04749999999999943,0.0,-0.016756217264504714,0.6014057919788314,5.520122764195634,-0.04500007629394531,0.14499998092651367,-0.19500017166137695,-0.3899998664855957
2020-05-16,16.955833333333334,45446.375,0.0,0,0.0,5.21999979019165,-4.127916666666664,-7.492916666666666,-1.7025000000000006,0.0,-6.972083333333337,0.0,7.484583333333333,0.0,1.489583333333334,0.0,-1.7991666666666646,0.0,-0.13706205847844033,-0.8564848948130149,5.668814384664442,0.0,-0.04500007629394531,0.14499998092651367,-0.19500017166137695
2020-05-17,9.462916666666668,41974.04166666666,0.0,0,0.0,5.21999979019165,-7.492916666666666,10.279583333333331,-4.127916666666664,0.0,-1.7025000000000006,0.0,-6.972083333333337,0.0,8.204583333333336,0.0,-9.404166666666667,0.0,-0.07640506714415274,-1.4561853284362904,5.97476251787989,0.0,0.0,-0.04500007629394531,0.14499998092651367
2020-05-18,19.7425,52107.66666666666,0.0,0,0.0,4.920000076293945,10.279583333333331,3.944583333333334,-7.492916666666666,0.0,-4.127916666666664,0.0,-1.7025000000000006,0.0,7.484583333333333,0.0,1.489583333333334,0.0,0.24142600039508544,0.5201335202087196,7.039236626095495,-0.2999997138977051,0.0,0.0,-0.04500007629394531
2020-05-19,23.687083333333334,53222.54166666666,0.0,0,0.0,4.610000133514404,3.944583333333334,8.364583333333336,10.279583333333331,0.0,-7.492916666666666,0.0,-4.127916666666664,0.0,-6.972083333333337,0.0,8.204583333333336,0.0,0.02139560397382345,0.6933672049468322,7.146271519876865,-0.309999942779541,-0.2999997138977051,0.0,0.0
2020-05-20,32.05166666666667,51748.625,0.0,0,0.0,4.460000038146973,8.364583333333336,-12.472083333333341,3.944583333333334,0.0,10.279583333333331,0.0,-7.492916666666666,0.0,-1.7025000000000006,0.0,7.484583333333333,0.0,-0.027693466349236195,0.386385445319457,6.695973955200234,-0.15000009536743164,-0.309999942779541,-0.2999997138977051,0.0
2020-05-21,19.57958333333333,41875.75,0.0,0,0.0,3.825000047683716,-12.472083333333341,-0.7470833333333289,8.364583333333336,0.0,3.944583333333334,0.0,10.279583333333331,0.0,-4.127916666666664,0.0,-6.972083333333337,0.0,-0.19078526241035387,-1.547060111494144,8.108557501492863,-0.6349999904632568,-0.15000009536743164,-0.309999942779541,-0.2999997138977051
2020-05-22,18.8325,46366.458333333336,0.0,0,0.0,3.890000104904175,-0.7470833333333289,-8.567499999999999,-12.472083333333341,0.0,8.364583333333336,0.0,3.944583333333334,0.0,-7.492916666666666,0.0,-1.7025000000000006,0.0,0.10723887532362619,-0.5924402160730151,7.650951557785742,0.06500005722045898,-0.6349999904632568,-0.15000009536743164,-0.309999942779541
2020-05-23,10.265,44545.54166666666,0.0,0,0.0,3.890000104904175,-8.567499999999999,-36.39583333333333,-0.7470833333333289,0.0,-12.472083333333341,0.0,8.364583333333336,0.0,10.279583333333331,0.0,-4.127916666666664,0.0,-0.03927228285533302,-0.9013996033910091,7.508527166898321,0.0,0.06500005722045898,-0.6349999904632568,-0.15000009536743164
2020-05-24,-26.13083333333333,42280.91666666666,0.0,0,0.0,3.890000104904175,-36.39583333333333,44.76125,-8.567499999999999,0.0,-0.7470833333333289,0.0,-12.472083333333341,0.0,3.944583333333334,0.0,-7.492916666666666,0.0,-0.05083842097927871,-1.267216274068737,13.258789370852583,0.0,0.0,0.06500005722045898,-0.6349999904632568
2020-05-25,18.630416666666665,52977.5,0.0,0,0.0,3.890000104904175,44.76125,8.794583333333335,-36.39583333333333,0.0,-8.567499999999999,0.0,-0.7470833333333289,0.0,8.364583333333336,0.0,10.279583333333331,0.0,0.2529884443533432,0.7967924240711773,20.6061389862282,0.0,0.0,0.0,0.06500005722045898
2020-05-26,27.425,53096.91666666666,0.0,0,0.0,4.125,8.794583333333335,-4.52791666666667,44.76125,0.0,-36.39583333333333,0.0,-8.567499999999999,0.0,-12.472083333333341,0.0,3.944583333333334,0.0,0.00225410158400563,0.7651999052423759,20.740361120430496,0.2349998950958252,0.0,0.0,0.0
2020-05-27,22.89708333333333,53029.875,0.0,0,0.0,3.694999933242798,-4.52791666666667,-2.4849999999999994,8.794583333333335,0.0,44.76125,0.0,-36.39583333333333,0.0,-0.7470833333333289,0.0,8.364583333333336,0.0,-0.0012626282442638193,0.7377902806638329,20.62558849123022,-0.43000006675720215,0.2349998950958252,0.0,0.0
2020-05-28,20.41208333333333,53283.083333333336,0.0,0,0.0,3.509999990463257,-2.4849999999999994,2.280000000000001,-4.52791666666667,0.0,8.794583333333335,0.0,44.76125,0.0,-8.567499999999999,0.0,-12.472083333333341,0.0,0.004774824253938714,0.7871142397557013,20.404907759866454,-0.18499994277954102,-0.43000006675720215,0.2349998950958252,0.0
2020-05-29,22.692083333333333,51252.5,0.0,0,0.0,4.385000228881836,2.280000000000001,-10.155416666666664,-2.4849999999999994,0.0,-4.52791666666667,0.0,8.794583333333335,0.0,-36.39583333333333,0.0,-0.7470833333333289,0.0,-0.03810934364721763,0.40089436112227866,20.37653018169117,0.8750002384185791,-0.18499994277954102,-0.43000006675720215,0.2349998950958252
2020-05-30,12.536666666666669,43761.958333333336,0.0,0,0.0,4.385000228881836,-10.155416666666664,-10.875416666666668,2.280000000000001,0.0,-2.4849999999999994,0.0,-4.52791666666667,0.0,44.76125,0.0,-8.567499999999999,0.0,-0.1461497813114807,-1.0422234498584257,20.363389134920197,0.0,0.8750002384185791,-0.18499994277954102,-0.43000006675720215
2020-05-31,1.6612500000000006,39603.333333333336,0.0,0,0.0,4.385000228881836,-10.875416666666668,4.409166666666666,-10.155416666666664,0.0,2.280000000000001,0.0,-2.4849999999999994,0.0,8.794583333333335,0.0,-36.39583333333333,0.0,-0.09502831130919454,-1.8087816707528481,20.277812817892116,0.0,0.0,0.8750002384185791,-0.18499994277954102
2020-06-01,6.070416666666667,40002.375,0.0,0,0.0,4.054999828338623,4.409166666666666,22.270833333333332,-10.875416666666668,0.0,-10.155416666666664,0.0,2.280000000000001,0.0,-4.52791666666667,0.0,44.76125,0.0,0.01007596161939217,-1.656600928075262,20.37266534989273,-0.3300004005432129,0.0,0.0,0.8750002384185791
2020-06-02,28.34125,51806.375,0.0,0,0.0,4.849999904632568,22.270833333333332,0.49833333333333485,4.409166666666666,0.0,-10.875416666666668,0.0,-10.155416666666664,0.0,-2.4849999999999994,0.0,8.794583333333335,0.0,0.2950824794777811,0.5185274670200182,21.451778993656223,0.7950000762939453,-0.3300004005432129,0.0,0.0
2020-06-03,28.839583333333334,53626.833333333336,0.0,0,0.0,5.329999923706055,0.49833333333333485,-2.287083333333335,22.270833333333332,0.0,4.409166666666666,0.0,-10.875416666666668,0.0,2.280000000000001,0.0,-4.52791666666667,0.0,0.03513965864883106,0.8582442718183027,16.82492020972635,0.48000001907348633,0.7950000762939453,-0.3300004005432129,0.0
2020-06-04,26.5525,54392.958333333336,0.0,0,0.0,5.389999866485596,-2.287083333333335,-2.2524999999999977,0.49833333333333485,0.0,22.270833333333332,0.0,4.409166666666666,0.0,-10.155416666666664,0.0,-2.4849999999999994,0.0,0.01428622486876896,1.0007059171094954,9.691126752520125,0.059999942779541016,0.48000001907348633,0.7950000762939453,-0.3300004005432129
2020-06-05,24.3,53426.958333333336,0.0,0,0.0,5.710000038146973,-2.2524999999999977,-17.615000000000002,-2.287083333333335,0.0,0.49833333333333485,0.0,22.270833333333332,0.0,-10.875416666666668,0.0,2.280000000000001,0.0,-0.017759651793162523,0.8072201241545907,9.299282396315348,0.32000017166137695,0.059999942779541016,0.48000001907348633,0.7950000762939453
2020-06-06,6.685,45937.708333333336,0.0,0,0.0,5.710000038146973,-17.615000000000002,10.958333333333336,-2.2524999999999977,0.0,-2.287083333333335,0.0,0.49833333333333485,0.0,4.409166666666666,0.0,-10.155416666666664,0.0,-0.14017736052414242,-0.5937728342979373,10.763980425148457,0.0,0.32000017166137695,0.059999942779541016,0.48000001907348633
2020-06-07,17.643333333333334,41889.833333333336,0.0,0,0.0,5.710000038146973,10.958333333333336,13.725833333333334,-17.615000000000002,0.0,-2.2524999999999977,0.0,-2.287083333333335,0.0,22.270833333333332,0.0,-10.875416666666668,0.0,-0.08811660718091985,-1.2820116614892383,11.461025175813614,0.0,0.0,0.32000017166137695,0.059999942779541016
2020-06-08,31.36916666666667,51724.16666666666,0.0,0,0.0,5.25,13.725833333333334,5.307500000000001,10.958333333333336,0.0,-17.615000000000002,0.0,-2.2524999999999977,0.0,0.49833333333333485,0.0,4.409166666666666,0.0,0.2347665901431928,0.5166545302822286,12.286548215919511,-0.46000003814697266,0.0,0.0,0.32000017166137695
2020-06-09,36.67666666666667,53430.66666666666,0.0,0,0.0,4.804999828338623,5.307500000000001,-5.312083333333341,13.725833333333334,0.0,10.958333333333336,0.0,-17.615000000000002,0.0,-2.287083333333335,0.0,22.270833333333332,0.0,0.03299231500426947,0.7841907360836344,11.704347196437476,-0.44500017166137695,-0.46000003814697266,0.0,0.0
2020-06-10,31.36458333333333,52858.958333333336,0.0,0,0.0,4.800000190734863,-5.312083333333341,-7.301249999999996,5.307500000000001,0.0,13.725833333333334,0.0,10.958333333333336,0.0,-2.2524999999999977,0.0,0.49833333333333485,0.0,-0.010700003743168485,0.6892995656796307,11.120123851270423,-0.004999637603759766,-0.44500017166137695,-0.46000003814697266,0.0
2020-06-11,24.063333333333333,45638.833333333336,0.0,0,0.0,4.989999771118164,-7.301249999999996,-3.3412500000000023,-5.312083333333341,0.0,5.307500000000001,0.0,13.725833333333334,0.0,-17.615000000000002,0.0,-2.287083333333335,0.0,-0.13659226794575186,-0.6767475793279445,11.559681787095398,0.18999958038330078,-0.004999637603759766,-0.44500017166137695,-0.46000003814697266
2020-06-12,20.72208333333333,47905.5,0.0,0,0.0,5.275000095367432,-3.3412500000000023,-0.8779166666666676,-7.301249999999996,0.0,-5.312083333333341,0.0,5.307500000000001,0.0,10.958333333333336,0.0,-2.2524999999999977,0.0,0.04966530695715998,-0.1898803843231076,9.094439426371427,0.2850003242492676,0.18999958038330078,-0.004999637603759766,-0.44500017166137695
2020-06-13,19.844166666666663,44139.66666666666,0.0,0,0.0,5.275000095367432,-0.8779166666666676,-1.337499999999995,-3.3412500000000023,0.0,-7.301249999999996,0.0,-5.312083333333341,0.0,13.725833333333334,0.0,-17.615000000000002,0.0,-0.07860962380798331,-0.8871298391477057,9.083656115675874,0.0,0.2850003242492676,0.18999958038330078,-0.004999637603759766
2020-06-14,18.506666666666668,41892.0,0.0,0,0.0,5.275000095367432,-1.337499999999995,12.546666666666663,-0.8779166666666676,0.0,-3.3412500000000023,0.0,-7.301249999999996,0.0,5.307500000000001,0.0,10.958333333333336,0.0,-0.050921695527076705,-1.24822800511901,9.07249592403697,0.0,0.0,0.2850003242492676,0.18999958038330078
2020-06-15,31.05333333333333,51745.708333333336,0.0,0,0.0,5.514999866485596,12.546666666666663,3.0666666666666664,-1.337499999999995,0.0,-0.8779166666666676,0.0,-3.3412500000000023,0.0,-5.312083333333341,0.0,13.725833333333334,0.0,0.23521694675196536,0.6659067226808713,9.972459415315974,0.23999977111816406,0.0,0.0,0.2850003242492676
2020-06-16,34.12,53375.91666666666,0.0,0,0.0,5.260000228881836,3.0666666666666664,3.115000000000002,12.546666666666663,0.0,-1.337499999999995,0.0,-0.8779166666666676,0.0,-7.301249999999996,0.0,5.307500000000001,0.0,0.031504222975013096,0.926565271981407,7.626405656712833,-0.25499963760375977,0.23999977111816406,0.0,0.0
2020-06-17,37.235,53642.583333333336,0.0,0,0.0,5.210000038146973,3.115000000000002,-5.431666666666668,3.0666666666666664,0.0,12.546666666666663,0.0,-1.337499999999995,0.0,-3.3412500000000023,0.0,-5.312083333333341,0.0,0.00499601099746938,0.9615123238769661,7.070763803975189,-0.05000019073486328,-0.25499963760375977,0.23999977111816406,0.0
2020-06-18,31.80333333333333,53581.16666666666,0.0,0,0.0,5.449999809265137,-5.431666666666668,-1.9499999999999993,3.115000000000002,0.0,3.0666666666666664,0.0,12.546666666666663,0.0,-0.8779166666666676,0.0,-7.301249999999996,0.0,-0.0011449237313020388,0.9447746233947167,6.050071617905929,0.23999977111816406,-0.05000019073486328,-0.25499963760375977,0.23999977111816406
2020-06-19,29.85333333333333,51842.54166666666,0.0,0,0.0,5.614999771118164,-1.9499999999999993,-5.768750000000001,-5.431666666666668,0.0,3.115000000000002,0.0,3.0666666666666664,0.0,-1.337499999999995,0.0,-3.3412500000000023,0.0,-0.03244843492893956,0.5983417392266109,5.777603360081106,0.16499996185302734,0.23999977111816406,-0.05000019073486328,-0.25499963760375977
2020-06-20,24.08458333333333,43964.0,0.0,0,0.0,5.614999771118164,-5.768750000000001,-4.584999999999997,-1.9499999999999993,0.0,-5.431666666666668,0.0,3.115000000000002,0.0,12.546666666666663,0.0,-0.8779166666666676,0.0,-0.15197059043369288,-0.9979130193853677,5.81991313678768,0.0,0.16499996185302734,0.23999977111816406,-0.05000019073486328
2020-06-21,19.499583333333334,40567.625,0.0,0,0.0,5.614999771118164,-4.584999999999997,10.080416666666665,-5.768750000000001,0.0,-1.9499999999999993,0.0,-5.431666666666668,0.0,3.0666666666666664,0.0,-1.337499999999995,0.0,-0.07725354835774723,-1.578008690077766,5.535476816850804,0.0,0.0,0.16499996185302734,0.23999977111816406
2020-06-22,29.58,52165.458333333336,0.0,0,0.0,5.494999885559082,10.080416666666665,3.161666666666669,-4.584999999999997,0.0,-5.768750000000001,0.0,-1.9499999999999993,0.0,3.115000000000002,0.0,12.546666666666663,0.0,0.28588889128543604,0.6240926856273137,6.328602562607977,-0.11999988555908203,0.0,0.0,0.16499996185302734
2020-06-23,32.74166666666667,53467.04166666666,0.0,0,0.0,5.829999923706055,3.161666666666669,2.8287499999999994,10.080416666666665,0.0,-4.584999999999997,0.0,-5.768750000000001,0.0,-5.431666666666668,0.0,3.0666666666666664,0.0,0.02495105717304935,0.8204341799686328,6.33243862223091,0.33500003814697266,-0.11999988555908203,0.0,0.0
2020-06-24,35.57041666666667,53862.29166666666,0.0,0,0.0,5.664999961853027,2.8287499999999994,-1.1200000000000045,3.161666666666669,0.0,10.080416666666665,0.0,-4.584999999999997,0.0,-1.9499999999999993,0.0,3.115000000000002,0.0,0.007392404510878636,0.8887055447402986,6.277192619760184,-0.16499996185302734,0.33500003814697266,-0.11999988555908203,0.0
2020-06-25,34.45041666666666,54027.41666666666,0.0,0,0.0,5.255000114440918,-1.1200000000000045,0.35291666666667254,2.8287499999999994,0.0,3.161666666666669,0.0,10.080416666666665,0.0,-5.768750000000001,0.0,-5.431666666666668,0.0,0.003065688348759865,0.9104430693992828,5.015830706812071,-0.4099998474121094,-0.16499996185302734,0.33500003814697266,-0.11999988555908203
2020-06-26,34.803333333333335,52259.625,0.0,0,0.0,5.105000019073486,0.35291666666667254,-7.972500000000004,-1.1200000000000045,0.0,2.8287499999999994,0.0,3.161666666666669,0.0,-4.584999999999997,0.0,-1.9499999999999993,0.0,-0.032720270109774297,0.5699745132824136,4.924479080366135,-0.15000009536743164,-0.4099998474121094,-0.16499996185302734,0.33500003814697266
2020-06-27,26.83083333333333,45268.625,0.0,0,0.0,5.105000019073486,-7.972500000000004,-9.723749999999999,0.35291666666667254,0.0,-1.1200000000000045,0.0,2.8287499999999994,0.0,10.080416666666665,0.0,-5.768750000000001,0.0,-0.13377440040949395,-0.7562419723440967,5.388609439346625,0.0,-0.15000009536743164,-0.4099998474121094,-0.16499996185302734
2020-06-28,17.107083333333332,42233.25,0.0,0,0.0,5.105000019073486,-9.723749999999999,10.373750000000001,-7.972500000000004,0.0,0.35291666666667254,0.0,-1.1200000000000045,0.0,3.161666666666669,0.0,-4.584999999999997,0.0,-0.06705251153530734,-1.2624305990418412,5.9217959784135115,0.0,0.0,-0.15000009536743164,-0.4099998474121094
2020-06-29,27.480833333333333,53016.625,0.0,0,0.0,5.840000152587891,10.373750000000001,-9.126666666666665,-9.723749999999999,0.0,-7.972500000000004,0.0,0.35291666666667254,0.0,2.8287499999999994,0.0,10.080416666666665,0.0,0.25532903577157806,0.7559645550687805,6.99568357658524,0.7350001335144043,0.0,0.0,-0.15000009536743164
2020-06-30,18.354166666666668,54940.125,0.0,0,0.0,6.164999961853027,-9.126666666666665,14.03083333333333,10.373750000000001,0.0,-9.723749999999999,0.0,-7.972500000000004,0.0,-1.1200000000000045,0.0,3.161666666666669,0.0,0.03628107221083954,1.074766274633926,7.361710054380657,0.3249998092651367,0.7350001335144043,0.0,0.0
2020-07-01,32.385,55405.125,0.0,0,0.0,5.864999771118164,14.03083333333333,6.528750000000002,-9.126666666666665,0.0,10.373750000000001,0.0,-9.723749999999999,0.0,0.35291666666667254,0.0,2.8287499999999994,0.0,0.008463759410813232,1.1190446310059723,8.500166041520085,-0.3000001907348633,0.3249998092651367,0.7350001335144043,0.0
2020-07-02,38.91375,54857.958333333336,0.0,0,0.0,5.945000171661377,6.528750000000002,-3.9825000000000017,14.03083333333333,0.0,-9.126666666666665,0.0,10.373750000000001,0.0,-7.972500000000004,0.0,-1.1200000000000045,0.0,-0.009875741037795094,0.9669470668997955,8.159361960013928,0.08000040054321289,-0.3000001907348633,0.3249998092651367,0.7350001335144043
2020-07-03,34.93125,52799.29166666666,0.0,0,0.0,5.945000171661377,-3.9825000000000017,-19.527916666666663,6.528750000000002,0.0,14.03083333333333,0.0,-9.126666666666665,0.0,-9.723749999999999,0.0,0.35291666666667254,0.0,-0.03752721991871455,0.5440441873362462,8.254785278037076,0.0,0.08000040054321289,-0.3000001907348633,0.3249998092651367
2020-07-04,15.403333333333334,45872.16666666666,0.0,0,0.0,5.945000171661377,-19.527916666666663,-30.74041666666667,-3.9825000000000017,0.0,6.528750000000002,0.0,14.03083333333333,0.0,10.373750000000001,0.0,-7.972500000000004,0.0,-0.13119730930733764,-0.8517608576469597,10.254642987210213,0.0,0.0,0.08000040054321289,-0.3000001907348633
2020-07-05,-15.337083333333332,43193.0,0.0,0,0.0,5.945000171661377,-30.74041666666667,29.61958333333333,-19.527916666666663,0.0,-3.9825000000000017,0.0,6.528750000000002,0.0,-9.126666666666665,0.0,-9.723749999999999,0.0,-0.05840506043969995,-1.3139226166498272,13.67450893446511,0.0,0.0,0.0,0.08000040054321289
2020-07-06,14.2825,54852.625,0.0,0,0.0,6.09499979019165,29.61958333333333,17.61958333333333,-30.74041666666667,0.0,-19.527916666666663,0.0,-3.9825000000000017,0.0,14.03083333333333,0.0,10.373750000000001,0.0,0.26994246752946083,1.0135678807841326,17.53058905523307,0.14999961853027344,0.0,0.0,0.0
2020-07-07,31.902083333333334,54720.29166666666,0.0,0,0.0,6.125,17.61958333333333,9.311666666666664,29.61958333333333,0.0,-30.74041666666667,0.0,-19.527916666666663,0.0,6.528750000000002,0.0,-9.126666666666665,0.0,-0.002412525076663896,0.9305418572455953,18.41594006595189,0.03000020980834961,0.14999961853027344,0.0,0.0
2020-07-08,41.21375,55036.375,0.0,0,0.0,5.934999942779541,9.311666666666664,1.2095833333333346,17.61958333333333,0.0,29.61958333333333,0.0,-30.74041666666667,0.0,-3.9825000000000017,0.0,14.03083333333333,0.0,0.005776345916772341,0.9593289322182251,18.22372104502405,-0.19000005722045898,0.03000020980834961,0.14999961853027344,0.0
2020-07-09,42.42333333333333,55393.04166666666,0.0,0,0.0,5.755000114440918,1.2095833333333346,-5.804583333333333,9.311666666666664,0.0,17.61958333333333,0.0,29.61958333333333,0.0,-19.527916666666663,0.0,6.528750000000002,0.0,0.006480562476483209,1.0082424076065857,18.007929699231664,-0.17999982833862305,-0.19000005722045898,0.03000020980834961,0.14999961853027344
2020-07-10,36.61875,53675.91666666666,0.0,0,0.0,5.474999904632568,-5.804583333333333,-8.017499999999998,1.2095833333333346,0.0,9.311666666666664,0.0,17.61958333333333,0.0,-30.74041666666667,0.0,-3.9825000000000017,0.0,-0.030998929618867632,0.6478374374767554,17.81988671211142,-0.2800002098083496,-0.17999982833862305,-0.19000005722045898,0.03000020980834961
2020-07-11,28.60125,44550.125,0.0,0,0.0,5.474999904632568,-8.017499999999998,-3.8295833333333356,-5.804583333333333,0.0,1.2095833333333346,0.0,9.311666666666664,0.0,29.61958333333333,0.0,-19.527916666666663,0.0,-0.17001650336665564,-1.2027806076818832,17.503266705079707,0.0,-0.2800002098083496,-0.17999982833862305,-0.19000005722045898
2020-07-12,24.771666666666665,40803.29166666666,0.0,0,0.0,5.474999904632568,-3.8295833333333356,9.403750000000006,-8.017499999999998,0.0,-5.804583333333333,0.0,1.2095833333333346,0.0,17.61958333333333,0.0,-30.74041666666667,0.0,-0.08410376701150313,-1.8088886000222228,17.354961072309383,0.0,0.0,-0.2800002098083496,-0.17999982833862305
2020-07-13,34.17541666666667,51869.0,0.0,0,0.0,5.110000133514404,9.403750000000006,2.5879166666666578,-3.8295833333333356,0.0,-8.017499999999998,0.0,-5.804583333333333,0.0,9.311666666666664,0.0,29.61958333333333,0.0,0.2711964618867557,0.2695430897340352,17.64862284807635,-0.36499977111816406,0.0,0.0,-0.2800002098083496
2020-07-14,36.76333333333333,54283.583333333336,0.0,0,0.0,5.085000038146973,2.5879166666666578,4.946250000000006,9.403750000000006,0.0,-3.8295833333333356,0.0,-8.017499999999998,0.0,1.2095833333333346,0.0,17.61958333333333,0.0,0.04655156901681812,0.6929914898223434,16.272181263462752,-0.02500009536743164,-0.36499977111816406,0.0,0.0
2020-07-15,41.709583333333335,55457.125,0.0,0,0.0,5.224999904632568,4.946250000000006,2.7362499999999983,2.5879166666666578,0.0,9.403750000000006,0.0,-3.8295833333333356,0.0,-5.804583333333333,0.0,9.311666666666664,0.0,0.021618721436652777,0.8959526899146675,11.46366172876198,0.1399998664855957,-0.02500009536743164,-0.36499977111816406,0.0
2020-07-16,44.44583333333333,55307.66666666666,0.0,0,0.0,5.059999942779541,2.7362499999999983,-6.868750000000006,4.946250000000006,0.0,2.5879166666666578,0.0,9.403750000000006,0.0,-8.017499999999998,0.0,1.2095833333333346,0.0,-0.002695024910385202,0.8451158584739249,7.798552282354587,-0.16499996185302734,0.1399998664855957,-0.02500009536743164,-0.36499977111816406
2020-07-17,37.57708333333333,52996.79166666666,0.0,0,0.0,5.114999771118164,-6.868750000000006,-8.564166666666662,2.7362499999999983,0.0,4.946250000000006,0.0,2.5879166666666578,0.0,-3.8295833333333356,0.0,-5.804583333333333,0.0,-0.04178218209651463,0.38638141165680423,6.427794457627502,0.05499982833862305,-0.16499996185302734,0.1399998664855957,-0.02500009536743164
2020-07-18,29.012916666666666,44907.41666666666,0.0,0,0.0,5.114999771118164,-8.564166666666662,-1.2333333333333343,-6.868750000000006,0.0,2.7362499999999983,0.0,4.946250000000006,0.0,9.403750000000006,0.0,-8.017499999999998,0.0,-0.15263895691798957,-1.1589866665866093,6.207712210415873,0.0,0.05499982833862305,-0.16499996185302734,0.1399998664855957
2020-07-19,27.77958333333333,41342.333333333336,0.0,0,0.0,5.114999771118164,-1.2333333333333343,5.182916666666667,-8.564166666666662,0.0,-6.868750000000006,0.0,2.7362499999999983,0.0,2.5879166666666578,0.0,-3.8295833333333356,0.0,-0.07938740631187469,-1.6992703683649681,6.149266706540239,0.0,0.0,0.05499982833862305,-0.16499996185302734
2020-07-20,32.9625,52509.29166666666,0.0,0,0.0,4.730000019073486,5.182916666666667,-1.2491666666666674,-1.2333333333333343,0.0,-8.564166666666662,0.0,-6.868750000000006,0.0,4.946250000000006,0.0,9.403750000000006,0.0,0.27010953260177195,0.3424352494770559,6.268066259962106,-0.38499975204467773,0.0,0.0,0.05499982833862305
2020-07-21,31.71333333333333,53179.25,0.0,0,0.0,4.789999961853027,-1.2491666666666674,2.6383333333333354,5.182916666666667,0.0,-1.2333333333333343,0.0,-8.564166666666662,0.0,2.7362499999999983,0.0,2.5879166666666578,0.0,0.01275885299665247,0.4182482091920702,5.688646714714397,0.059999942779541016,-0.38499975204467773,0.0,0.0
2020-07-22,34.35166666666667,54154.625,0.0,0,0.0,4.829999923706055,2.6383333333333354,1.3395833333333371,-1.2491666666666674,0.0,5.182916666666667,0.0,-1.2333333333333343,0.0,-6.868750000000006,0.0,4.946250000000006,0.0,0.018341270326302173,0.6014155995031109,5.531046450533897,0.039999961853027344,0.059999942779541016,-0.38499975204467773,0.0
2020-07-23,35.691250000000004,54217.66666666666,0.0,0,0.0,4.985000133514404,1.3395833333333371,-4.536250000000003,2.6383333333333354,0.0,-1.2491666666666674,0.0,5.182916666666667,0.0,-8.564166666666662,0.0,2.7362499999999983,0.0,0.0011641049433295247,0.6074609708811878,4.686198505738509,0.1550002098083496,0.039999961853027344,0.059999942779541016,-0.38499975204467773
2020-07-24,31.155,52427.833333333336,0.0,0,0.0,5.010000228881836,-4.536250000000003,-5.635000000000002,1.3395833333333371,0.0,2.6383333333333354,0.0,-1.2491666666666674,0.0,-1.2333333333333343,0.0,-6.868750000000006,0.0,-0.03301199486022366,0.2539144815525989,4.814431939459942,0.02500009536743164,0.1550002098083496,0.039999961853027344,0.059999942779541016
2020-07-25,25.52,44984.833333333336,0.0,0,0.0,5.010000228881836,-5.635000000000002,-12.913333333333332,-4.536250000000003,0.0,1.3395833333333371,0.0,2.6383333333333354,0.0,5.182916666666667,0.0,-8.564166666666662,0.0,-0.14196657627786768,-1.1821281023253591,4.628795253168671,0.0,0.02500009536743164,0.1550002098083496,0.039999961853027344
2020-07-26,12.606666666666667,41866.875,0.0,0,0.0,5.010000228881836,-12.913333333333332,19.925416666666663,-5.635000000000002,0.0,-4.536250000000003,0.0,1.3395833333333371,0.0,-1.2491666666666674,0.0,-1.2333333333333343,0.0,-0.0693113234460504,-1.6529299762612017,5.547129694465677,0.0,0.0,0.02500009536743164,0.1550002098083496
2020-07-27,32.53208333333333,52237.083333333336,0.0,0,0.0,4.784999847412109,19.925416666666663,-9.566250000000004,-12.913333333333332,0.0,-5.635000000000002,0.0,-4.536250000000003,0.0,2.6383333333333354,0.0,5.182916666666667,0.0,0.24769482635934348,0.28450344822871654,8.979027318674712,-0.22500038146972656,0.0,0.0,0.02500009536743164
2020-07-28,22.96583333333333,54255.79166666666,0.0,0,0.0,4.960000038146973,-9.566250000000004,-2.2166666666666615,19.925416666666663,0.0,-12.913333333333332,0.0,-5.635000000000002,0.0,1.3395833333333371,0.0,-1.2491666666666674,0.0,0.038645119606920186,0.625348810052819,9.083948318567142,0.17500019073486328,-0.22500038146972656,0.0,0.0
2020-07-29,20.749166666666667,53123.625,0.0,0,0.0,5.175000190734863,-2.2166666666666615,14.869999999999997,-9.566250000000004,0.0,19.925416666666663,0.0,-12.913333333333332,0.0,-4.536250000000003,0.0,2.6383333333333354,0.0,-0.02086720388529928,0.3950413561168501,9.09682239589995,0.21500015258789062,0.17500019073486328,-0.22500038146972656,0.0
2020-07-30,35.619166666666665,52464.458333333336,0.0,0,0.0,5.224999904632568,14.869999999999997,2.8895833333333343,-2.2166666666666615,0.0,-9.566250000000004,0.0,19.925416666666663,0.0,-5.635000000000002,0.0,1.3395833333333371,0.0,-0.01240816428974234,0.28073878784827655,10.237516855078937,0.04999971389770508,0.21500015258789062,0.17500019073486328,-0.22500038146972656
2020-07-31,38.50875,52354.125,0.0,0,0.0,6.025000095367432,2.8895833333333343,-10.19833333333333,14.869999999999997,0.0,-2.2166666666666615,0.0,-9.566250000000004,0.0,-12.913333333333332,0.0,-4.536250000000003,0.0,-0.0021030110066577734,0.2825239119894422,10.25311906858814,0.8000001907348633,0.04999971389770508,0.21500015258789062,0.17500019073486328
2020-08-01,28.31041666666667,44767.333333333336,0.0,0,0.0,6.025000095367432,-10.19833333333333,-0.12041666666666728,2.8895833333333343,0.0,14.869999999999997,0.0,-2.2166666666666615,0.0,19.925416666666663,0.0,-5.635000000000002,0.0,-0.14491296849420487,-1.200929188502152,10.771110302424322,0.0,0.8000001907348633,0.04999971389770508,0.21500015258789062
2020-08-02,28.19,41221.91666666666,0.0,0,0.0,6.025000095367432,-0.12041666666666728,8.529166666666665,-10.19833333333333,0.0,2.8895833333333343,0.0,14.869999999999997,0.0,-9.566250000000004,0.0,-12.913333333333332,0.0,-0.07919651233786562,-1.7480570994257267,10.751713899496256,0.0,0.0,0.8000001907348633,0.04999971389770508
2020-08-03,36.719166666666666,50151.16666666666,0.0,0,0.0,6.800000190734863,8.529166666666665,-0.32541666666666913,-0.12041666666666728,0.0,-10.19833333333333,0.0,2.8895833333333343,0.0,-2.2166666666666615,0.0,19.925416666666663,0.0,0.2166141393231351,-0.05070253182367249,11.0307356762904,0.7750000953674316,0.0,0.0,0.8000001907348633
2020-08-04,36.39375,51183.125,0.0,0,0.0,7.355000019073486,-0.32541666666666913,-6.788749999999997,8.529166666666665,0.0,-0.12041666666666728,0.0,-10.19833333333333,0.0,14.869999999999997,0.0,-9.566250000000004,0.0,0.02057695567068918,0.10290091980808519,10.825479143677716,0.554999828338623,0.7750000953674316,0.0,0.0
2020-08-05,29.605,51705.875,0.0,0,0.0,7.320000171661377,-6.788749999999997,3.6750000000000007,-0.32541666666666913,0.0,8.529166666666665,0.0,-0.12041666666666728,0.0,2.8895833333333343,0.0,-2.2166666666666615,0.0,0.010213327146398443,0.2331659943779733,10.093900508567163,-0.034999847412109375,0.554999828338623,0.7750000953674316,0.0
2020-08-06,33.28,52330.708333333336,0.0,0,0.0,7.940000057220459,3.6750000000000007,2.699166666666663,-6.788749999999997,0.0,-0.32541666666666913,0.0,8.529166666666665,0.0,-10.19833333333333,0.0,14.869999999999997,0.0,0.012084377903542665,0.3819849088989772,7.904311331506776,0.619999885559082,-0.034999847412109375,0.554999828338623,0.7750000953674316
2020-08-07,35.979166666666664,52102.75,0.0,0,0.0,7.929999828338623,2.699166666666663,-3.940416666666664,3.6750000000000007,0.0,-6.788749999999997,0.0,-0.32541666666666913,0.0,-0.12041666666666728,0.0,2.8895833333333343,0.0,-0.004356110218904363,0.35988943493229697,7.158498086967105,-0.010000228881835938,0.619999885559082,-0.034999847412109375,0.554999828338623
2020-08-08,32.03875,45696.5,0.0,0,0.0,7.929999828338623,-3.940416666666664,-3.504999999999999,2.699166666666663,0.0,3.6750000000000007,0.0,-6.788749999999997,0.0,8.529166666666665,0.0,-10.19833333333333,0.0,-0.12295416268814985,-0.9257053205842534,7.272469711989604,0.0,-0.010000228881835938,0.619999885559082,-0.034999847412109375
2020-08-09,28.53375,42842.375,0.0,0,0.0,7.929999828338623,-3.504999999999999,8.444999999999997,-3.940416666666664,0.0,2.699166666666663,0.0,3.6750000000000007,0.0,-0.32541666666666913,0.0,-0.12041666666666728,0.0,-0.06245828455133329,-1.4151626257163832,5.526628695650173,0.0,0.0,-0.010000228881835938,0.619999885559082
2020-08-10,36.97875,54112.0,0.0,0,0.0,7.590000152587891,8.444999999999997,-0.6812499999999986,-3.504999999999999,0.0,-3.940416666666664,0.0,2.699166666666663,0.0,-6.788749999999997,0.0,8.529166666666665,0.0,0.26304855881589195,0.847882867380933,6.1702438160903,-0.3399996757507324,0.0,0.0,-0.010000228881835938
2020-08-11,36.2975,56533.875,0.0,0,0.0,7.414999961853027,-0.6812499999999986,-0.43291666666666373,8.444999999999997,0.0,-3.504999999999999,0.0,-3.940416666666664,0.0,3.6750000000000007,0.0,-0.32541666666666913,0.0,0.04475670830869305,1.2918564531311387,5.0876759321736,-0.17500019073486328,-0.3399996757507324,0.0,0.0
2020-08-12,35.864583333333336,56052.25,0.0,0,0.0,7.170000076293945,-0.43291666666666373,2.7212499999999977,-0.6812499999999986,0.0,8.444999999999997,0.0,-3.504999999999999,0.0,2.699166666666663,0.0,-6.788749999999997,0.0,-0.00851922851564657,1.132547557003689,5.094903349507084,-0.24499988555908203,-0.17500019073486328,-0.3399996757507324,0.0
2020-08-13,38.58583333333333,55887.833333333336,0.0,0,0.0,7.309999942779541,2.7212499999999977,2.2404166666666683,-0.43291666666666373,0.0,-0.6812499999999986,0.0,8.444999999999997,0.0,-3.940416666666664,0.0,3.6750000000000007,0.0,-0.0029332750543763497,1.0749753779923157,4.394723569762976,0.1399998664855957,-0.24499988555908203,-0.17500019073486328,-0.3399996757507324
2020-08-14,40.82625,53963.91666666666,0.0,0,0.0,8.020000457763672,2.2404166666666683,-8.965416666666673,2.7212499999999977,0.0,-0.43291666666666373,0.0,-0.6812499999999986,0.0,-3.504999999999999,0.0,2.699166666666663,0.0,-0.03442460642894862,0.6893897572370795,4.436210431644081,0.7100005149841309,0.1399998664855957,-0.24499988555908203,-0.17500019073486328
2020-08-15,31.86083333333333,45231.04166666666,0.0,0,0.0,8.020000457763672,-8.965416666666673,-3.1762499999999996,2.2404166666666683,0.0,2.7212499999999977,0.0,-0.43291666666666373,0.0,8.444999999999997,0.0,-3.940416666666664,0.0,-0.16182804250371008,-1.0777329022721596,4.863321494286672,0.0,0.7100005149841309,0.1399998664855957,-0.24499988555908203
2020-08-16,28.68458333333333,42689.833333333336,0.0,0,0.0,8.020000457763672,-3.1762499999999996,11.678750000000008,-8.965416666666673,0.0,2.2404166666666683,0.0,2.7212499999999977,0.0,-0.6812499999999986,0.0,-3.504999999999999,0.0,-0.05618283903477028,-1.4857992798929671,4.8056343741529846,0.0,0.0,0.7100005149841309,0.1399998664855957
2020-08-17,40.36333333333334,53702.708333333336,0.0,0,0.0,8.180000305175781,11.678750000000008,2.0295833333333277,-3.1762499999999996,0.0,-8.965416666666673,0.0,2.2404166666666683,0.0,-0.43291666666666373,0.0,8.444999999999997,0.0,0.2579741858912543,0.6955420035156563,6.120498256844591,0.15999984741210938,0.0,0.0,0.7100005149841309
2020-08-18,42.392916666666665,54729.708333333336,0.0,0,0.0,8.550000190734863,2.0295833333333277,-4.164583333333333,11.678750000000008,0.0,-3.1762499999999996,0.0,-8.965416666666673,0.0,2.7212499999999977,0.0,-0.6812499999999986,0.0,0.01912380272565395,0.8571719391254321,5.93425114819178,0.36999988555908203,0.15999984741210938,0.0,0.0
2020-08-19,38.22833333333333,54653.458333333336,0.0,0,0.0,8.354999542236328,-4.164583333333333,-0.1216666666666697,2.0295833333333277,0.0,11.678750000000008,0.0,-3.1762499999999996,0.0,2.2404166666666683,0.0,-0.43291666666666373,0.0,-0.0013932104212139862,0.8174979991389643,5.993692440891819,-0.19500064849853516,0.36999988555908203,0.15999984741210938,0.0
2020-08-20,38.10666666666666,55437.958333333336,0.0,0,0.0,8.149999618530273,-0.1216666666666697,-6.297499999999999,-4.164583333333333,0.0,2.0295833333333277,0.0,11.678750000000008,0.0,-8.965416666666673,0.0,2.7212499999999977,0.0,0.014354077928889764,0.957383278194343,5.388126807690854,-0.2049999237060547,-0.19500064849853516,0.36999988555908203,0.15999984741210938
2020-08-21,31.809166666666663,55187.5,0.0,0,0.0,7.619999885559082,-6.297499999999999,-7.979999999999997,-0.1216666666666697,0.0,-4.164583333333333,0.0,2.0295833333333277,0.0,-3.1762499999999996,0.0,2.2404166666666683,0.0,-0.004517813080838873,0.8919484627663274,5.759960504676465,-0.5299997329711914,-0.2049999237060547,-0.19500064849853516,0.36999988555908203
2020-08-22,23.829166666666666,46750.0,0.0,0,0.0,7.619999885559082,-7.979999999999997,-7.502916666666668,-6.297499999999999,0.0,-0.1216666666666697,0.0,-4.164583333333333,0.0,11.678750000000008,0.0,-8.965416666666673,0.0,-0.1528878822197055,-0.8234050290638391,6.232679791725941,0.0,-0.5299997329711914,-0.2049999237060547,-0.19500064849853516
2020-08-23,16.326249999999998,42694.458333333336,0.0,0,0.0,7.619999885559082,-7.502916666666668,28.394583333333333,-7.979999999999997,0.0,-6.297499999999999,0.0,-0.1216666666666697,0.0,2.0295833333333277,0.0,-3.1762499999999996,0.0,-0.08674955436720133,-1.5379846652439868,6.354713507283056,0.0,0.0,-0.5299997329711914,-0.2049999237060547
2020-08-24,44.72083333333333,53190.16666666666,0.0,0,0.0,8.359999656677246,28.394583333333333,-6.258333333333333,-7.502916666666668,0.0,-7.979999999999997,0.0,-6.297499999999999,0.0,-4.164583333333333,0.0,11.678750000000008,0.0,0.2458330364889274,0.5203668592406884,11.607978466715029,0.7399997711181641,0.0,0.0,-0.5299997329711914
2020-08-25,38.4625,54841.5,0.0,0,0.0,8.864999771118164,-6.258333333333333,-20.572499999999998,28.394583333333333,0.0,-7.502916666666668,0.0,-7.979999999999997,0.0,-0.1216666666666697,0.0,2.0295833333333277,0.0,0.03104583867318844,0.8072379501964523,11.395189504123097,0.505000114440918,0.7399997711181641,0.0,0.0
2020-08-26,17.89,57608.458333333336,0.0,0,0.0,9.149999618530272,-20.572499999999998,28.41708333333333,-6.258333333333333,0.0,28.394583333333333,0.0,-7.502916666666668,0.0,-6.297499999999999,0.0,-4.164583333333333,0.0,0.05045373181501844,1.3196362919376166,13.226648958511097,0.2849998474121076,0.505000114440918,0.7399997711181641,0.0
2020-08-27,46.30708333333333,55542.958333333336,0.0,0,0.0,8.869999885559082,28.41708333333333,-5.606250000000003,-20.572499999999998,0.0,-6.258333333333333,0.0,28.394583333333333,0.0,-7.979999999999997,0.0,-0.1216666666666697,0.0,-0.035854109965044234,0.8760790532850665,15.824576856494923,-0.27999973297118963,0.2849998474121076,0.505000114440918,0.7399997711181641
2020-08-28,40.70083333333333,53390.708333333336,0.0,0,0.0,11.170000076293944,-5.606250000000003,-5.059999999999995,28.41708333333333,0.0,-20.572499999999998,0.0,-6.258333333333333,0.0,-7.502916666666668,0.0,-6.297499999999999,0.0,-0.03874928640069131,0.430380005828711,15.931493710206501,2.3000001907348615,-0.27999973297118963,0.2849998474121076,0.505000114440918
2020-08-29,35.64083333333333,45254.958333333336,0.0,0,0.0,11.170000076293944,-5.059999999999995,-1.8212499999999991,-5.606250000000003,0.0,28.41708333333333,0.0,-20.572499999999998,0.0,28.394583333333333,0.0,-7.979999999999997,0.0,-0.15238138346481944,-1.1672436607600039,15.958937138030773,0.0,2.3000001907348615,-0.27999973297118963,0.2849998474121076
2020-08-30,33.819583333333334,41760.083333333336,0.0,0,0.0,11.170000076293944,-1.8212499999999991,20.217083333333335,-5.059999999999995,0.0,-5.606250000000003,0.0,28.41708333333333,0.0,-6.258333333333333,0.0,-7.502916666666668,0.0,-0.0772263444429202,-1.7051428991357247,15.96636334868327,0.0,0.0,2.3000001907348615,-0.27999973297118963
2020-08-31,54.03666666666667,53595.25,0.0,0,0.0,11.239999771118164,20.217083333333335,-4.227499999999999,-1.8212499999999991,0.0,-5.059999999999995,0.0,-5.606250000000003,0.0,-20.572499999999998,0.0,28.394583333333333,0.0,0.2834085979234555,0.5037206552020257,17.048383801607535,0.06999969482422053,0.0,0.0,2.3000001907348615
2020-09-01,49.80916666666667,55129.083333333336,0.0,0,0.0,11.295000076293944,-4.227499999999999,0.012083333333329449,20.217083333333335,0.0,-1.8212499999999991,0.0,-5.059999999999995,0.0,28.41708333333333,0.0,-6.258333333333333,0.0,0.028618829715941985,0.7545236026514591,16.838870389987658,0.055000305175779474,0.06999969482422053,0.0,0.0
2020-09-02,49.82125,54903.66666666666,0.0,0,0.0,11.109999656677246,0.012083333333329449,-9.285416666666663,-4.227499999999999,0.0,20.217083333333335,0.0,-1.8212499999999991,0.0,-5.606250000000003,0.0,-20.572499999999998,0.0,-0.0040888883514299534,0.6709130703110334,16.50231946356238,-0.18500041961669744,0.055000305175779474,0.06999969482422053,0.0
2020-09-03,40.535833333333336,55584.0,0.0,0,0.0,11.734999656677246,-9.285416666666663,-2.2120833333333394,0.012083333333329449,0.0,-4.227499999999999,0.0,20.217083333333335,0.0,-5.059999999999995,0.0,28.41708333333333,0.0,0.012391400695764165,0.7718396166504117,14.30363438313349,0.625,-0.18500041961669744,0.055000305175779474,0.06999969482422053
2020-09-04,38.32375,53584.208333333336,0.0,0,0.0,11.68000030517578,-2.2120833333333394,-4.90958333333333,-9.285416666666663,0.0,0.012083333333329449,0.0,-4.227499999999999,0.0,-1.8212499999999991,0.0,-5.606250000000003,0.0,-0.03597782935137206,0.35366002741563746,14.176748110916918,-0.05499935150146662,0.625,-0.18500041961669744,0.055000305175779474
2020-09-05,33.41416666666667,45946.54166666666,0.0,0,0.0,11.68000030517578,-4.90958333333333,1.420416666666668,-2.2120833333333394,0.0,-9.285416666666663,0.0,0.012083333333329449,0.0,20.217083333333335,0.0,-5.059999999999995,0.0,-0.14253577507676807,-1.119912964003425,12.407882285723,0.0,-0.05499935150146662,0.625,-0.18500041961669744
2020-09-06,34.834583333333335,42607.375,0.0,0,0.0,11.68000030517578,1.420416666666668,8.70583333333333,-4.90958333333333,0.0,-2.2120833333333394,0.0,-9.285416666666663,0.0,-4.227499999999999,0.0,-1.8212499999999991,0.0,-0.07267503811041254,-1.6331363785629884,8.1036685322486,0.0,0.0,-0.05499935150146662,0.625
2020-09-07,43.540416666666665,52891.41666666666,0.0,0,0.0,11.68000030517578,8.70583333333333,-5.942083333333329,1.420416666666668,0.0,-4.90958333333333,0.0,-2.2120833333333394,0.0,0.012083333333329449,0.0,20.217083333333335,0.0,0.2413676427300826,0.25802929049133444,8.483591943435995,0.0,0.0,0.0,-0.05499935150146662
2020-09-08,37.598333333333336,55488.125,0.0,0,0.0,10.800000190734863,-5.942083333333329,-0.9691666666666663,8.70583333333333,0.0,1.420416666666668,0.0,-4.90958333333333,0.0,-9.285416666666663,0.0,-4.227499999999999,0.0,0.04909508001455842,0.7041095172186264,8.549658131115608,-0.8800001144409162,0.0,0.0,0.0
2020-09-09,36.62916666666667,55600.208333333336,0.0,0,0.0,10.734999656677246,-0.9691666666666663,10.708333333333329,-5.942083333333329,0.0,8.70583333333333,0.0,1.420416666666668,0.0,-2.2120833333333394,0.0,0.012083333333329449,0.0,0.002019951716395907,0.7124219251728606,8.53154945332092,-0.06500053405761719,-0.8800001144409162,0.0,0.0
2020-09-10,47.3375,54879.458333333336,0.0,0,0.0,10.515000343322754,10.708333333333329,0.47666666666666657,-0.9691666666666663,0.0,-5.942083333333329,0.0,8.70583333333333,0.0,-4.90958333333333,0.0,-9.285416666666663,0.0,-0.01296308092370757,0.5851015968056077,6.301018095769165,-0.2199993133544922,-0.06500053405761719,-0.8800001144409162,0.0
2020-09-11,47.814166666666665,53106.0,0.0,0,0.0,10.494999885559082,0.47666666666666657,-15.942500000000003,10.708333333333329,0.0,-0.9691666666666663,0.0,-5.942083333333329,0.0,1.420416666666668,0.0,-2.2120833333333394,0.0,-0.03231552182168951,0.25219891041022746,6.1803523555860576,-0.020000457763671875,-0.2199993133544922,-0.06500053405761719,-0.8800001144409162
2020-09-12,31.871666666666663,46326.958333333336,0.0,0,0.0,10.494999885559082,-15.942500000000003,-11.682499999999994,0.47666666666666657,0.0,10.708333333333329,0.0,-0.9691666666666663,0.0,8.70583333333333,0.0,-4.90958333333333,0.0,-0.12765114425237567,-1.0481646965459557,7.931044527760032,0.0,-0.020000457763671875,-0.2199993133544922,-0.06500053405761719
2020-09-13,20.18916666666667,42322.458333333336,0.0,0,0.0,10.494999885559082,-11.682499999999994,32.92375,-15.942500000000003,0.0,0.47666666666666657,0.0,10.708333333333329,0.0,-5.942083333333329,0.0,1.420416666666668,0.0,-0.08643995082057154,-1.689353080223997,8.21377649661959,0.0,0.0,-0.020000457763671875,-0.2199993133544922
2020-09-14,53.11291666666667,53375.79166666666,0.0,0,0.0,10.704999923706056,32.92375,17.085,-11.682499999999994,0.0,-15.942500000000003,0.0,0.47666666666666657,0.0,-0.9691666666666663,0.0,8.70583333333333,0.0,0.26116945396405944,0.3808416519946243,13.767118070854643,0.21000003814697443,0.0,0.0,-0.020000457763671875
2020-09-15,70.19791666666667,55277.375,0.0,0,0.0,10.895000457763672,17.085,-16.78500000000001,32.92375,0.0,-11.682499999999994,0.0,-15.942500000000003,0.0,10.708333333333329,0.0,-5.942083333333329,0.0,0.035626325604850795,0.7018113926823317,14.376534101513874,0.1900005340576154,0.21000003814697443,0.0,0.0
2020-09-16,53.41291666666666,55901.29166666666,0.0,0,0.0,11.31999969482422,-16.78500000000001,-7.0108333333333235,17.085,0.0,32.92375,0.0,-11.682499999999994,0.0,0.47666666666666657,0.0,-0.9691666666666663,0.0,0.011287016915449755,0.8069755139082383,15.778572727675071,0.42499923706054865,0.1900005340576154,0.21000003814697443,0.0
2020-09-17,46.40208333333334,56094.41666666666,0.0,0,0.0,11.119999885559082,-7.0108333333333235,-4.275000000000006,-16.78500000000001,0.0,17.085,0.0,32.92375,0.0,-15.942500000000003,0.0,10.708333333333329,0.0,0.0034547502256581097,0.8313341036208783,15.803399772187268,-0.1999998092651385,0.42499923706054865,0.1900005340576154,0.21000003814697443
2020-09-18,42.12708333333333,54623.29166666666,0.0,0,0.0,11.475000381469728,-4.275000000000006,-5.589999999999996,-7.0108333333333235,0.0,-16.78500000000001,0.0,17.085,0.0,-11.682499999999994,0.0,0.47666666666666657,0.0,-0.0262258721530515,0.5354877672997727,15.739060489575682,0.3550004959106463,-0.1999998092651385,0.42499923706054865,0.1900005340576154
2020-09-19,36.537083333333335,46892.875,0.0,0,0.0,11.475000381469728,-5.589999999999996,0.9779166666666654,-4.275000000000006,0.0,-7.0108333333333235,0.0,-16.78500000000001,0.0,32.92375,0.0,-15.942500000000003,0.0,-0.14152235119481216,-0.9558820586291951,15.852869181406685,0.0,0.3550004959106463,-0.1999998092651385,0.42499923706054865
2020-09-20,37.515,42989.833333333336,0.0,0,0.0,11.475000381469728,0.9779166666666654,23.580416666666665,-5.589999999999996,0.0,-4.275000000000006,0.0,-7.0108333333333235,0.0,17.085,0.0,-11.682499999999994,0.0,-0.0832331493146169,-1.591767006575549,15.414501711351553,0.0,0.0,0.3550004959106463,-0.1999998092651385
2020-09-21,61.095416666666665,54316.25,0.0,0,0.0,11.494999885559082,23.580416666666665,-7.782083333333333,0.9779166666666654,0.0,-5.589999999999996,0.0,-4.275000000000006,0.0,-16.78500000000001,0.0,32.92375,0.0,0.2634673314233209,0.541198457872414,17.27644381043027,0.019999504089353692,0.0,0.0,0.3550004959106463
2020-09-22,53.31333333333333,55745.25,0.0,0,0.0,11.704999923706056,-7.782083333333333,-6.884999999999998,23.580416666666665,0.0,0.9779166666666654,0.0,-5.589999999999996,0.0,-7.0108333333333235,0.0,17.085,0.0,0.02630888546245358,0.7672883174779178,16.54737899548962,0.21000003814697443,0.019999504089353692,0.0,0.0
2020-09-23,46.428333333333335,56423.5,0.0,0,0.0,12.020000457763672,-6.884999999999998,-8.244166666666672,-7.782083333333333,0.0,23.580416666666665,0.0,0.9779166666666654,0.0,-4.275000000000006,0.0,-16.78500000000001,0.0,0.012166955928980538,0.8718126236180825,16.167145365908233,0.3150005340576154,0.21000003814697443,0.019999504089353692,0.0
2020-09-24,38.18416666666666,57325.0,0.0,0,0.0,11.635000228881836,-8.244166666666672,3.1875,-6.884999999999998,0.0,-7.782083333333333,0.0,23.580416666666665,0.0,-5.589999999999996,0.0,-7.0108333333333235,0.0,0.015977385309312586,1.0218089210995394,12.39598905823444,-0.38500022888183594,0.3150005340576154,0.21000003814697443,0.019999504089353692
2020-09-25,41.37166666666666,55943.375,0.0,0,0.0,11.664999961853027,3.1875,-8.240833333333327,-8.244166666666672,0.0,-6.884999999999998,0.0,-7.782083333333333,0.0,0.9779166666666654,0.0,-4.275000000000006,0.0,-0.02410161360662888,0.7680292740790813,10.75174054429644,0.029999732971191406,-0.38500022888183594,0.3150005340576154,0.21000003814697443
2020-09-26,33.130833333333335,48826.25,0.0,0,0.0,11.664999961853027,-8.240833333333327,-3.104583333333334,3.1875,0.0,-8.244166666666672,0.0,-6.884999999999998,0.0,23.580416666666665,0.0,-5.589999999999996,0.0,-0.12722015788285923,-0.608469902716282,9.823630298004291,0.0,0.029999732971191406,-0.38500022888183594,0.3150005340576154
2020-09-27,30.02625,45154.54166666666,0.0,0,0.0,11.664999961853027,-3.104583333333334,17.234166666666656,-8.240833333333327,0.0,3.1875,0.0,-8.244166666666672,0.0,-7.782083333333333,0.0,0.9779166666666654,0.0,-0.075199474326481,-1.25304362817386,9.680103089617274,0.0,0.0,0.029999732971191406,-0.38500022888183594
2020-09-28,47.26041666666666,56228.958333333336,0.0,0,0.0,12.350000381469728,17.234166666666656,11.357916666666675,-3.104583333333334,0.0,-8.240833333333327,0.0,3.1875,0.0,-6.884999999999998,0.0,23.580416666666665,0.0,0.24525587588550102,0.8428076377618029,11.285497669083515,0.685000419616701,0.0,0.0,0.029999732971191406
2020-09-29,58.61833333333333,57823.958333333336,0.0,0,0.0,12.279999732971191,11.357916666666675,-8.365416666666675,17.234166666666656,0.0,-3.104583333333334,0.0,-8.240833333333327,0.0,-8.244166666666672,0.0,-7.782083333333333,0.0,0.02836616660306257,1.1122529621364718,11.536864780692326,-0.07000064849853693,0.685000419616701,0.0,0.0
2020-09-30,50.25291666666666,57739.458333333336,0.0,0,0.0,13.28499984741211,-8.365416666666675,-15.852916666666658,11.357916666666675,0.0,17.234166666666656,0.0,-3.104583333333334,0.0,3.1875,0.0,-6.884999999999998,0.0,-0.0014613319882545994,1.045753725584398,12.015960791877179,1.005000114440918,-0.07000064849853693,0.685000419616701,0.0
