date,epex_price,load_mw,mean_sent,n_headlines,sent_smooth,ttf_price,ret_1d,fwd1_ret,sent_lag1,sent_lag2,sent_lag3,sent_lag5,sent_lag7,ret_vol_10,load_chg,load_z,ttf_ret_1d,ttf_ret_lag1,ttf_ret_lag2,ttf_ret_lag3
2018-10-11,54.35166666666667,60207.375,0.0,0,0.0,25.76000022888184,-0.1257866271705549,0.04450185520223249,0.0,0.0,0.0,0.0,0.0,0.8708019185420914,0.01986186121752964,0.805842426728782,-0.01754382519142017,-0.02291782344326665,-0.014144020521446032,-0.0243727711280739
2018-10-12,56.77041666666667,58777.5,0.0,0,0.0,26.6299991607666,0.04450185520223249,-0.20941805077468456,0.0,0.0,0.0,0.0,0.0,0.856927626948879,-0.02374916694175755,0.5477880890523867,0.033773250161284185,-0.01754382519142017,-0.02291782344326665,-0.014144020521446032
2018-10-13,44.88166666666667,49672.16666666666,0.0,0,0.0,26.6299991607666,-0.20941805077468456,-0.37422481339819513,0.0,0.0,0.0,0.0,0.0,0.8287378524359664,-0.15491188521684907,-1.0562053284409065,0.0,0.033773250161284185,-0.01754382519142017,-0.02291782344326665
2018-10-14,28.085833333333337,45739.583333333336,0.0,0,0.0,26.6299991607666,-0.37422481339819513,1.1166958431000205,0.0,0.0,0.0,0.0,0.0,0.15769126967978042,-0.07917076296920111,-1.6199974034163598,0.0,0.0,0.033773250161284185,-0.01754382519142017
2018-10-15,59.44916666666666,57223.958333333336,0.0,0,0.0,26.625,1.1166958431000205,0.2110836989584941,0.0,0.0,0.0,0.0,0.0,0.4062003848656274,0.25108175814165334,0.32375686352245653,-0.0001877266588113935,0.0,0.0,0.033773250161284185
2018-10-16,71.99791666666667,58546.91666666666,0.0,0,0.0,26.32999992370605,0.2110836989584941,-0.015104603721172616,0.0,0.0,0.0,0.0,0.0,0.40770454606451784,0.02311895876945469,0.5065634509349741,-0.011079815072073229,-0.0001877266588113935,0.0,0.0
2018-10-17,70.91041666666666,58610.5,0.0,0,0.0,25.940000534057617,-0.015104603721172616,-0.10923994476598986,0.0,0.0,0.0,0.0,0.0,0.40658928364587527,0.0010860236021539293,0.5060280166089953,-0.01481197838125703,-0.011079815072073229,-0.0001877266588113935,0.0
2018-10-18,63.16416666666667,59527.375,0.0,0,0.0,26.024999618530277,-0.10923994476598986,0.07043154742272106,0.0,0.0,0.0,0.0,0.0,0.4095104012431268,0.01564352803678526,0.6877618096887155,0.0032767572368035403,-0.01481197838125703,-0.011079815072073229,-0.0001877266588113935
2018-10-19,67.61291666666666,58035.75,0.0,0,0.0,26.86000061035156,0.07043154742272106,-0.1217839293527494,0.0,0.0,0.0,0.0,0.0,0.4089008055069664,-0.02505779903783767,0.4253613129549048,0.0320845726824428,0.0032767572368035403,-0.01481197838125703,-0.011079815072073229
2018-10-20,59.37875,50846.375,0.0,0,0.0,26.86000061035156,-0.1217839293527494,-0.06520289946599866,0.0,0.0,0.0,0.0,0.0,0.4084510308604919,-0.12387838530560902,-0.8831238431503846,0.0,0.0320845726824428,0.0032767572368035403,-0.01481197838125703
2018-10-21,55.50708333333333,47370.875,0.0,0,0.0,26.86000061035156,-0.06520289946599866,0.011222291449289656,0.0,0.0,0.0,0.0,0.0,0.4060171824962083,-0.06835295534834096,-1.4317040776305752,0.0,0.0,0.0320845726824428,0.0032767572368035403
2018-10-22,56.13,60573.458333333336,0.0,0,0.0,26.114999771118164,0.011222291449289656,-0.3831729912702655,0.0,0.0,0.0,0.0,0.0,0.4062470574431085,0.2787067651448982,0.9679262066796818,-0.0277364416345649,0.0,0.0,0.0320845726824428
2018-10-23,34.6225,63854.16666666666,0.0,0,0.0,25.665000915527344,-0.3831729912702655,0.2873733362216284,0.0,0.0,0.0,0.0,0.0,0.4220524653901718,0.05416082263752742,1.4876978911165646,-0.017231432492237464,-0.0277364416345649,0.0,0.0
2018-10-24,44.57208333333333,62842.125,0.0,0,0.0,25.26000022888184,0.2873733362216284,0.09350957718302766,0.0,0.0,0.0,0.0,0.0,0.40233218870426496,-0.01584926590538316,1.2450778007073513,-0.015780271661727463,-0.017231432492237464,-0.0277364416345649,0.0
2018-10-25,48.74,62289.833333333336,0.0,0,0.0,24.864999771118164,0.09350957718302766,0.2007847763643824,0.0,0.0,0.0,0.0,0.0,0.188264746104434,-0.008788558099629307,1.1008373401058895,-0.015637389318470363,-0.015780271661727463,-0.017231432492237464,-0.0277364416345649
2018-10-26,58.526250000000005,60471.79166666666,0.0,0,0.0,24.280000686645508,0.2007847763643824,-0.17773363803991094,0.0,0.0,0.0,0.0,0.0,0.18699290150974732,-0.02918681218711472,0.7715960628906371,-0.023527009445307168,-0.015637389318470363,-0.015780271661727463,-0.017231432492237464
2018-10-27,48.12416666666667,52317.04166666666,0.0,0,0.0,24.280000686645508,-0.17773363803991094,-0.09690280351174918,0.0,0.0,0.0,0.0,0.0,0.1950496052754835,-0.13485213146901143,-0.6575055159729676,0.0,-0.023527009445307168,-0.015637389318470363,-0.015780271661727463
2018-10-28,43.4608,48236.64,0.0,0,0.0,24.280000686645508,-0.09690280351174918,0.011812177103658117,0.0,0.0,0.0,0.0,0.0,0.19445619925191626,-0.07799373849661784,-1.2950427643662872,0.0,0.0,-0.023527009445307168,-0.015637389318470363
2018-10-29,43.97416666666666,62125.66666666666,0.0,0,0.0,24.57999992370605,0.011812177103658117,-0.2342568553506793,0.0,0.0,0.0,0.0,0.0,0.19236153332547945,0.2879352016779497,1.0760498132388554,0.012355816662952046,0.0,0.0,-0.023527009445307168
2018-10-30,33.672916666666666,62816.583333333336,0.0,0,0.0,23.875,-0.2342568553506793,0.34051846810616837,0.0,0.0,0.0,0.0,0.0,0.20177152953798608,0.011121275693889432,1.13860749911517,-0.028681852151924425,0.012355816662952046,0.0,0.0
2018-10-31,45.13916666666666,58623.91666666666,0.0,0,0.0,24.334999084472656,0.34051846810616837,0.06145808333487168,0.0,0.0,0.0,0.0,0.0,0.23339403326184,-0.06674458310504539,0.37626701633933096,0.019266977360111293,-0.028681852151924425,0.012355816662952046,0.0
2018-11-01,47.91333333333333,53283.583333333336,0.0,0,0.0,23.649999618530277,0.06145808333487168,0.1430795185752054,0.0,0.0,0.0,0.0,0.0,0.23407494419721447,-0.09109478924272929,-0.553375630807422,-0.02814873604739332,0.019266977360111293,-0.028681852151924425,0.012355816662952046
2018-11-02,54.76875,56556.04166666666,0.0,0,0.0,24.28499984741211,0.1430795185752054,-0.04976986572330633,0.0,0.0,0.0,0.0,0.0,0.19096069676978078,0.06141588325359737,0.006165119545176859,0.026849904402717062,-0.02814873604739332,0.019266977360111293,-0.028681852151924425
2018-11-03,52.04291666666666,51013.5,0.0,0,0.0,24.28499984741211,-0.04976986572330633,-0.08791622298903945,0.0,0.0,0.0,0.0,0.0,0.17612397396393162,-0.09800087671152125,-0.9709120263884179,0.0,0.026849904402717062,-0.02814873604739332,0.019266977360111293
2018-11-04,47.4675,47086.083333333336,0.0,0,0.0,24.28499984741211,-0.08791622298903945,0.20491213286283605,0.0,0.0,0.0,0.0,0.0,0.178102331978572,-0.07698779081354279,-1.5571686602313632,0.0,0.0,0.026849904402717062,-0.02814873604739332
2018-11-05,57.19416666666667,59604.25,0.0,0,0.0,23.809999465942383,0.20491213286283605,0.023698512377427816,0.0,0.0,0.0,0.0,0.0,0.17859483321914585,0.26585703843846287,0.592227166925335,-0.019559414636782235,0.0,0.0,0.026849904402717062
2018-11-06,58.54958333333334,61180.29166666666,0.0,0,0.0,23.895000457763672,0.023698512377427816,-0.04341049964773458,0.0,0.0,0.0,0.0,0.0,0.16577725200596458,0.02644176659662123,0.8262177630858563,0.0035699703371634417,-0.019559414636782235,0.0,0.0
2018-11-07,56.00791666666667,62002.458333333336,0.0,0,0.0,24.420000076293945,-0.04341049964773458,0.12252732128642507,0.0,0.0,0.0,0.0,0.0,0.1619875042365056,0.013438423457445392,0.9434880809161589,0.021971107280715607,0.0035699703371634417,-0.019559414636782235,0.0
2018-11-08,62.87041666666666,61536.5,0.0,0,0.0,24.43000030517578,0.12252732128642507,-0.05337698573123284,0.0,0.0,0.0,0.0,0.0,0.16384664167545307,-0.007515159009152228,0.8356605557938795,0.00040950978094156376,0.021971107280715607,0.0035699703371634417,-0.019559414636782235
2018-11-09,59.51458333333333,61003.708333333336,0.0,0,0.0,24.325000762939453,-0.05337698573123284,-0.276388840270242,0.0,0.0,0.0,0.0,0.0,0.13699866047629117,-0.008658140561563665,0.7204805788471041,-0.0042979754778833534,0.00040950978094156376,0.021971107280715607,0.0035699703371634417
2018-11-10,43.06541666666666,53393.083333333336,0.0,0,0.0,24.325000762939453,-0.276388840270242,-0.07748870420000564,0.0,0.0,0.0,0.0,0.0,0.13862108057584838,-0.12475676000571001,-0.6296732194493139,0.0,-0.0042979754778833534,0.00040950978094156376,0.021971107280715607
2018-11-11,39.72833333333333,48367.458333333336,0.0,0,0.0,24.325000762939453,-0.07748870420000564,0.38200067122540604,0.0,0.0,0.0,0.0,0.0,0.13923774507196418,-0.0941250193142994,-1.4325062915901825,0.0,0.0,-0.0042979754778833534,0.00040950978094156376
2018-11-12,54.904583333333335,60347.708333333336,0.0,0,0.0,25.95499992370605,0.38200067122540604,-0.032723436871542444,0.0,0.0,0.0,0.0,0.0,0.18218637666441495,0.24769236203060085,0.6292273537024784,0.06700921314049846,0.0,0.0,-0.0042979754778833534
2018-11-13,53.10791666666666,62653.083333333336,0.0,0,0.0,26.520000457763672,-0.032723436871542444,0.1649471594787344,0.0,0.0,0.0,0.0,0.0,0.1815972302355413,0.03820153347441391,0.999175243226686,0.021768466026523603,0.06700921314049846,0.0,0.0
2018-11-14,61.867916666666666,62697.875,0.0,0,0.0,26.280000686645508,0.1649471594787344,0.026043385438063504,0.0,0.0,0.0,0.0,0.0,0.18309011882406862,0.0007149156000569867,0.9569315061905072,-0.009049764968910634,0.021768466026523603,0.06700921314049846,0.0
2018-11-15,63.47916666666666,63099.0,0.0,0,0.0,26.674999237060547,0.026043385438063504,-0.08995077125041007,0.0,0.0,0.0,0.0,0.0,0.17385277160830304,0.006397744740152644,0.9866686092076864,0.015030385848344485,-0.009049764968910634,0.021768466026523603,0.06700921314049846
2018-11-16,57.76916666666667,63097.458333333336,0.0,0,0.0,25.95499992370605,-0.08995077125041007,-0.16552226533762238,0.0,0.0,0.0,0.0,0.0,0.17752036861568868,-2.443250553363363e-05,0.9438876326396203,-0.02699154016672567,0.015030385848344485,-0.009049764968910634,0.021768466026523603
2018-11-17,48.20708333333334,55921.04166666666,0.0,0,0.0,25.95499992370605,-0.16552226533762238,-0.012506806572340046,0.0,0.0,0.0,0.0,0.0,0.1857798153039694,-0.11373543176263723,-0.3362050874795294,0.0,-0.02699154016672567,0.015030385848344485,-0.009049764968910634
2018-11-18,47.60416666666666,49977.54166666666,0.0,0,0.0,25.95499992370605,-0.012506806572340046,0.01283150984682746,0.0,0.0,0.0,0.0,0.0,0.18072358759609392,-0.10628378554584028,-1.3221612913399148,0.0,0.0,-0.02699154016672567,0.015030385848344485
2018-11-19,48.215,64230.875,0.0,0,0.0,24.149999618530277,0.01283150984682746,-0.0323810017629369,0.0,0.0,0.0,0.0,0.0,0.18031254088466867,0.2851947666493535,1.1055887412789205,-0.06954345253251859,0.0,0.0,-0.02699154016672567
2018-11-20,46.65375,66164.5,0.0,0,0.0,24.350000381469727,-0.0323810017629369,0.18658735900115198,0.0,0.0,0.0,0.0,0.0,0.1544426431923376,0.030104291744429856,1.3778955497799448,0.008281605221475363,-0.06954345253251859,0.0,0.0
2018-11-21,55.35874999999999,65454.375,0.0,0,0.0,24.5,0.18658735900115198,0.4054387668315007,0.0,0.0,0.0,0.0,0.0,0.15890376003803558,-0.01073271920743002,1.1908974762239641,0.006160148508433716,0.008281605221475363,-0.06954345253251859,0.0
2018-11-22,77.80333333333333,65474.5,0.0,0,0.0,24.5,0.4054387668315007,0.032491110063836315,0.0,0.0,0.0,0.0,0.0,0.16451794868414485,0.0003074660784707639,1.172788904785419,0.0,0.006160148508433716,0.008281605221475363,-0.06954345253251859
2018-11-23,80.33125,63489.29166666666,0.0,0,0.0,24.81999969482422,0.032491110063836315,-0.22887004331025185,0.0,0.0,0.0,0.0,0.0,0.16231627786953098,-0.03032032827029363,0.817955233320115,0.013061212033641523,0.0,0.006160148508433716,0.008281605221475363
2018-11-24,61.94583333333333,54967.91666666666,0.0,0,0.0,24.81999969482422,-0.22887004331025185,-0.13075940001345265,0.0,0.0,0.0,0.0,0.0,0.17900009244654272,-0.1342175156834191,-0.6308483495161624,0.0,0.013061212033641523,0.0,0.006160148508433716
2018-11-25,53.84583333333333,51027.125,0.0,0,0.0,24.81999969482422,-0.13075940001345265,0.3681420722742399,0.0,0.0,0.0,0.0,0.0,0.18455282911100301,-0.07169257824640118,-1.2329722161450047,0.0,0.0,0.013061212033641523,0.0
2018-11-26,73.66875,63366.125,0.0,0,0.0,24.545000076293945,0.3681420722742399,0.024931421622691463,0.0,0.0,0.0,0.0,0.0,0.21475170290731221,0.24181256537576834,0.8135578871533168,-0.011079759142286316,0.0,0.0,0.013061212033641523
2018-11-27,75.50541666666666,64802.91666666666,0.0,0,0.0,25.15999984741211,0.024931421622691463,-0.2982126006412342,0.0,0.0,0.0,0.0,0.0,0.2022305281751622,0.02267444421868392,1.006618969629029,0.025056010153047037,-0.011079759142286316,0.0,0.0
2018-11-28,52.98875,67579.5,0.0,0,0.0,24.299999237060547,-0.2982126006412342,-0.04887829963907442,0.0,0.0,0.0,0.0,0.0,0.23200842176973188,0.04284657969355821,1.4239285288834123,-0.034181264529698274,0.025056010153047037,-0.011079759142286316,0.0
2018-11-29,50.39875,67329.16666666667,0.0,0,0.0,24.63500022888184,-0.04887829963907442,0.14094264904056808,0.0,0.0,0.0,0.0,0.0,0.2334508099292091,-0.0037042791576340495,1.320184973259267,0.013786049478979878,-0.034181264529698274,0.025056010153047037,-0.011079759142286316
2018-11-30,57.50208333333333,65541.79166666667,0.0,0,0.0,24.690000534057617,0.14094264904056808,-0.1850295279156553,0.0,0.0,0.0,0.0,0.0,0.23491179403632573,-0.026546816015842523,0.9634602497439919,0.0022326082672934344,0.013786049478979878,-0.034181264529698274,0.025056010153047037
2018-12-01,46.8625,56154.458333333336,0.0,0,0.0,24.690000534057617,-0.1850295279156553,-0.35557926558193287,0.0,0.0,0.0,0.0,0.0,0.23940746347734282,-0.1432266817037221,-0.6204098551986529,0.0,0.0022326082672934344,0.013786049478979878,-0.034181264529698274
2018-12-02,30.199166666666667,51919.458333333336,0.0,0,0.0,24.690000534057617,-0.35557926558193287,0.47741383592262476,0.0,0.0,0.0,0.0,0.0,0.21913737979563797,-0.07541698603628233,-1.2762108205718348,0.0,0.0,0.0022326082672934344,0.013786049478979878
2018-12-03,44.61666666666667,64058.75,0.0,0,0.0,25.084999084472656,0.47741383592262476,0.13519798281658568,0.0,0.0,0.0,0.0,0.0,0.27885600067488703,0.233810059972698,0.6673465823257939,0.015998320853422898,0.0,0.0,0.0022326082672934344
2018-12-04,50.64875,65047.083333333336,0.0,0,0.0,24.415000915527344,0.13519798281658568,0.16904826542280582,0.0,0.0,0.0,0.0,0.0,0.2727769001422169,0.015428545410788308,0.7975171788558639,-0.02670911673901688,0.015998320853422898,0.0,0.0
2018-12-05,59.21083333333333,65794.625,0.0,0,0.0,24.415000915527344,0.16904826542280582,-0.07538738688021618,0.0,0.0,0.0,0.0,0.0,0.2717169207452362,0.011492316463074692,0.8852133441464625,0.0,-0.02670911673901688,0.015998320853422898,0.0
2018-12-06,54.747083333333336,65945.20833333333,0.0,0,0.0,23.165000915527344,-0.07538738688021618,-0.22227972570837107,0.0,0.0,0.0,0.0,0.0,0.24786143975413075,0.002288687462438377,0.8716901101981891,-0.05119803207564211,0.0,-0.02670911673901688,0.015998320853422898
2018-12-07,42.57791666666667,65009.958333333336,0.0,0,0.0,23.145000457763672,-0.22227972570837107,-0.7213246303345826,0.0,0.0,0.0,0.0,0.0,0.25708278693953895,-0.01418222830190452,0.6807412294630378,-0.00086339119245471,-0.05119803207564211,0.0,-0.02670911673901688
2018-12-08,11.865416666666668,57454.958333333336,0.0,0,0.0,23.145000457763672,-0.7213246303345826,-0.24848123046669257,0.0,0.0,0.0,0.0,0.0,0.3310025837729,-0.11621296480859666,-0.6339607125659231,0.0,-0.00086339119245471,-0.05119803207564211,0.0
2018-12-09,8.917083333333332,52855.29166666666,0.0,0,0.0,23.145000457763672,-0.24848123046669257,3.055277790757442,0.0,0.0,0.0,0.0,0.0,0.33566741456970167,-0.08005691414796678,-1.3517679834249536,0.0,0.0,-0.00086339119245471,-0.05119803207564211
2018-12-10,36.16125,66360.75,0.0,0,0.0,23.25,3.055277790757442,0.5311970686854022,0.0,0.0,0.0,0.0,0.0,1.0538655126307332,0.25551762004277423,0.892929636872648,0.004536597112103635,0.0,0.0,-0.00086339119245471
2018-12-11,55.370000000000005,66527.125,0.0,0,0.0,23.6200008392334,0.5311970686854022,0.26267232556739506,0.0,0.0,0.0,0.0,0.0,1.0488991516597843,0.002507129590910262,0.887428790635373,0.015914014590683756,0.004536597112103635,0.0,0.0
2018-12-12,69.91416666666667,65613.29166666667,0.0,0,0.0,23.920000076293945,0.26267232556739506,-0.05251081683492875,0.0,0.0,0.0,0.0,0.0,1.0255952827878219,-0.013736251691822354,0.6777226631396054,0.01270106801021953,0.015914014590683756,0.004536597112103635,0.0
2018-12-13,66.24291666666666,66351.58333333333,0.0,0,0.0,24.225000381469727,-0.05251081683492875,0.07421548215846996,0.0,0.0,0.0,0.0,0.0,1.0311711416229605,0.011252166259503982,0.7841430753478567,0.012750848837916662,0.01270106801021953,0.015914014590683756,0.004536597112103635
2018-12-14,71.15916666666666,65722.75,0.0,0,0.0,24.645000457763672,0.07421548215846996,-0.23542293684346127,0.0,0.0,0.0,0.0,0.0,1.0323242679412414,-0.009477292051558561,0.6445427852949924,0.017337464176686357,0.012750848837916662,0.01270106801021953,0.015914014590683756
2018-12-15,54.406666666666666,57894.25,0.0,0,0.0,24.645000457763672,-0.23542293684346127,-0.08634052199485354,0.0,0.0,0.0,0.0,0.0,1.0448817521253455,-0.11911400542430128,-0.7531834266151931,0.0,0.017337464176686357,0.012750848837916662,0.01270106801021953
2018-12-16,49.70916666666667,54182.333333333336,0.0,0,0.0,24.645000457763672,-0.08634052199485354,0.3959363631791588,0.0,0.0,0.0,0.0,0.0,1.0452510396026138,-0.06411546339518459,-1.3306749118786991,0.0,0.0,0.017337464176686357,0.012750848837916662
2018-12-17,69.39083333333333,63667.0,0.0,0,0.0,24.68000030517578,0.3959363631791588,-0.1433306512627749,0.0,0.0,0.0,0.0,0.0,1.0333687319186626,0.17505090835266102,0.2988731678812833,0.0014201601445327228,0.0,0.0,0.017337464176686357
2018-12-18,59.445,64816.583333333336,0.0,0,0.0,23.729999542236328,-0.1433306512627749,-0.050522892309417755,0.0,0.0,0.0,0.0,0.0,0.9850862033812364,0.018056188187496547,0.4539346890888835,-0.038492737082350126,0.0014201601445327228,0.0,0.0
2018-12-19,56.44166666666666,65473.25,0.0,0,0.0,24.209999084472656,-0.050522892309417755,0.0043776760667355585,0.0,0.0,0.0,0.0,0.0,0.9735254787584912,0.010131152135705923,0.5719708875920634,0.020227541150263928,-0.038492737082350126,0.0014201601445327228,0.0
2018-12-20,56.68875,63024.91666666666,0.0,0,0.0,24.604999542236328,0.0043776760667355585,-0.12462055228477131,0.0,0.0,0.0,0.0,0.0,0.24791443195250867,-0.03739440662153393,0.11677850110767936,0.016315591602686474,0.020227541150263928,-0.038492737082350126,0.0014201601445327228
2018-12-21,49.62416666666667,59885.333333333336,0.0,0,0.0,24.899999618530277,-0.12462055228477131,-0.26203630623520136,0.0,0.0,0.0,0.0,0.0,0.19303263860575437,-0.04981495413850856,-0.4644140522309151,0.011989436365871908,0.016315591602686474,0.020227541150263928,-0.038492737082350126
2018-12-22,36.62083333333333,51783.25,0.0,0,0.0,24.899999618530277,-0.26203630623520136,0.1651154852656731,0.0,0.0,0.0,0.0,0.0,0.18623574692578604,-0.1352932827180835,-1.8576997946297562,0.0,0.011989436365871908,0.016315591602686474,0.020227541150263928
2018-12-23,42.6675,47621.625,0.0,0,0.0,24.899999618530277,0.1651154852656731,0.09757621921446868,0.0,0.0,0.0,0.0,0.0,0.19799737049292626,-0.08036623811753796,-2.287713260879064,0.0,0.0,0.011989436365871908,0.016315591602686474
2018-12-24,46.83083333333334,47052.625,0.0,0,0.0,24.2450008392334,0.09757621921446868,-0.5941242415075538,0.0,0.0,0.0,0.0,0.0,0.1994470906116744,-0.011948353295377911,-2.175926635908209,-0.02630517226230944,0.0,0.0,0.011989436365871908
2018-12-25,19.0075,45706.25,0.0,0,0.0,24.2450008392334,-0.5941242415075538,1.4938839931605945,0.0,0.0,0.0,0.0,0.0,0.2636369795714798,-0.028614237781632745,-2.2363719922259464,0.0,-0.02630517226230944,0.0,0.0
2018-12-26,47.4025,46912.54166666666,0.0,0,0.0,24.2450008392334,1.4938839931605945,0.26607246453246103,0.0,0.0,0.0,0.0,0.0,0.5566815415558948,0.026392269474451613,-1.8559790833551875,0.0,0.0,-0.02630517226230944,0.0
2018-12-27,60.01499999999999,52695.91666666666,0.0,0,0.0,23.31999969482422,0.26607246453246103,-0.003637979394040425,0.0,0.0,0.0,0.0,0.0,0.5504446115071239,0.12327993313799346,-0.985875612053101,-0.038152242210375054,0.0,0.0,-0.02630517226230944
2018-12-28,59.79666666666666,52636.083333333336,0.0,0,0.0,22.809999465942383,-0.003637979394040425,-0.20837281899771443,0.0,0.0,0.0,0.0,0.0,0.5457519814581019,-0.0011354453460180602,-0.9300707301400821,-0.02186964989519402,-0.038152242210375054,0.0,0.0
2018-12-29,47.336666666666666,51217.16666666666,0.0,0,0.0,22.809999465942383,-0.20837281899771443,-0.29159918315611577,0.0,0.0,0.0,0.0,0.0,0.5528011607182108,-0.02695710958737141,-1.0538505415518906,0.0,-0.02186964989519402,-0.038152242210375054,0.0
2018-12-30,33.53333333333333,47227.125,0.0,0,0.0,22.809999465942383,-0.29159918315611577,0.6307902584493044,0.0,0.0,0.0,0.0,0.0,0.5652861209988836,-0.07790438101808295,-1.483678687026994,0.0,0.0,-0.02186964989519402,-0.038152242210375054
2018-12-31,54.685833333333335,47834.25,0.0,0,0.0,21.979999542236328,0.6307902584493044,-1.0785776328421437,0.0,0.0,0.0,0.0,0.0,0.5887761376716131,0.012855430009766744,-1.3228744893560223,-0.03638754682766776,0.0,0.0,-0.02186964989519402
2019-01-01,-4.297083333333333,45644.833333333336,0.0,0,0.0,21.979999542236328,-1.0785776328421437,-7.0314166585862505,0.0,0.0,0.0,0.0,0.0,0.695954614766667,-0.04577089986080396,-1.531462558859352,0.0,-0.03638754682766776,0.0,0.0
2019-01-02,25.9175,57581.708333333336,0.0,0,0.0,22.475000381469727,-7.0314166585862505,1.2269219639239894,0.0,0.0,0.0,0.0,0.0,2.3400013385015455,0.26151645494743847,0.008166127308815925,0.02252051180811976,0.0,-0.03638754682766776,0.0
2019-01-03,57.71625,60356.125,0.0,0,0.0,22.2549991607666,1.2269219639239894,-0.13525220366881086,0.0,0.0,0.0,0.0,0.0,2.4075445537159887,0.04818225695225831,0.38924793085722814,-0.009788708207743246,0.02252051180811976,0.0,-0.03638754682766776
2019-01-04,49.91,61110.66666666666,0.0,0,0.0,22.93000030517578,-0.13525220366881086,-0.15486208508648902,0.0,0.0,0.0,0.0,0.0,2.411171099100991,0.012501492875274245,0.5163926166260083,0.030330315428595434,-0.009788708207743246,0.02252051180811976,0.0
2019-01-05,42.18083333333333,54468.91666666666,0.0,0,0.0,22.93000030517578,-0.15486208508648902,0.29313274196416206,0.0,0.0,0.0,0.0,0.0,2.3130587250149386,-0.10868397224707094,-0.31839431669741647,0.0,0.030330315428595434,-0.009788708207743246,0.02252051180811976
2019-01-06,54.54541666666666,49504.625,0.0,0,0.0,22.93000030517578,0.29313274196416206,-0.05010350701632427,0.0,0.0,0.0,0.0,0.0,2.314301391800353,-0.09113990089148682,-0.9262308475045329,0.0,0.0,0.030330315428595434,-0.009788708207743246
2019-01-07,51.8125,62414.25,0.0,0,0.0,21.530000686645508,-0.05010350701632427,-0.3342018496180138,0.0,0.0,0.0,0.0,0.0,2.312849239547117,0.26077613960311785,0.800349977471103,-0.061055368508401764,0.0,0.0,0.030330315428595434
2019-01-08,34.49666666666666,66317.54166666667,0.0,0,0.0,22.09000015258789,-0.3342018496180138,0.15956855734853614,0.0,0.0,0.0,0.0,0.0,2.3103396081232437,0.06253846944674768,1.235869435301351,0.026010192665239185,-0.061055368508401764,0.0,0.0
2019-01-09,40.00125,66886.875,0.0,0,0.0,21.71999931335449,0.15956855734853614,0.691749216170328,0.0,0.0,0.0,0.0,0.0,2.3234070109196687,0.008584958353778926,1.304474985662376,-0.016749698355708498,0.026010192665239185,-0.061055368508401764,0.0
2019-01-10,67.67208333333333,64684.16666666666,0.0,0,0.0,21.674999237060547,0.691749216170328,-0.26234968875644193,0.0,0.0,0.0,0.0,0.0,2.3272100592172946,-0.03293184699290175,1.033593619997157,-0.0020718267825300396,-0.016749698355708498,0.026010192665239185,-0.061055368508401764
2019-01-11,49.91833333333333,66200.125,0.0,0,0.0,22.2549991607666,-0.26234968875644193,-0.1826316316650528,0.0,0.0,0.0,0.0,0.0,2.324481674834578,0.023436312338156018,1.2277623475034247,0.026758936291649604,-0.0020718267825300396,-0.016749698355708498,0.026010192665239185
2019-01-12,40.80166666666667,56655.16666666666,0.0,0,0.0,22.2549991607666,-0.1826316316650528,-0.6298966545484252,0.0,0.0,0.0,0.0,0.0,0.49409383715430827,-0.1441833883747703,0.011209799641640565,0.0,0.026758936291649604,-0.0020718267825300396,-0.016749698355708498
2019-01-13,15.100833333333334,53231.083333333336,0.0,0,0.0,22.2549991607666,-0.6298966545484252,1.1595386568070194,0.0,0.0,0.0,0.0,0.0,0.36647722896288243,-0.06043726520970416,-0.407372905813463,0.0,0.0,0.026758936291649604,-0.0020718267825300396
2019-01-14,32.61083333333333,65713.16666666667,0.0,0,0.0,21.674999237060547,1.1595386568070194,0.3936447499552804,0.0,0.0,0.0,0.0,0.0,0.5295667553771437,0.23448862115336744,1.2588541140653475,-0.02606155675478694,0.0,0.0,0.026758936291649604
2019-01-15,45.44791666666666,66565.58333333333,0.0,0,0.0,22.0,0.3936447499552804,-0.005482466192986313,0.0,0.0,0.0,0.0,0.0,0.5322038781665063,0.012971778867248762,1.2812951859579977,0.014994268714148662,-0.02606155675478694,0.0,0.0
2019-01-16,45.19875,66128.79166666667,0.0,0,0.0,22.0049991607666,-0.005482466192986313,-0.05225992606727692,0.0,0.0,0.0,0.0,0.0,0.5300229446157555,-0.006561824366195124,1.1989444730143444,0.00022723458030005084,0.014994268714148662,-0.02606155675478694,0.0
2019-01-17,42.836666666666666,66574.58333333333,0.0,0,0.0,22.9950008392334,-0.05225992606727692,0.44111353202085457,0.0,0.0,0.0,0.0,0.0,0.5300885152081286,0.0067412643635429426,1.2382400091282095,0.04498985304357128,0.00022723458030005084,0.014994268714148662,-0.02606155675478694
2019-01-18,61.7325,64273.583333333336,0.0,0,0.0,22.604999542236328,0.44111353202085457,-0.1027686658837188,0.0,0.0,0.0,0.0,0.0,0.5170776858316898,-0.034562739784327,0.9519381525649661,-0.016960264525481605,0.04498985304357128,0.00022723458030005084,0.014994268714148662
2019-01-19,55.38833333333333,55657.04166666666,0.0,0,0.0,22.604999542236328,-0.1027686658837188,-0.027021334215989956,0.0,0.0,0.0,0.0,0.0,0.5243427236888681,-0.13406039028475947,-0.13468405395327396,0.0,-0.016960264525481605,0.04498985304357128,0.00022723458030005084
2019-01-20,53.89166666666667,52030.125,0.0,0,0.0,22.604999542236328,-0.027021334215989956,0.2970542755528065,0.0,0.0,0.0,0.0,0.0,0.4891609158738307,-0.0651654589977757,-0.5741182605824884,0.0,0.0,-0.016960264525481605,0.04498985304357128
2019-01-21,69.90041666666667,65022.29166666666,0.0,0,0.0,22.604999542236328,0.2970542755528065,-0.09873570138470811,0.0,0.0,0.0,0.0,0.0,0.4783933955987713,0.24970469831980324,1.0519115795708271,0.0,0.0,0.0,-0.016960264525481605
2019-01-22,62.99875,67831.45833333333,0.0,0,0.0,21.815000534057617,-0.09873570138470811,0.19182258907253447,0.0,0.0,0.0,0.0,0.0,0.47302407004204017,0.043203132259129085,1.3192554274381547,-0.034947977181005285,0.0,0.0,0.0
2019-01-23,75.08333333333333,68192.91666666667,0.0,0,0.0,22.190000534057617,0.19182258907253447,0.14267480577136515,0.0,0.0,0.0,0.0,0.0,0.3887681913918515,0.005328771372673291,1.279370544302212,0.01719000645517066,-0.034947977181005285,0.0,0.0
2019-01-24,85.79583333333333,67312.29166666667,0.0,0,0.0,21.280000686645508,0.14267480577136515,-0.22487980185517953,0.0,0.0,0.0,0.0,0.0,0.20534040956929656,-0.012913731264855177,1.102342267601038,-0.04100945585897686,0.01719000645517066,-0.034947977181005285,0.0
2019-01-25,66.50208333333333,66537.125,0.0,0,0.0,20.88999938964844,-0.22487980185517953,-0.26188402618965567,0.0,0.0,0.0,0.0,0.0,0.20624058242734325,-0.011515974979805055,0.9426009055492224,-0.018327128026918493,-0.04100945585897686,0.01719000645517066,-0.034947977181005285
2019-01-26,49.08625,58120.833333333336,0.0,0,0.0,20.88999938964844,-0.26188402618965567,-0.27801403991273865,0.0,0.0,0.0,0.0,0.0,0.22939301379152763,-0.12649016119447098,-0.2318873660861625,0.0,-0.018327128026918493,-0.04100945585897686,0.01719000645517066
2019-01-27,35.43958333333333,52187.583333333336,0.0,0,0.0,20.88999938964844,-0.27801403991273865,0.4221856445829171,0.0,0.0,0.0,0.0,0.0,0.2487369950861184,-0.10208473725715106,-1.0480296761500707,0.0,0.0,-0.018327128026918493,-0.04100945585897686
2019-01-28,50.40166666666667,64965.833333333336,0.0,0,0.0,20.549999237060547,0.4221856445829171,0.19417347309943445,0.0,0.0,0.0,0.0,0.0,0.2451201537566399,0.24485230362905597,0.663565459792553,-0.016275737794246847,0.0,0.0,-0.018327128026918493
2019-01-29,60.18833333333333,65556.54166666667,0.0,0,0.0,20.584999084472656,0.19417347309943445,-0.11821920084180226,0.0,0.0,0.0,0.0,0.0,0.24843743197195003,0.009092599956387337,0.6978514357280172,0.0017031556550615168,-0.016275737794246847,0.0,0.0
2019-01-30,53.07291666666666,65903.20833333333,0.0,0,0.0,20.18000030517578,-0.11821920084180226,0.1275525024533859,0.0,0.0,0.0,0.0,0.0,0.2526356014215973,0.0052880560483092864,0.7024832627591833,-0.01967446185617594,0.0017031556550615168,-0.016275737794246847,0.0
2019-01-31,59.8425,65319.958333333336,0.0,0,0.0,19.850000381469727,0.1275525024533859,-0.07296932224868069,0.0,0.0,0.0,0.0,0.0,0.23772102377438153,-0.008850100241705405,0.5713623101861341,-0.0163528205508211,-0.01967446185617594,0.0017031556550615168,-0.016275737794246847
2019-02-01,55.47583333333333,65500.125,0.0,0,0.0,19.299999237060547,-0.07296932224868069,-0.09522915383575414,0.0,0.0,0.0,0.0,0.0,0.23655226332927268,0.002758217721867684,0.5598557512006779,-0.027707865684607924,-0.0163528205508211,-0.01967446185617594,0.0017031556550615168
2019-02-02,50.19291666666667,55333.66666666666,0.0,0,0.0,19.299999237060547,-0.09522915383575414,-0.0691249595311425,0.0,0.0,0.0,0.0,0.0,0.22965555102469187,-0.15521280811805083,-1.2016005202740594,0.0,-0.027707865684607924,-0.0163528205508211,-0.01967446185617594
2019-02-03,46.72333333333333,52009.875,0.0,0,0.0,19.299999237060547,-0.0691249595311425,-0.05718948419775971,0.0,0.0,0.0,0.0,0.0,0.22301929669001377,-0.060068162239986345,-1.6451248678690928,0.0,0.0,-0.027707865684607924,-0.0163528205508211
2019-02-04,44.05125,64526.708333333336,0.0,0,0.0,19.354999542236328,-0.05718948419775971,0.22104934593229464,0.0,0.0,0.0,0.0,0.0,0.21347656465094533,0.24066263057416193,0.3902328514693103,0.002849756857511654,0.0,0.0,-0.027707865684607924
2019-02-05,53.78875,66335.70833333333,0.0,0,0.0,19.13999938964844,0.22104934593229464,-0.045943622039924636,0.0,0.0,0.0,0.0,0.0,0.20743586187061158,0.02803490285999133,0.6561559788901129,-0.011108248911022467,0.002849756857511654,0.0,0.0
2019-02-06,51.3175,65603.83333333333,0.0,0,0.0,18.915000915527344,-0.045943622039924636,-0.13189944950552923,0.0,0.0,0.0,0.0,0.0,0.1807308140555216,-0.011032896435240747,0.49844346740502493,-0.011755406546291924,-0.011108248911022467,0.002849756857511654,0.0
2019-02-07,44.548750000000005,66601.41666666667,0.0,0,0.0,18.90999984741211,-0.13189944950552923,-0.06583611586557803,0.0,0.0,0.0,0.0,0.0,0.13272083509174532,0.015206174435945297,0.6801946214621636,-0.0002643969269453539,-0.011755406546291924,-0.011108248911022467,0.002849756857511654
2019-02-08,41.615833333333335,65092.5,0.0,0,0.0,18.26499938964844,-0.06583611586557803,-0.8364104207132702,0.0,0.0,0.0,0.0,0.0,0.11348923273498654,-0.022655924486090884,0.4155133805000282,-0.03410896155305565,-0.0002643969269453539,-0.011755406546291924,-0.011108248911022467
2019-02-09,6.807916666666667,56858.16666666666,0.0,0,0.0,18.26499938964844,-0.8364104207132702,3.1166534059611966,0.0,0.0,0.0,0.0,0.0,0.2800261481548207,-0.1265020291636263,-1.0467016713020454,0.0,-0.03410896155305565,-0.0002643969269453539,-0.011755406546291924
2019-02-10,28.02583333333333,51502.125,0.0,0,0.0,18.26499938964844,3.1166534059611966,0.14073325205911225,0.0,0.0,0.0,0.0,0.0,1.060549233776526,-0.09420004162404094,-1.8295868887099265,0.0,0.0,-0.03410896155305565,-0.0002643969269453539
2019-02-11,31.97,65508.04166666666,0.0,0,0.0,18.05500030517578,0.14073325205911225,0.46185225732457535,0.0,0.0,0.0,0.0,0.0,1.0566662790902654,0.27194832575678496,0.5421442134363044,-0.01149734965727267,0.0,0.0,-0.03410896155305565
2019-02-12,46.73541666666667,65327.375,0.0,0,0.0,17.78499984741211,0.46185225732457535,-0.028930593322337717,0.0,0.0,0.0,0.0,0.0,1.0530150520899924,-0.002757931119143575,0.4601276408215826,-0.014954331387425746,-0.01149734965727267,0.0,0.0
2019-02-13,45.38333333333333,65564.04166666667,0.0,0,0.0,18.020000457763672,-0.028930593322337717,0.08168380462724945,0.0,0.0,0.0,0.0,0.0,1.0516381988343444,0.0036227793733740743,0.5044179231870608,0.013213416495235775,-0.014954331387425746,-0.01149734965727267,0.0
2019-02-14,49.09041666666667,63967.708333333336,0.0,0,0.0,17.7549991607666,0.08168380462724945,-0.029987183513415006,0.0,0.0,0.0,0.0,0.0,1.0476380872110551,-0.02434769566905648,0.2308236324588069,-0.014705953954784579,0.013213416495235775,-0.014954331387425746,-0.01149734965727267
2019-02-15,47.61833333333333,62970.04166666666,0.0,0,0.0,18.100000381469727,-0.029987183513415006,-0.17637639564593466,0.0,0.0,0.0,0.0,0.0,1.0525047376616876,-0.015596410949535233,0.06732073277063037,0.019431215827116377,-0.014705953954784579,0.013213416495235775,-0.014954331387425746
2019-02-16,39.21958333333333,53574.04166666666,0.0,0,0.0,18.100000381469727,-0.17637639564593466,-0.0042920734751983325,0.0,0.0,0.0,0.0,0.0,1.0575985770153757,-0.1492138126529745,-1.537425237023884,0.0,0.019431215827116377,-0.014705953954784579,0.013213416495235775
2019-02-17,39.05125,48802.75,0.0,0,0.0,18.100000381469727,-0.0042920734751983325,0.18810750829572243,0.0,0.0,0.0,0.0,0.0,1.0531971522934946,-0.08905976697358853,-2.112724192180777,0.0,0.0,0.019431215827116377,-0.014705953954784579
2019-02-18,46.397083333333335,61487.25,0.0,0,0.0,18.100000381469727,0.18810750829572243,-0.1095704650974828,0.0,0.0,0.0,0.0,0.0,1.0473547468294266,0.2599136319162343,-0.06093255634070154,0.0,0.0,0.0,0.019431215827116377
2019-02-19,41.31333333333333,64211.458333333336,0.0,0,0.0,17.704999923706055,-0.1095704650974828,0.1038203969662741,0.0,0.0,0.0,0.0,0.0,0.9836835261893808,0.04430525569664168,0.34308258387866075,-0.021823229250760856,0.0,0.0,0.0
2019-02-20,45.6025,63341.125,0.0,0,0.0,18.145000457763672,0.1038203969662741,-0.05197083493229537,0.0,0.0,0.0,0.0,0.0,0.17996903481821158,-0.01355417484548127,0.20080331619933284,0.0248517670688313,-0.021823229250760856,0.0,0.0
2019-02-21,43.2325,62980.125,0.0,0,0.0,17.520000457763672,-0.05197083493229537,0.09182906378303368,0.0,0.0,0.0,0.0,0.0,0.1809996832726733,-0.005699298836261635,0.16858921903383556,-0.03444474975103029,0.0248517670688313,-0.021823229250760856,0.0
2019-02-22,47.20250000000001,62155.625,0.0,0,0.0,17.229999542236328,0.09182906378303368,-0.149638966862631,0.0,0.0,0.0,0.0,0.0,0.10975944961477381,-0.01309143162227766,0.05811721079403594,-0.016552563239165652,-0.03444474975103029,0.0248517670688313,-0.021823229250760856
2019-02-23,40.13916666666667,53476.91666666666,0.0,0,0.0,17.229999542236328,-0.149638966862631,-0.003674715053875066,0.0,0.0,0.0,0.0,0.0,0.12021954456988398,-0.1396286874009125,-1.4208083820111508,0.0,-0.016552563239165652,-0.03444474975103029,0.0248517670688313
2019-02-24,39.99166666666667,48636.208333333336,0.0,0,0.0,17.229999542236328,-0.003674715053875066,0.11057511981662849,0.0,0.0,0.0,0.0,0.0,0.1162968141055802,-0.09051958555326811,-2.0460460658730026,0.0,0.0,-0.016552563239165652,-0.03444474975103029
2019-02-25,44.41375,60291.41666666666,0.0,0,0.0,16.94499969482422,0.11057511981662849,0.004240428545964514,0.0,0.0,0.0,0.0,0.0,0.12250235141609796,0.2396405627151923,-0.09494612068940643,-0.016540908588736913,0.0,0.0,-0.016552563239165652
2019-02-26,44.60208333333333,61674.25,0.0,0,0.0,17.045000076293945,0.004240428545964514,-0.008772011770750598,0.0,0.0,0.0,0.0,0.0,0.10580462892045521,0.022935824198303756,0.08882523798981777,0.005901468472747862,-0.016540908588736913,0.0,0.0
2019-02-27,44.21083333333333,62010.75,0.0,0,0.0,17.614999771118164,-0.008772011770750598,-0.08935404218423104,0.0,0.0,0.0,0.0,0.0,0.10591865737426542,0.005456085805664479,0.16658983531030136,0.03344087370330784,0.005901468472747862,-0.016540908588736913,0.0
2019-02-28,40.26041666666666,61780.083333333336,0.0,0,0.0,17.815000534057617,-0.08935404218423104,0.13884605433376485,0.0,0.0,0.0,0.0,0.0,0.09163830351999776,-0.0037197851447799968,0.14965675017790175,0.011354003152891146,0.03344087370330784,0.005901468472747862,-0.016540908588736913
2019-03-01,45.85041666666667,61411.458333333336,0.0,0,0.0,17.31999969482422,0.13884605433376485,-0.10035350460282988,0.0,0.0,0.0,0.0,0.0,0.09531993275871786,-0.005966728759673079,0.11199613943910246,-0.027785620229821895,0.011354003152891146,0.03344087370330784,0.005901468472747862
2019-03-02,41.24916666666667,52996.66666666666,0.0,0,0.0,17.31999969482422,-0.10035350460282988,-0.7521566092244287,0.0,0.0,0.0,0.0,0.0,0.09594806097657933,-0.13702315325248093,-1.3163390600821552,0.0,-0.027785620229821895,0.011354003152891146,0.03344087370330784
2019-03-03,10.223333333333334,49227.91666666666,0.0,0,0.0,17.31999969482422,-0.7521566092244287,0.3018014346266711,0.0,0.0,0.0,0.0,0.0,0.25575735386858417,-0.07111296307943893,-1.8048798698019053,0.0,0.0,-0.027785620229821895,0.011354003152891146
2019-03-04,13.308750000000002,61059.91666666666,0.0,0,0.0,17.399999618530273,0.3018014346266711,1.354716508562662,0.0,0.0,0.0,0.0,0.0,0.2786475672151232,0.24035142661260966,0.17641075828917183,0.004618933320764462,0.0,0.0,-0.027785620229821895
2019-03-05,31.33833333333333,62546.29166666666,0.0,0,0.0,17.18000030517578,1.354716508562662,0.10947721108333797,0.0,0.0,0.0,0.0,0.0,0.521789707197752,0.024342892705116137,0.3836334475070912,-0.0126436389757274,0.004618933320764462,0.0,0.0
2019-03-06,34.76916666666667,62203.75,0.0,0,0.0,16.850000381469727,0.10947721108333797,-0.1652805407089616,0.0,0.0,0.0,0.0,0.0,0.5206235824196245,-0.0054766103239531905,0.3391891283799584,-0.019208377057283066,-0.0126436389757274,0.004618933320764462,0.0
2019-03-07,29.0225,62837.833333333336,0.0,0,0.0,16.8700008392334,-0.1652805407089616,-0.09079162718580414,0.0,0.0,0.0,0.0,0.0,0.5276678745787702,0.010193651240211876,0.4815277417701831,0.0011869707602896185,-0.019208377057283066,-0.0126436389757274,0.004618933320764462
2019-03-08,26.3875,61860.208333333336,0.0,0,0.0,16.729999542236328,-0.09079162718580414,-0.6976472445918207,0.0,0.0,0.0,0.0,0.0,0.5300207250323568,-0.015557904341068407,0.3315732362999032,-0.008298831655744743,0.0011869707602896185,-0.019208377057283066,-0.0126436389757274
2019-03-09,7.978333333333333,53660.0,0.0,0,0.0,16.729999542236328,-0.6976472445918207,1.1945372884896597,0.0,0.0,0.0,0.0,0.0,0.583444068613923,-0.13256030903010485,-1.1082754663808563,0.0,-0.008298831655744743,0.0011869707602896185,-0.019208377057283066
2019-03-10,17.50875,48695.833333333336,0.0,0,0.0,16.729999542236328,1.1945372884896597,1.2085623854739294,0.0,0.0,0.0,0.0,0.0,0.6924500113422546,-0.09251149211082121,-1.841473954603652,0.0,0.0,-0.008298831655744743,0.0011869707602896185
2019-03-11,38.66916666666666,62286.54166666666,0.0,0,0.0,16.625,1.2085623854739294,-0.05384350149774786,0.0,0.0,0.0,0.0,0.0,0.7721282391481358,0.2790938649781807,0.5336337050103458,-0.006276123437496062,0.0,0.0,-0.008298831655744743
2019-03-12,36.58708333333333,62613.833333333336,0.0,0,0.0,16.209999084472656,-0.05384350149774786,-0.5067362115500689,0.0,0.0,0.0,0.0,0.0,0.7700123204954241,0.005254612921330892,0.5417877364078622,-0.024962461084351517,-0.006276123437496062,0.0,0.0
2019-03-13,18.047083333333333,64393.958333333336,0.0,0,0.0,15.725000381469728,-0.5067362115500689,0.8033154018424031,0.0,0.0,0.0,0.0,0.0,0.7380927147774613,0.028430219094289555,0.8787029439647472,-0.02991972426867695,-0.024962461084351517,-0.006276123437496062,0.0
2019-03-14,32.544583333333335,64667.375,0.0,0,0.0,15.604999542236328,0.8033154018424031,-0.22545994597155194,0.0,0.0,0.0,0.0,0.0,0.7576149841904797,0.004245998751176705,0.9367512526570141,-0.007631213756586486,-0.02991972426867695,-0.024962461084351517,-0.006276123437496062
2019-03-15,25.207083333333333,63476.125,0.0,0,0.0,15.25,-0.22545994597155194,-0.31689174669818343,0.0,0.0,0.0,0.0,0.0,0.6773485094324132,-0.018421189974078933,0.7392702469592961,-0.02274909020506477,-0.007631213756586486,-0.02991972426867695,-0.024962461084351517
2019-03-16,17.219166666666666,53301.083333333336,0.0,0,0.0,15.25,-0.31689174669818343,-0.9752698059333107,0.0,0.0,0.0,0.0,0.0,0.6939314691515333,-0.16029714584289234,-1.0814054578567502,0.0,-0.02274909020506477,-0.007631213756586486,-0.02991972426867695
2019-03-17,0.4258333333333333,49814.583333333336,0.0,0,0.0,15.25,-0.9752698059333107,73.96868884540119,0.0,0.0,0.0,0.0,0.0,0.7730425151739901,-0.06541142847315484,-1.58336656096818,0.0,0.0,-0.02274909020506477,-0.007631213756586486
2019-03-18,31.924166666666668,62143.625,0.0,0,0.0,14.979999542236328,73.96868884540119,0.4201101568821948,0.0,0.0,0.0,0.0,0.0,23.388562404852337,0.24749864079294048,0.5642246265351081,-0.01770494805007683,0.0,0.0,-0.02274909020506477
2019-03-19,45.33583333333333,62384.958333333336,0.0,0,0.0,15.005000114440918,0.4201101568821948,-0.08464606731246438,0.0,0.0,0.0,0.0,0.0,23.34798692560548,0.003883476918723927,0.5577623406166397,0.0016689301047105864,-0.01770494805007683,0.0,0.0
2019-03-20,41.498333333333335,61795.875,0.0,0,0.0,15.21500015258789,-0.08464606731246438,-0.04112614964456429,0.0,0.0,0.0,0.0,0.0,23.390152431951336,-0.009442714222645865,0.4433198335660787,0.013995337323914336,0.0016689301047105864,-0.01770494805007683,0.0
2019-03-21,39.79166666666666,60908.79166666666,0.0,0,0.0,14.5649995803833,-0.04112614964456429,0.019581151832460897,0.0,0.0,0.0,0.0,0.0,23.430352598875526,-0.01435505741011589,0.29948081875499605,-0.04272103619361667,0.013995337323914336,0.0016689301047105864,-0.01770494805007683
2019-03-22,40.57083333333333,59263.54166666666,0.0,0,0.0,14.454999923706056,0.019581151832460897,-0.12230666529731948,0.0,0.0,0.0,0.0,0.0,23.427803817875866,-0.027011699870913564,0.008767541123785158,-0.007552328173451972,-0.04272103619361667,0.013995337323914336,0.0016689301047105864
2019-03-23,35.60875,50762.083333333336,0.0,0,0.0,14.454999923706056,-0.12230666529731948,-0.06023800329975082,0.0,0.0,0.0,0.0,0.0,23.413870341648973,-0.14345174274515304,-1.5163560970617027,0.0,-0.007552328173451972,-0.04272103619361667,0.013995337323914336
2019-03-24,33.46375,46428.41666666666,0.0,0,0.0,14.454999923706056,-0.06023800329975082,-0.03519978085739528,0.0,0.0,0.0,0.0,0.0,23.442251901118155,-0.08537211993860272,-2.070767043460915,0.0,0.0,-0.007552328173451972,-0.04272103619361667
2019-03-25,32.285833333333336,60373.04166666666,0.0,0,0.0,14.1850004196167,-0.03519978085739528,0.13047518261363344,0.0,0.0,0.0,0.0,0.0,23.435579421119698,0.3003467703866707,0.3276539504410722,-0.01867862369522122,0.0,0.0,-0.007552328173451972
2019-03-26,36.498333333333335,61607.5,0.0,0,0.0,14.385000228881836,0.13047518261363344,0.10121466733640805,0.0,0.0,0.0,0.0,0.0,23.4198937630886,0.020447178065817306,0.49480387445111174,0.014099386912146628,-0.01867862369522122,0.0,0.0
2019-03-27,40.1925,61035.75,0.0,0,0.0,14.994999885559082,0.10121466733640805,0.05302606207625793,0.0,0.0,0.0,0.0,0.0,23.37995811408841,-0.00928052590999473,0.3831808129180349,0.04240525873976031,0.014099386912146628,-0.01867862369522122,0.0
2019-03-28,42.32375,60188.04166666666,0.0,0,0.0,14.43000030517578,0.05302606207625793,-0.05838920228004363,0.0,0.0,0.0,0.0,0.0,0.15674857018435495,-0.013888718223882601,0.2356628804780772,-0.03767919871259384,0.04240525873976031,0.014099386912146628,-0.01867862369522122
2019-03-29,39.8525,58246.41666666666,0.0,0,0.0,14.21500015258789,-0.05838920228004363,-0.12069506304497846,0.0,0.0,0.0,0.0,0.0,0.08273303577741634,-0.032259315077122874,-0.1036685088686114,-0.014899525158760585,-0.03767919871259384,0.04240525873976031,0.014099386912146628
2019-03-30,35.0425,49539.625,0.0,0,0.0,14.21500015258789,-0.12069506304497846,-0.19011268629589229,0.0,0.0,0.0,0.0,0.0,0.08703220701772384,-0.14948201391501892,-1.5924608081864418,0.0,-0.014899525158760585,-0.03767919871259384,0.04240525873976031
2019-03-31,28.38047619047619,46605.739130434784,0.0,0,0.0,14.21500015258789,-0.19011268629589229,0.3392275877112032,0.0,0.0,0.0,0.0,0.0,0.10350554330864992,-0.05922301328613644,-1.9054535049722638,0.0,0.0,-0.014899525158760585,-0.03767919871259384
2019-04-01,38.00791666666667,58013.208333333336,0.0,0,0.0,13.845000267028809,0.3392275877112032,-0.10936318091625652,0.0,0.0,0.0,0.0,0.0,0.1559787659420945,0.24476533181831184,-0.008801951490110524,-0.026028834441603754,0.0,0.0,-0.014899525158760585
2019-04-02,33.85125,60729.79166666666,0.0,0,0.0,13.454999923706056,-0.10936318091625652,0.24775057543419132,0.0,0.0,0.0,0.0,0.0,0.15486668933538628,0.046826979775438815,0.405497527238055,-0.028169038338808794,-0.026028834441603754,0.0,0.0
2019-04-03,42.23791666666667,60225.5,0.0,0,0.0,14.1899995803833,0.24775057543419132,-0.005248049244853115,0.0,0.0,0.0,0.0,0.0,0.17030780091991712,-0.008303859651530021,0.32146380108293443,0.05462650768078148,-0.028169038338808794,-0.026028834441603754,0.0
2019-04-04,42.01625,60706.833333333336,0.0,0,0.0,14.80500030517578,-0.005248049244853115,0.006346750761114128,0.0,0.0,0.0,0.0,0.0,0.1691801737542652,0.007992184927204216,0.42084644173115127,0.043340432909009685,0.05462650768078148,-0.028169038338808794,-0.026028834441603754
2019-04-05,42.282916666666665,60025.083333333336,0.0,0,0.0,16.635000228881836,0.006346750761114128,-0.09344790547798054,0.0,0.0,0.0,0.0,0.0,0.1662336493106718,-0.01123020198165503,0.3137828634165114,0.12360688186316993,0.043340432909009685,0.05462650768078148,-0.028169038338808794
2019-04-06,38.33166666666667,49960.25,0.0,0,0.0,16.635000228881836,-0.09344790547798054,-0.009152571850950197,0.0,0.0,0.0,0.0,0.0,0.1678855850834739,-0.1676771238690492,-1.3918651012667602,0.0,0.12360688186316993,0.043340432909009685,0.05462650768078148
2019-04-07,37.98083333333333,45451.75,0.0,0,0.0,16.635000228881836,-0.009152571850950197,0.16905456699651156,0.0,0.0,0.0,0.0,0.0,0.1671375881416519,-0.09024174218503711,-1.9592207175405916,0.0,0.0,0.12360688186316993,0.043340432909009685
2019-04-08,44.40166666666667,57850.083333333336,0.0,0,0.0,15.96500015258789,0.16905456699651156,-0.05424908974888343,0.0,0.0,0.0,0.0,0.0,0.1735566604175025,0.2727801093100559,0.06655496961325336,-0.04027652943044058,0.0,0.0,0.12360688186316993
2019-04-09,41.992916666666666,60199.458333333336,0.0,0,0.0,16.7549991607666,-0.05424908974888343,0.019626325868449923,0.0,0.0,0.0,0.0,0.0,0.16862744344846184,0.04061143674526546,0.4080152020091378,0.04948318199988577,-0.04027652943044058,0.0,0.0
2019-04-10,42.81708333333333,60334.333333333336,0.0,0,0.0,15.729999542236328,0.019626325868449923,0.04493922791720606,0.0,0.0,0.0,0.0,0.0,0.15023762491523654,0.0022404686642389926,0.4456355959965086,-0.06117574872402298,0.04948318199988577,-0.04027652943044058,0.0
2019-04-11,44.74125,60033.29166666666,0.0,0,0.0,15.994999885559082,0.04493922791720606,0.0035854310433138803,0.0,0.0,0.0,0.0,0.0,0.11129300678000999,-0.004989558184118725,0.41229498924627495,0.01684681189031223,-0.06117574872402298,0.04948318199988577,-0.04027652943044058
2019-04-12,44.90166666666667,59618.29166666666,0.0,0,0.0,15.854999542236328,0.0035854310433138803,-0.07761404550684858,0.0,0.0,0.0,0.0,0.0,0.10185328970932453,-0.006912831005573938,0.3759137271275282,-0.008752756756763236,0.01684681189031223,-0.06117574872402298,0.04948318199988577
2019-04-13,41.41666666666666,51679.0,0.0,0,0.0,15.854999542236328,-0.07761404550684858,-0.10060362173038206,0.0,0.0,0.0,0.0,0.0,0.07367086069079297,-0.13316872128869828,-0.9831612787651426,0.0,-0.008752756756763236,0.01684681189031223,-0.06117574872402298
2019-04-14,37.25,47493.54166666666,0.0,0,0.0,15.854999542236328,-0.10060362173038206,0.12291946308724833,0.0,0.0,0.0,0.0,0.0,0.08034929640700686,-0.0809895379812563,-1.6081303274190903,0.0,0.0,-0.008752756756763236,0.01684681189031223
2019-04-15,41.82875,57906.29166666666,0.0,0,0.0,15.010000228881836,0.12291946308724833,-0.005090199125402095,0.0,0.0,0.0,0.0,0.0,0.09064442563875712,0.21924559918234499,0.21320570087316365,-0.05329544861250157,0.0,0.0,-0.008752756756763236
2019-04-16,41.615833333333335,60052.66666666666,0.0,0,0.0,14.835000038146973,-0.005090199125402095,-0.019403672480426182,0.0,0.0,0.0,0.0,0.0,0.08433899068782416,0.03706635217387855,0.5472403072565072,-0.011658906600023444,-0.05329544861250157,0.0,0.0
2019-04-17,40.80833333333333,59423.833333333336,0.0,0,0.0,15.19499969482422,-0.019403672480426182,0.0008168266285482062,0.0,0.0,0.0,0.0,0.0,0.08467738730941028,-0.010471364024911223,0.45447565712100135,0.0242669130941382,-0.011658906600023444,-0.05329544861250157,0.0
2019-04-18,40.84166666666667,57350.458333333336,0.0,0,0.0,14.460000038146973,0.0008168266285482062,-0.17143440114262387,0.0,0.0,0.0,0.0,0.0,0.06376553823456428,-0.034891303433246534,0.10464121202560059,-0.04837115310555784,0.0242669130941382,-0.011658906600023444,-0.05329544861250157
2019-04-19,33.84,44584.833333333336,0.0,0,0.0,14.460000038146973,-0.17143440114262387,0.019996059889676676,0.0,0.0,0.0,0.0,0.0,0.0817467749832813,-0.22258976424919585,-2.048689935154316,0.0,-0.04837115310555784,0.0242669130941382,-0.011658906600023444
2019-04-20,34.516666666666666,43673.083333333336,0.0,0,0.0,14.460000038146973,0.019996059889676676,-0.08457267020762915,0.0,0.0,0.0,0.0,0.0,0.0817658788527428,-0.020449779259763212,-1.9794210675931938,0.0,0.0,-0.04837115310555784,0.0242669130941382
2019-04-21,31.5975,39376.583333333336,0.0,0,0.0,14.460000038146973,-0.08457267020762915,-1.4433499485718806,0.0,0.0,0.0,0.0,0.0,0.0809082082874057,-0.09837867336288364,-2.3314824587737277,0.0,0.0,0.0,-0.04837115310555784
2019-04-22,-14.00875,41838.91666666666,0.0,0,0.0,14.460000038146973,-1.4433499485718806,-2.0530025876684217,0.0,0.0,0.0,0.0,0.0,0.45248497672557153,0.0625329351835584,-1.815719849863968,0.0,0.0,0.0,0.0
2019-04-23,14.75125,56348.958333333336,0.0,0,0.0,14.420000076293944,-2.0530025876684217,1.3524277603592916,0.0,0.0,0.0,0.0,0.0,0.7428611462114761,0.3468072986274744,0.19306505345907943,-0.0027662490835065334,0.0,0.0,0.0
2019-04-24,34.70125,57799.91666666666,0.0,0,0.0,14.265000343322754,1.3524277603592916,0.13284824033716358,0.0,0.0,0.0,0.0,0.0,0.9225229734361967,0.025749514742582358,0.418818547999352,-0.01074894120326697,-0.0027662490835065334,0.0,0.0
2019-04-25,39.31125,58040.0,0.0,0,0.0,14.53499984741211,0.13284824033716358,0.10760278546217683,0.0,0.0,0.0,0.0,0.0,0.9229479478785477,0.004153696876725732,0.4774445875277104,0.018927409575264287,-0.01074894120326697,-0.0027662490835065334,0.0
2019-04-26,43.54125,57781.833333333336,0.0,0,0.0,14.425000190734863,0.10760278546217683,-0.26535182154853154,0.0,0.0,0.0,0.0,0.0,0.9266402008634804,-0.004448081782678526,0.46059571822931095,-0.007567915915515533,0.018927409575264287,-0.01074894120326697,-0.0027662490835065334
2019-04-27,31.9875,48730.91666666666,0.0,0,0.0,14.425000190734863,-0.26535182154853154,0.09706916764361084,0.0,0.0,0.0,0.0,0.0,0.9241085705044614,-0.1566394858822412,-0.8357357926720097,0.0,-0.007567915915515533,0.018927409575264287,-0.01074894120326697
2019-04-28,35.0925,45153.04166666666,0.0,0,0.0,14.425000190734863,0.09706916764361084,0.2297024530407732,0.0,0.0,0.0,0.0,0.0,0.9273956162516845,-0.07342104858141052,-1.2748670542522726,0.0,0.0,-0.007567915915515533,0.018927409575264287
2019-04-29,43.153333333333336,58117.583333333336,0.0,0,0.0,14.524999618530272,0.2297024530407732,-0.00659470106596638,0.0,0.0,0.0,0.0,0.0,0.9388522637945207,0.28712443698421963,0.5770965619804207,0.006932369252905746,0.0,0.0,-0.007567915915515533
2019-04-30,42.86875,57303.41666666666,0.0,0,0.0,14.390000343322754,-0.00659470106596638,-0.4058414734898188,0.0,0.0,0.0,0.0,0.0,0.938226775974884,-0.014008955981480331,0.4138222754451137,-0.00929427048213427,0.006932369252905746,0.0,0.0
2019-05-01,25.47083333333333,45038.54166666666,0.0,0,0.0,14.05500030517578,-0.4058414734898188,0.4896123016522169,0.0,0.0,0.0,0.0,0.0,0.939588681222582,-0.21403392177022607,-1.3137644658100947,-0.02328005768967345,-0.00929427048213427,0.006932369252905746,0.0
2019-05-02,37.94166666666667,57001.79166666666,0.0,0,0.0,14.364999771118164,0.4896123016522169,0.07257851965736872,0.0,0.0,0.0,0.0,0.0,0.856338309052719,0.2656224992483289,0.4457059384845432,0.02205616927864651,-0.02328005768967345,-0.00929427048213427,0.006932369252905746
2019-05-03,40.69541666666667,57948.16666666666,0.0,0,0.0,14.5649995803833,0.07257851965736872,-0.029047087612241507,0.0,0.0,0.0,0.0,0.0,0.4801808598568202,0.016602548311712484,0.6012766526469221,0.013922715798941443,0.02205616927864651,-0.02328005768967345,-0.00929427048213427
2019-05-04,39.51333333333333,50124.208333333336,0.0,0,0.0,14.5649995803833,-0.029047087612241507,-0.2284250042179854,0.0,0.0,0.0,0.0,0.0,0.2482269049794991,-0.13501649462594423,-0.5138601135119073,0.0,0.013922715798941443,0.02205616927864651,-0.02328005768967345
2019-05-05,30.4875,46251.333333333336,0.0,0,0.0,14.5649995803833,-0.2284250042179854,0.45263085964192973,0.0,0.0,0.0,0.0,0.0,0.2596065638290912,-0.07726555947267666,-1.025302506737128,0.0,0.0,0.013922715798941443,0.02205616927864651
2019-05-06,44.287083333333335,59311.125,0.0,0,0.0,14.335000038146973,0.45263085964192973,0.13958170647950396,0.0,0.0,0.0,0.0,0.0,0.2950935089964978,0.2823657336004728,0.8792809168226228,-0.015791249492797865,0.0,0.0,0.013922715798941443
2019-05-07,50.46875,59698.04166666666,0.0,0,0.0,14.154999732971191,0.13958170647950396,-0.21786584107327134,0.0,0.0,0.0,0.0,0.0,0.2755778515700071,0.006523509150545559,0.8763108348208025,-0.012556700711320645,-0.015791249492797865,0.0,0.0
2019-05-08,39.473333333333336,60181.79166666666,0.0,0,0.0,14.31999969482422,-0.21786584107327134,0.1464279682486065,0.0,0.0,0.0,0.0,0.0,0.29111134288124757,0.008103280886517128,0.9287675041408013,0.011656655949536798,-0.012556700711320645,-0.015791249492797865,0.0
2019-05-09,45.25333333333333,59582.79166666666,0.0,0,0.0,14.454999923706056,0.1464279682486065,-0.010155789628756517,0.0,0.0,0.0,0.0,0.0,0.2865432192393321,-0.009953176590649315,0.8449834790707313,0.00942739048595298,0.011656655949536798,-0.012556700711320645,-0.015791249492797865
2019-05-10,44.79375,58511.333333333336,0.0,0,0.0,13.994999885559082,-0.010155789628756517,-0.16042974745360683,0.0,0.0,0.0,0.0,0.0,0.2866115677595921,-0.01798268096143507,0.6994564256312681,-0.03182290145796396,0.00942739048595298,0.011656655949536798,-0.012556700711320645
2019-05-11,37.6075,49619.458333333336,0.0,0,0.0,13.994999885559082,-0.16042974745360683,-0.4834917680427221,0.0,0.0,0.0,0.0,0.0,0.2525919845277895,-0.15196842207207717,-0.592413167375119,0.0,-0.03182290145796396,0.00942739048595298,0.011656655949536798
2019-05-12,19.42458333333333,45373.208333333336,0.0,0,0.0,13.994999885559082,-0.4834917680427221,1.019841695446063,0.0,0.0,0.0,0.0,0.0,0.2584212823167657,-0.0855763070099348,-1.1552604872588146,0.0,0.0,-0.03182290145796396,0.00942739048595298
2019-05-13,39.23458333333333,57057.5,0.0,0,0.0,13.760000228881836,1.019841695446063,0.045145120694965124,0.0,0.0,0.0,0.0,0.0,0.4224789051641714,0.25751521869091243,0.5746490776368417,-0.01679168693096833,0.0,0.0,-0.03182290145796396
2019-05-14,41.005833333333335,58850.66666666666,0.0,0,0.0,13.78499984741211,0.045145120694965124,-0.0037799500071130643,0.0,0.0,0.0,0.0,0.0,0.4213345667395099,0.03142736128758994,0.7882802434019756,0.0018168327118046612,-0.01679168693096833,0.0,0.0
2019-05-15,40.85083333333333,59552.91666666666,0.0,0,0.0,13.854999542236328,-0.0037799500071130643,-0.027498419044899025,0.0,0.0,0.0,0.0,0.0,0.40945741596140917,0.011932745026960845,0.8797614651907179,0.005077961233155959,0.0018168327118046612,-0.01679168693096833,0.0
2019-05-16,39.7275,60429.083333333336,0.0,0,0.0,13.385000228881836,-0.027498419044899025,0.08117802529733842,0.0,0.0,0.0,0.0,0.0,0.3902748653846029,0.014712405633645398,1.006692665424799,-0.03392272312400446,0.005077961233155959,0.0018168327118046612,-0.01679168693096833
2019-05-17,42.95250000000001,58824.375,0.0,0,0.0,12.854999542236328,0.08117802529733842,-0.13416952835496598,0.0,0.0,0.0,0.0,0.0,0.3891338382088109,-0.026555232097127623,0.7726547236284323,-0.03959661393967595,-0.03392272312400446,0.005077961233155959,0.0018168327118046612
2019-05-18,37.18958333333333,48297.54166666666,0.0,0,0.0,12.854999542236328,-0.13416952835496598,-0.04914010419584325,0.0,0.0,0.0,0.0,0.0,0.383861077067055,-0.17895359420875012,-0.7502447671547436,0.0,-0.03959661393967595,-0.03392272312400446,0.005077961233155959
2019-05-19,35.36208333333334,44107.91666666666,0.0,0,0.0,12.854999542236328,-0.04914010419584325,0.3090527754539347,0.0,0.0,0.0,0.0,0.0,0.38323132487023404,-0.08674613355924776,-1.3659504398631486,0.0,0.0,-0.03959661393967595,-0.03392272312400446
2019-05-20,46.29083333333333,57419.04166666666,0.0,0,0.0,12.904999732971191,0.3090527754539347,-0.06487965579938426,0.0,0.0,0.0,0.0,0.0,0.3928954139532595,0.3017853937785169,0.5552935502397709,0.003889552120992512,0.0,0.0,-0.03959661393967595
2019-05-21,43.2875,59872.29166666666,0.0,0,0.0,12.704999923706056,-0.06487965579938426,-0.07398209644816633,0.0,0.0,0.0,0.0,0.0,0.38808029494071106,0.04272537347874583,0.8954982263478618,-0.015497854583766624,0.003889552120992512,0.0,0.0
2019-05-22,40.085,59305.208333333336,0.0,0,0.0,12.649999618530272,-0.07398209644816633,0.01463556608872807,0.0,0.0,0.0,0.0,0.0,0.3421661059713889,-0.00947154881744805,0.7596109518632955,-0.004329028375132937,-0.015497854583766624,0.003889552120992512,0.0
2019-05-23,40.67166666666667,58388.083333333336,0.0,0,0.0,12.595000267028809,0.01463556608872807,-0.005163299594312165,0.0,0.0,0.0,0.0,0.0,0.12215324540511906,-0.01546449335183464,0.5806085481553375,-0.0043477749533602505,-0.004329028375132937,-0.015497854583766624,0.003889552120992512
2019-05-24,40.461666666666666,57567.91666666666,0.0,0,0.0,12.25,-0.005163299594312165,-0.09357622440993518,0.0,0.0,0.0,0.0,0.0,0.12156379027233195,-0.014046816059784084,0.4364469218905824,-0.027391842772083952,-0.0043477749533602505,-0.004329028375132937,-0.015497854583766624
2019-05-25,36.67541666666667,47777.91666666666,0.0,0,0.0,12.25,-0.09357622440993518,-0.4110837186580476,0.0,0.0,0.0,0.0,0.0,0.12550624404821728,-0.17006000159232215,-1.2169930454726516,0.0,-0.027391842772083952,-0.0043477749533602505,-0.004329028375132937
2019-05-26,21.59875,44168.875,0.0,0,0.0,12.25,-0.4110837186580476,0.636726662422594,0.0,0.0,0.0,0.0,0.0,0.18010668449400966,-0.07553786180854105,-1.6826639330376822,0.0,0.0,-0.027391842772083952,-0.0043477749533602505
2019-05-27,35.35125,56989.875,0.0,0,0.0,12.25,0.636726662422594,0.22576995155758284,0.0,0.0,0.0,0.0,0.0,0.2803512492957894,0.2902722788388883,0.40221634913305043,0.0,0.0,0.0,-0.027391842772083952
2019-05-28,43.3325,58038.5,0.0,0,0.0,12.520000457763672,0.22576995155758284,-0.03637569953268338,0.0,0.0,0.0,0.0,0.0,0.2824774641742613,0.018400198280835056,0.5278463878863803,0.022040853694993645,0.0,0.0,0.0
2019-05-29,41.75625,56781.625,0.0,0,0.0,12.225000381469728,-0.03637569953268338,-0.6145586987975853,0.0,0.0,0.0,0.0,0.0,0.28201400359333073,-0.02165588359451054,0.31668117535941936,-0.023562305551755314,0.022040853694993645,0.0,0.0
2019-05-30,16.094583333333333,46122.54166666666,0.0,0,0.0,11.475000381469728,-0.6145586987975853,1.2246615062003263,0.0,0.0,0.0,0.0,0.0,0.33420201279925527,-0.18772064613038708,-1.4387580821839947,-0.06134969133717383,-0.023562305551755314,0.022040853694993645,0.0
2019-05-31,35.805,50247.958333333336,0.0,0,0.0,11.204999923706056,1.2246615062003263,-0.16316389703486467,0.0,0.0,0.0,0.0,0.0,0.5210541230978344,0.08944469488437079,-0.7982132096158266,-0.023529450874762436,-0.06134969133717383,-0.023562305551755314,0.022040853694993645
2019-06-01,29.96291666666667,47048.16666666666,0.0,0,0.0,11.204999923706056,-0.16316389703486467,-0.27018119620085945,0.0,0.0,0.0,0.0,0.0,0.5248592876606595,-0.06368003343419448,-1.2688256175454393,0.0,-0.023529450874762436,-0.06134969133717383,-0.023562305551755314
2019-06-02,21.8675,43903.91666666666,0.0,0,0.0,11.204999923706056,-0.27018119620085945,0.6875690713006362,0.0,0.0,0.0,0.0,0.0,0.5362707931340975,-0.06683044681160089,-1.652059355186765,0.0,0.0,-0.023529450874762436,-0.06134969133717383
2019-06-03,36.90291666666666,57661.125,0.0,0,0.0,11.100000381469728,0.6875690713006362,0.05661250804475726,0.0,0.0,0.0,0.0,0.0,0.5720045591501846,0.313348087775009,0.5631612806964393,-0.009370775810018883,0.0,0.0,-0.023529450874762436
2019-06-04,38.99208333333333,58886.04166666666,0.0,0,0.0,11.90999984741211,0.05661250804475726,-0.027249121082270955,0.0,0.0,0.0,0.0,0.0,0.5677712127180379,0.021243370930876804,0.710959584124476,0.07297292235183961,-0.009370775810018883,0.0,0.0
2019-06-05,37.92958333333333,59892.16666666666,0.0,0,0.0,11.600000381469728,-0.027249121082270955,-0.0382177499972538,0.0,0.0,0.0,0.0,0.0,0.5391081463674613,0.017085967599848484,0.8742362478762281,-0.026028502931487396,0.07297292235183961,-0.009370775810018883,0.0
2019-06-06,36.48,59155.625,0.0,0,0.0,11.104999542236328,-0.0382177499972538,0.030987298976608235,0.0,0.0,0.0,0.0,0.0,0.5162233017910359,-0.012297796317270016,0.7558063232182297,-0.04267248473751195,-0.026028502931487396,0.07297292235183961,-0.009370775810018883
2019-06-07,37.610416666666666,56301.75,0.0,0,0.0,11.520000457763672,0.030987298976608235,-2.1230820362266662,0.0,0.0,0.0,0.0,0.0,0.5148113969421902,-0.04824351023254336,0.3025785259432519,0.03737063778786709,-0.04267248473751195,-0.026028502931487396,0.07297292235183961
2019-06-08,-42.239583333333336,48348.91666666666,0.0,0,0.0,11.520000457763672,-2.1230820362266662,-1.5326658446362516,0.0,0.0,0.0,0.0,0.0,0.8699151887333387,-0.14125375025347064,-0.9835630228947289,0.0,0.03737063778786709,-0.04267248473751195,-0.026028502931487396
2019-06-09,22.499583333333334,41887.91666666666,0.0,0,0.0,11.520000457763672,-1.5326658446362516,0.3941554473230986,0.0,0.0,0.0,0.0,0.0,0.970154150834688,-0.13363277701844412,-1.8748157153333131,0.0,0.0,0.03737063778786709,-0.04267248473751195
2019-06-10,31.36791666666667,43215.41666666666,0.0,0,0.0,11.80500030517578,0.3941554473230986,0.4240001062656906,0.0,0.0,0.0,0.0,0.0,0.8627782767493515,0.03169171698282125,-1.5665372482885866,0.024739569104794468,0.0,0.0,0.03737063778786709
2019-06-11,44.66791666666666,55897.083333333336,0.0,0,0.0,11.199999809265137,0.4240001062656906,-0.014906299264013101,0.0,0.0,0.0,0.0,0.0,0.8924821341071798,0.2934523752133211,0.3421266514475973,-0.05124951124697441,0.024739569104794468,0.0,0.0
2019-06-12,44.00208333333333,59018.75,0.0,0,0.0,11.140000343322754,-0.014906299264013101,-0.12477628900146776,0.0,0.0,0.0,0.0,0.0,0.8951635803839214,0.05584668251921299,0.8194667603339988,-0.005357095264657774,-0.05124951124697441,0.024739569104794468,0.0
2019-06-13,38.51166666666666,57356.958333333336,0.0,0,0.0,11.395000457763672,-0.12477628900146776,0.08064655732029258,0.0,0.0,0.0,0.0,0.0,0.8393482748542995,-0.02815701224893219,0.5695495112056048,0.02289049430718948,-0.005357095264657774,-0.05124951124697441,0.024739569104794468
2019-06-14,41.6175,57187.04166666666,0.0,0,0.0,11.31999969482422,0.08064655732029258,-0.2653130694219179,0.0,0.0,0.0,0.0,0.0,0.8405022091111699,-0.0029624420751044322,0.5605120854724616,-0.00658190082724841,0.02289049430718948,-0.005357095264657774,-0.05124951124697441
2019-06-15,30.575833333333332,48930.0,0.0,0,0.0,11.31999969482422,-0.2653130694219179,0.01876481971055588,0.0,0.0,0.0,0.0,0.0,0.8354917721626118,-0.14438658524767767,-0.702878925530383,0.0,-0.00658190082724841,0.02289049430718948,-0.005357095264657774
2019-06-16,31.149583333333336,44061.458333333336,0.0,0,0.0,11.31999969482422,0.01876481971055588,0.3373774395056113,0.0,0.0,0.0,0.0,0.0,0.837794912876789,-0.09950013624906329,-1.3800331467287676,0.0,0.0,-0.00658190082724841,0.02289049430718948
2019-06-17,41.65875,56879.875,0.0,0,0.0,11.56999969482422,0.3373774395056113,0.014912833438353479,0.0,0.0,0.0,0.0,0.0,0.8570808013570027,0.290921298375848,0.6019156503475339,0.02208480624909437,0.0,0.0,-0.00658190082724841
2019-06-18,42.28,59326.75,0.0,0,0.0,11.03499984741211,0.014912833438353479,-0.025573557237464573,0.0,0.0,0.0,0.0,0.0,0.5624042831900766,0.04301829073991459,0.9292142308355916,-0.046240264608774395,0.02208480624909437,0.0,0.0
2019-06-19,41.19875,58981.875,0.0,0,0.0,10.484999656677246,-0.025573557237464573,-0.11671066071988423,0.0,0.0,0.0,0.0,0.0,0.2291124034246161,-0.005813144997829811,0.8593866842538301,-0.049841431657459245,-0.046240264608774395,0.02208480624909437,0.0
2019-06-20,36.39041666666667,49674.125,0.0,0,0.0,10.149999618530272,-0.11671066071988423,0.063111854082462,0.0,0.0,0.0,0.0,0.0,0.2082598915671783,-0.15780695340729678,-0.5903900490946571,-0.031950410025396,-0.049841431657459245,-0.046240264608774395,0.02208480624909437
2019-06-21,38.68708333333333,52449.25,0.0,0,0.0,10.354999542236328,0.063111854082462,-0.1823929175327682,0.0,0.0,0.0,0.0,0.0,0.15819725540868407,0.055866610634812464,-0.10308314693588551,0.020197037577400545,-0.031950410025396,-0.049841431657459245,-0.046240264608774395
2019-06-22,31.63083333333333,47086.583333333336,0.0,0,0.0,10.354999542236328,-0.1823929175327682,-0.338620017388097,0.0,0.0,0.0,0.0,0.0,0.16812350284871316,-0.10224486845220215,-0.9275090339689883,0.0,0.020197037577400545,-0.031950410025396,-0.049841431657459245
2019-06-23,20.92,43390.79166666666,0.0,0,0.0,10.354999542236328,-0.338620017388097,0.6478648820905035,0.0,0.0,0.0,0.0,0.0,0.1944677497348473,-0.07848927242190384,-1.4233882424378133,0.0,0.0,0.020197037577400545,-0.031950410025396
2019-06-24,34.473333333333336,57791.083333333336,0.0,0,0.0,10.199999809265137,0.6478648820905035,0.1753287565267838,0.0,0.0,0.0,0.0,0.0,0.29218588886925645,0.3318743704261373,0.8407603485578283,-0.014968589070330052,0.0,0.0,0.020197037577400545
2019-06-25,40.5175,60489.04166666666,0.0,0,0.0,9.845000267028809,0.1753287565267838,-0.04819933773472351,0.0,0.0,0.0,0.0,0.0,0.278041798157205,0.04668468174877005,1.195384180019874,-0.034803877340651046,-0.014968589070330052,0.0,0.0
2019-06-26,38.56458333333334,61217.833333333336,0.0,0,0.0,9.619999885559082,-0.04819933773472351,-0.08014693965750097,0.0,0.0,0.0,0.0,0.0,0.2799293567647321,0.012048325557590944,1.2622273513011713,-0.022854278859012256,-0.034803877340651046,-0.014968589070330052,0.0
2019-06-27,35.47375,60129.0,0.0,0,0.0,9.375,-0.08014693965750097,0.224896343540411,0.0,0.0,0.0,0.0,0.0,0.2634022477443336,-0.017786211534220775,1.0677720243266222,-0.02546776387459837,-0.022854278859012256,-0.034803877340651046,-0.014968589070330052
2019-06-28,43.45166666666666,57358.375,0.0,0,0.0,10.114999771118164,0.224896343540411,-0.2347723524222315,0.0,0.0,0.0,0.0,0.0,0.27198275641531283,-0.04607801559979374,0.6297208441200106,0.07893330891927075,-0.02546776387459837,-0.022854278859012256,-0.034803877340651046
2019-06-29,33.250416666666666,48866.29166666666,0.0,0,0.0,10.114999771118164,-0.2347723524222315,-0.5448929211413391,0.0,0.0,0.0,0.0,0.0,0.2846497773738542,-0.14805306693805997,-0.721924337407838,0.0,0.07893330891927075,-0.02546776387459837,-0.022854278859012256
2019-06-30,15.1325,45625.958333333336,0.0,0,0.0,10.114999771118164,-0.5448929211413391,1.1782587146869319,0.0,0.0,0.0,0.0,0.0,0.3339383142841064,-0.06631019508164693,-1.185664845402373,0.0,0.0,0.07893330891927075,-0.02546776387459837
2019-07-01,32.9625,59344.833333333336,0.0,0,0.0,10.364999771118164,1.1782587146869319,0.011806345594741474,0.0,0.0,0.0,0.0,0.0,0.5092993232814842,0.3006813555514358,0.8819017486429367,0.02471576921967289,0.0,0.0,0.07893330891927075
2019-07-02,33.35166666666667,58960.5,0.0,0,0.0,10.225000381469728,0.011806345594741474,0.03930338313927351,0.0,0.0,0.0,0.0,0.0,0.5018416228094632,-0.006476272857227183,0.7685065738182585,-0.013506936106119416,0.02471576921967289,0.0,0.0
2019-07-03,34.6625,58474.5,0.0,0,0.0,10.295000076293944,0.03930338313927351,-0.019617742517129444,0.0,0.0,0.0,0.0,0.0,0.4789177353312601,-0.008242806624774168,0.6841170067678544,0.006845935668723602,-0.013506936106119416,0.02471576921967289,0.0
2019-07-04,33.9825,58737.91666666666,0.0,0,0.0,10.295000076293944,-0.019617742517129444,0.03762966232619713,0.0,0.0,0.0,0.0,0.0,0.44511906256394135,0.004504812639127387,0.727568427806514,0.0,0.006845935668723602,-0.013506936106119416,0.02471576921967289
2019-07-05,35.26125,57887.16666666666,0.0,0,0.0,11.21500015258789,0.03762966232619713,-0.1560022215132285,0.0,0.0,0.0,0.0,0.0,0.4436327937939795,-0.014483830007590237,0.6069655522013901,0.08936377556833719,0.0,0.006845935668723602,-0.013506936106119416
2019-07-06,29.760416666666668,49005.75,0.0,0,0.0,11.21500015258789,-0.1560022215132285,-0.1712705635281765,0.0,0.0,0.0,0.0,0.0,0.4477484108230962,-0.1534263495363104,-0.7756059579497097,0.0,0.08936377556833719,0.0,0.006845935668723602
2019-07-07,24.66333333333333,44057.708333333336,0.0,0,0.0,11.21500015258789,-0.1712705635281765,0.4471719151236657,0.0,0.0,0.0,0.0,0.0,0.4515044452028218,-0.10096859382147327,-1.456650538787707,0.0,0.0,0.08936377556833719,0.0
2019-07-08,35.692083333333336,56563.66666666666,0.0,0,0.0,11.880000114440918,0.4471719151236657,0.04750119657720542,0.0,0.0,0.0,0.0,0.0,0.46701283807454136,0.2838540361363171,0.4564256645376048,0.059295582060208574,0.0,0.0,0.08936377556833719
2019-07-09,37.3875,57692.833333333336,0.0,0,0.0,11.760000228881836,0.04750119657720542,0.10918310487016591,0.0,0.0,0.0,0.0,0.0,0.45569309831357924,0.019962755832660717,0.5847252432174312,-0.010101000370632551,0.059295582060208574,0.0,0.0
2019-07-10,41.46958333333333,57223.375,0.0,0,0.0,12.135000228881836,0.10918310487016591,0.10714680438473989,0.0,0.0,0.0,0.0,0.0,0.39823811439092477,-0.008137203638811319,0.4549630154837932,0.031887754481417785,-0.010101000370632551,0.059295582060208574,0.0
2019-07-11,45.91291666666667,57513.083333333336,0.0,0,0.0,13.130000114440918,0.10714680438473989,-0.014565617881678206,0.0,0.0,0.0,0.0,0.0,0.17070711844334355,0.005062762085132899,0.49500069573238725,0.08199422058443306,0.031887754481417785,-0.010101000370632551,0.059295582060208574
2019-07-12,45.244166666666665,57165.458333333336,0.0,0,0.0,13.279999732971191,-0.014565617881678206,-0.1768275836664026,0.0,0.0,0.0,0.0,0.0,0.17148372797398717,-0.00604427688192688,0.44758687949939124,0.011424190192146133,0.08199422058443306,0.031887754481417785,-0.010101000370632551
2019-07-13,37.24375,48134.25,0.0,0,0.0,13.279999732971191,-0.1768275836664026,-0.04374335738658597,0.0,0.0,0.0,0.0,0.0,0.18503666396616456,-0.1579836600044754,-1.0843304272447525,0.0,0.011424190192146133,0.08199422058443306,0.031887754481417785
2019-07-14,35.614583333333336,43181.708333333336,0.0,0,0.0,13.279999732971191,-0.04374335738658597,0.16682070780930092,0.0,0.0,0.0,0.0,0.0,0.18578137798126845,-0.1028901804155391,-1.7686082713423037,0.0,0.0,0.011424190192146133,0.08199422058443306
2019-07-15,41.55583333333333,55582.583333333336,0.0,0,0.0,12.895000457763672,0.16682070780930092,0.032135480377805115,0.0,0.0,0.0,0.0,0.0,0.19164925442815947,0.28717888843752326,0.24876830849965353,-0.028990909860612035,0.0,0.0,0.011424190192146133
2019-07-16,42.89125000000001,57231.375,0.0,0,0.0,11.414999961853027,0.032135480377805115,0.06976947512604537,0.0,0.0,0.0,0.0,0.0,0.18007809401635708,0.02966381855227418,0.473710540445866,-0.11477320227775434,-0.028990909860612035,0.0,0.0
2019-07-17,45.88375,56789.125,0.0,0,0.0,10.989999771118164,0.06976947512604537,-0.04249870596888872,0.0,0.0,0.0,0.0,0.0,0.16237883698937006,-0.0077274047670530255,0.39665901150944705,-0.03723172949234699,-0.11477320227775434,-0.028990909860612035,0.0
2019-07-18,43.93375,57423.66666666666,0.0,0,0.0,10.734999656677246,-0.04249870596888872,0.019897383370795163,0.0,0.0,0.0,0.0,0.0,0.09893243745682627,0.011173647536683484,0.5233940712450806,-0.023202922634362633,-0.03723172949234699,-0.11477320227775434,-0.028990909860612035
2019-07-19,44.80791666666667,56322.66666666666,0.0,0,0.0,10.8149995803833,0.019897383370795163,-0.2169910451092163,0.0,0.0,0.0,0.0,0.0,0.09863476448539339,-0.019173279309924518,0.3473842947930782,0.007452252097306156,-0.023202922634362633,-0.03723172949234699,-0.11477320227775434
2019-07-20,35.085,47781.16666666666,0.0,0,0.0,10.8149995803833,-0.2169910451092163,-0.10139660823713836,0.0,0.0,0.0,0.0,0.0,0.11874977776473533,-0.15165297571137737,-1.1544918850018988,0.0,0.007452252097306156,-0.023202922634362633,-0.03723172949234699
2019-07-21,31.5275,43412.708333333336,0.0,0,0.0,10.8149995803833,-0.10139660823713836,0.3519282108212407,0.0,0.0,0.0,0.0,0.0,0.11413550123930136,-0.09142636394395254,-1.7688641548387576,0.0,0.0,0.007452252097306156,-0.023202922634362633
2019-07-22,42.62291666666667,55494.54166666666,0.0,0,0.0,10.15999984741211,0.3519282108212407,0.09333789530280079,0.0,0.0,0.0,0.0,0.0,0.16666126013322524,0.2783017645562693,0.20493387371480673,-0.06056400909707449,0.0,0.0,0.007452252097306156
2019-07-23,46.60125,57185.458333333336,0.0,0,0.0,10.75,0.09333789530280079,0.0866840124102537,0.0,0.0,0.0,0.0,0.0,0.15525455118307613,0.030469963637565156,0.4420675204337881,0.05807088203236255,-0.06056400909707449,0.0,0.0
2019-07-24,50.64083333333334,58043.04166666666,0.0,0,0.0,10.074999809265137,0.0866840124102537,-0.00814560055291369,0.0,0.0,0.0,0.0,0.0,0.1535673574016666,0.014996528109199936,0.5959686049767113,-0.06279071541719661,0.05807088203236255,-0.06056400909707449,0.0
2019-07-25,50.22833333333333,58751.083333333336,0.0,0,0.0,10.024999618530272,-0.00814560055291369,-0.11399608454723431,0.0,0.0,0.0,0.0,0.0,0.14813965684391456,0.012198562417401693,0.7423622963198411,-0.004962798181781025,-0.06279071541719661,0.05807088203236255,-0.06056400909707449
2019-07-26,44.5025,58057.0,0.0,0,0.0,9.96500015258789,-0.11399608454723431,-0.1873677508754189,0.0,0.0,0.0,0.0,0.0,0.1547961119627695,-0.011813966550971444,0.6462706817985123,-0.005984984361643075,-0.004962798181781025,-0.06279071541719661,0.05807088203236255
2019-07-27,36.16416666666667,48038.66666666666,0.0,0,0.0,9.96500015258789,-0.1873677508754189,-0.11277277231145011,0.0,0.0,0.0,0.0,0.0,0.1654659214177924,-0.17256029993512145,-1.1459752840575146,0.0,-0.005984984361643075,-0.004962798181781025,-0.06279071541719661
2019-07-28,32.08583333333333,43890.5,0.0,0,0.0,9.96500015258789,-0.11277277231145011,0.4181492351245357,0.0,0.0,0.0,0.0,0.0,0.16837863415352597,-0.08635057870049112,-1.7429180920178602,0.0,0.0,-0.005984984361643075,-0.004962798181781025
2019-07-29,45.5025,55334.208333333336,0.0,0,0.0,9.8100004196167,0.4181492351245357,-0.02139992308114924,0.0,0.0,0.0,0.0,0.0,0.2182746674529402,0.26073315030207755,0.24537116750032612,-0.015554413507052334,0.0,0.0,-0.005984984361643075
2019-07-30,44.52875,57408.875,0.0,0,0.0,9.789999961853027,-0.02139992308114924,0.08839794514779786,0.0,0.0,0.0,0.0,0.0,0.20279963251875782,0.03749338301126248,0.5662927339731435,-0.0020387825594458953,-0.015554413507052334,0.0,0.0
2019-07-31,48.465,56881.333333333336,0.0,0,0.0,11.0,0.08839794514779786,-0.07846727879225579,0.0,0.0,0.0,0.0,0.0,0.19683772349927453,-0.00918920056640482,0.4891214111128737,0.12359550999609481,-0.0020387825594458953,-0.015554413507052334,0.0
2019-08-01,44.66208333333333,55421.29166666666,0.0,0,0.0,12.359999656677246,-0.07846727879225579,-0.021550718823759918,0.0,0.0,0.0,0.0,0.0,0.1711680714309414,-0.025668203980216298,0.24043087022877718,0.12363633242520411,0.12359550999609481,-0.0020387825594458953,-0.015554413507052334
2019-08-02,43.69958333333333,54653.208333333336,0.0,0,0.0,12.015000343322754,-0.021550718823759918,-0.1678219662658873,0.0,0.0,0.0,0.0,0.0,0.16927856702858216,-0.013858993723080082,0.12008300490717062,-0.027912566580704845,0.12363633242520411,0.12359550999609481,-0.0020387825594458953
2019-08-03,36.365833333333335,45619.125,0.0,0,0.0,12.015000343322754,-0.1678219662658873,-0.033387566167877525,0.0,0.0,0.0,0.0,0.0,0.17467145499198558,-0.16529831658251237,-1.493107051072765,0.0,-0.027912566580704845,0.12363633242520411,0.12359550999609481
2019-08-04,35.151666666666664,41619.125,0.0,0,0.0,12.015000343322754,-0.033387566167877525,0.3167109193494855,0.0,0.0,0.0,0.0,0.0,0.17465550976881178,-0.08768252350302641,-2.0046007506394186,0.0,0.0,-0.027912566580704845,0.12363633242520411
2019-08-05,46.28458333333333,52842.79166666666,0.0,0,0.0,11.46500015258789,0.3167109193494855,-0.09122908095748228,0.0,0.0,0.0,0.0,0.0,0.20086810908688477,0.2696756999736698,-0.059175241997507066,-0.04577612775854156,0.0,0.0,-0.027912566580704845
2019-08-06,42.06208333333333,54835.708333333336,0.0,0,0.0,10.949999809265137,-0.09122908095748228,-0.028380667465749854,0.0,0.0,0.0,0.0,0.0,0.19194004018469313,0.03771406853820358,0.24115439813488593,-0.044919349016014354,-0.04577612775854156,0.0,0.0
2019-08-07,40.86833333333333,55139.25,0.0,0,0.0,11.40999984741211,-0.028380667465749854,-0.15049345458994323,0.0,0.0,0.0,0.0,0.0,0.18676715954670792,0.005535474527319062,0.3075270521127016,0.04200913663557815,-0.044919349016014354,-0.04577612775854156,0.0
2019-08-08,34.71791666666667,55283.41666666666,0.0,0,0.0,12.074999809265137,-0.15049345458994323,0.11435017942224834,0.0,0.0,0.0,0.0,0.0,0.1385378980687799,0.002614592448512809,0.35246310016060717,0.05828220602508205,0.04200913663557815,-0.044919349016014354,-0.04577612775854156
2019-08-09,38.687916666666666,54979.25,0.0,0,0.0,12.024999618530272,0.11435017942224834,-0.6784848843846593,0.0,0.0,0.0,0.0,0.0,0.14476182588210176,-0.00550195130848441,0.31167799108368427,-0.004140802610737904,0.05828220602508205,0.04200913663557815,-0.044919349016014354
2019-08-10,12.43875,47559.375,0.0,0,0.0,12.024999618530272,-0.6784848843846593,0.1537868890898737,0.0,0.0,0.0,0.0,0.0,0.2526228169414348,-0.1349577340542114,-1.0230499672109339,0.0,-0.004140802610737904,0.05828220602508205,0.04200913663557815
2019-08-11,14.351666666666668,43387.91666666666,0.0,0,0.0,12.024999618530272,0.1537868890898737,1.873591917315062,0.0,0.0,0.0,0.0,0.0,0.2634167615114896,-0.08771053726701294,-1.6529698155408625,0.0,0.0,-0.004140802610737904,0.05828220602508205
2019-08-12,41.240833333333335,53817.16666666666,0.0,0,0.0,11.420000076293944,1.873591917315062,-0.07773444603851376,0.0,0.0,0.0,0.0,0.0,0.6664600975304044,0.24037222344930909,0.19800236843979435,-0.05031181384022965,0.0,0.0,-0.004140802610737904
2019-08-13,38.035,54756.875,0.0,0,0.0,11.859999656677246,-0.07773444603851376,0.019280487270496582,0.0,0.0,0.0,0.0,0.0,0.66257158458886,0.017461126096691704,0.316175624774401,0.03852885967108444,-0.05031181384022965,0.0,0.0
2019-08-14,38.76833333333334,53983.25,0.0,0,0.0,11.18000030517578,0.019280487270496582,-0.21318945875069872,0.0,0.0,0.0,0.0,0.0,0.6612493127357624,-0.014128362876807743,0.17782243816130347,-0.057335528767795796,0.03852885967108444,-0.05031181384022965,0.0
2019-08-15,30.50333333333333,54217.25,0.0,0,0.0,11.225000381469728,-0.21318945875069872,0.17002240192328721,0.0,0.0,0.0,0.0,0.0,0.6671781067393338,0.0043346778861961255,0.24517998859233417,0.004025051436994609,-0.057335528767795796,0.03852885967108444,-0.05031181384022965
2019-08-16,35.68958333333333,52664.04166666666,0.0,0,0.0,10.954999923706056,0.17002240192328721,-0.2652968303076294,0.0,0.0,0.0,0.0,0.0,0.6643083919512294,-0.028647862688228276,-0.03217113439659922,-0.02405349207910845,0.004025051436994609,-0.057335528767795796,0.03852885967108444
2019-08-17,26.22125,46143.41666666666,0.0,0,0.0,10.954999923706056,-0.2652968303076294,0.055823044286599455,0.0,0.0,0.0,0.0,0.0,0.6742697485952809,-0.12381550662730822,-1.2308430181723158,0.0,-0.02405349207910845,0.004025051436994609,-0.057335528767795796
2019-08-18,27.685,42531.958333333336,0.0,0,0.0,10.954999923706056,0.055823044286599455,0.2436788874841973,0.0,0.0,0.0,0.0,0.0,0.6690740155918585,-0.07826594981949364,-1.7590436530753661,0.0,0.0,-0.02405349207910845,0.004025051436994609
2019-08-19,34.43125,54504.75,0.0,0,0.0,10.78499984741211,0.2436788874841973,0.15596296968596857,0.0,0.0,0.0,0.0,0.0,0.6703042422141416,0.28150106733466096,0.4290825200590814,-0.015518035369956995,0.0,0.0,-0.02405349207910845
2019-08-20,39.80125,55246.16666666666,0.0,0,0.0,11.21500015258789,0.15596296968596857,0.04729750950032985,0.0,0.0,0.0,0.0,0.0,0.6077515086947586,0.013602789970904583,0.5175028165967269,0.0398702189392206,-0.015518035369956995,0.0,0.0
2019-08-21,41.68375,54624.25,0.0,0,0.0,11.414999961853027,0.04729750950032985,-0.12892713987265236,0.0,0.0,0.0,0.0,0.0,0.6098063847283134,-0.011257191298340241,0.40227237842062163,0.017833241778332676,0.0398702189392206,-0.015518035369956995,0.0
2019-08-22,36.30958333333333,54811.333333333336,0.0,0,0.0,10.989999771118164,-0.12892713987265236,0.027931101752292298,0.0,0.0,0.0,0.0,0.0,0.16892756141699256,0.0034249135380959306,0.4597469149057355,-0.03723172949234699,0.017833241778332676,0.0398702189392206,-0.015518035369956995
2019-08-23,37.32375,54287.583333333336,0.0,0,0.0,10.585000038146973,0.027931101752292298,-0.13485604563671472,0.0,0.0,0.0,0.0,0.0,0.16676779728366056,-0.009555505552379717,0.3879037314326793,-0.03685165981855021,-0.03723172949234699,0.017833241778332676,0.0398702189392206
2019-08-24,32.290416666666665,46350.958333333336,0.0,0,0.0,10.585000038146973,-0.13485604563671472,-0.05124069318812341,0.0,0.0,0.0,0.0,0.0,0.17295237703515023,-0.14619595334108015,-1.1467416690343326,0.0,-0.03685165981855021,-0.03723172949234699,0.017833241778332676
2019-08-25,30.63583333333333,42903.708333333336,0.0,0,0.0,10.585000038146973,-0.05124069318812341,0.4902891494165331,0.0,0.0,0.0,0.0,0.0,0.15815314487177012,-0.07437278804915037,-1.7028248211141586,0.0,0.0,-0.03685165981855021,-0.03723172949234699
2019-08-26,45.65625,56358.375,0.0,0,0.0,10.3149995803833,0.4902891494165331,0.016646132785763212,0.0,0.0,0.0,0.0,0.0,0.21566918927846948,0.3136014854970772,0.9140679071770533,-0.02550783720270433,0.0,0.0,-0.03685165981855021
2019-08-27,46.41625,58578.708333333336,0.0,0,0.0,10.06999969482422,0.016646132785763212,0.09498289930789339,0.0,0.0,0.0,0.0,0.0,0.1872953661409549,0.039396688306455596,1.2752199806863973,-0.023751807612771292,-0.02550783720270433,0.0,0.0
2019-08-28,50.825,58590.29166666666,0.0,0,0.0,10.234999656677246,0.09498289930789339,-0.124602393835055,0.0,0.0,0.0,0.0,0.0,0.18732288117713455,0.00019773965085412293,1.2299807181852214,0.016385299588224544,-0.023751807612771292,-0.02550783720270433,0.0
2019-08-29,44.49208333333333,57954.79166666666,0.0,0,0.0,10.71500015258789,-0.124602393835055,-0.07074292243002034,0.0,0.0,0.0,0.0,0.0,0.18693455290920952,-0.010846506851604376,1.0972241704270982,0.04689794939050107,0.016385299588224544,-0.023751807612771292,-0.02550783720270433
2019-08-30,41.34458333333333,56458.91666666666,0.0,0,0.0,12.795000076293944,-0.07074292243002034,-0.18587682787950843,0.0,0.0,0.0,0.0,0.0,0.18495714391712817,-0.0258110668157292,0.8090165650305208,0.19412038208918658,0.04689794939050107,0.016385299588224544,-0.023751807612771292
2019-08-31,33.65958333333334,47569.66666666666,0.0,0,0.0,12.795000076293944,-0.18587682787950843,-0.10556676528477538,0.0,0.0,0.0,0.0,0.0,0.19508860395032118,-0.15744634372781396,-0.8780305494978936,0.0,0.19412038208918658,0.04689794939050107,0.016385299588224544
2019-09-01,30.10625,43310.79166666666,0.0,0,0.0,12.795000076293944,-0.10556676528477538,0.3012248287315755,0.0,0.0,0.0,0.0,0.0,0.19359575434107992,-0.08952921679781933,-1.567983891008353,0.0,0.0,0.19412038208918658,0.04689794939050107
2019-09-02,39.175,53922.91666666666,0.0,0,0.0,12.795000076293944,0.3012248287315755,-0.09625611572005943,0.0,0.0,0.0,0.0,0.0,0.2165777929227277,0.24502265120606004,0.372046276458423,0.0,0.0,0.0,0.19412038208918658
2019-09-03,35.40416666666667,55613.91666666666,0.0,0,0.0,12.100000381469728,-0.09625611572005943,-0.039519830528421784,0.0,0.0,0.0,0.0,0.0,0.2137771350387026,0.031359579646872415,0.6481995448836195,-0.05431806883001766,0.0,0.0,0.0
2019-09-04,34.005,55922.458333333336,0.0,0,0.0,11.960000038146973,-0.039519830528421784,-0.06729402538842333,0.0,0.0,0.0,0.0,0.0,0.21333286297186546,0.00554792190803588,0.6845485290873015,-0.01157027594289639,-0.05431806883001766,0.0,0.0
2019-09-05,31.71666666666667,56938.333333333336,0.0,0,0.0,12.234999656677246,-0.06729402538842333,0.023055701523909455,0.0,0.0,0.0,0.0,0.0,0.1390213658996023,0.018165778656308973,0.8676625051991709,0.02299327906798898,-0.01157027594289639,-0.05431806883001766,0.0
2019-09-06,32.447916666666664,55220.41666666666,0.0,0,0.0,12.350000381469728,0.023055701523909455,0.1075826645264848,0.0,0.0,0.0,0.0,0.0,0.139263108902947,-0.03017153060328448,0.5222984434201495,0.009399323908417134,0.02299327906798898,-0.01157027594289639,-0.05431806883001766
2019-09-07,35.93875,46411.66666666666,0.0,0,0.0,12.350000381469728,0.1075826645264848,0.025993298783810515,0.0,0.0,0.0,0.0,0.0,0.14054110212586926,-0.15951980321288173,-1.162239648638953,0.0,0.009399323908417134,0.02299327906798898,-0.01157027594289639
2019-09-08,36.87291666666667,43051.333333333336,0.0,0,0.0,12.350000381469728,0.025993298783810515,0.23416012204079295,0.0,0.0,0.0,0.0,0.0,0.13679620245834542,-0.07240277229144942,-1.664630173961911,0.0,0.0,0.009399323908417134,0.02299327906798898
2019-09-09,45.50708333333333,55004.125,0.0,0,0.0,12.234999656677246,0.23416012204079295,-0.19089519030920088,0.0,0.0,0.0,0.0,0.0,0.15473918597994768,0.2776404524830822,0.5352564630015718,-0.009311799290713574,0.0,0.0,0.009399323908417134
2019-09-10,36.82,56168.0,0.0,0,0.0,14.404999732971191,-0.19089519030920088,-0.07855784899511131,0.0,0.0,0.0,0.0,0.0,0.15548648730931353,0.021159776653114637,0.7041642145755165,0.17736004390565463,-0.009311799290713574,0.0,0.0
2019-09-11,33.9275,56882.04166666666,0.0,0,0.0,14.354999542236328,-0.07855784899511131,0.1135386731510819,0.0,0.0,0.0,0.0,0.0,0.15329663133399657,0.012712606228932,0.8158210607710097,-0.003471030313205725,0.17736004390565463,-0.009311799290713574,0.0
2019-09-12,37.779583333333335,57772.91666666666,0.0,0,0.0,14.46500015258789,0.1135386731510819,0.032766816291868395,0.0,0.0,0.0,0.0,0.0,0.12399369174315668,0.01566179718408489,0.9567607963711154,0.007662878011797325,-0.003471030313205725,0.17736004390565463,-0.009311799290713574
2019-09-13,39.0175,57235.875,0.0,0,0.0,14.710000038146973,0.032766816291868395,-0.07224322419427187,0.0,0.0,0.0,0.0,0.0,0.11911379946114055,-0.009295734016082968,0.823215192520726,0.016937427098142832,0.007662878011797325,-0.003471030313205725,0.17736004390565463
2019-09-14,36.19875,46965.625,0.0,0,0.0,14.710000038146973,-0.07224322419427187,-0.3437273386511964,0.0,0.0,0.0,0.0,0.0,0.12124155987170525,-0.17943728474492615,-1.0635668364909285,0.0,0.016937427098142832,0.007662878011797325,-0.003471030313205725
2019-09-15,23.75625,43399.125,0.0,0,0.0,14.710000038146973,-0.3437273386511964,0.9847583969130929,0.0,0.0,0.0,0.0,0.0,0.16511164915284865,-0.07593851886353054,-1.5937904902380182,0.0,0.0,0.016937427098142832,0.007662878011797325
2019-09-16,47.150416666666665,55411.375,0.0,0,0.0,15.335000038146973,0.9847583969130929,-0.2816959906681631,0.0,0.0,0.0,0.0,0.0,0.35755593239689165,0.2767855342705643,0.4970824629994466,0.042488103220884366,0.0,0.0,0.016937427098142832
2019-09-17,33.86833333333333,57238.79166666666,0.0,0,0.0,13.4399995803833,-0.2816959906681631,0.07708774174499267,0.0,0.0,0.0,0.0,0.0,0.3751395339373303,0.03297908898067692,0.7795487833954938,-0.12357355416039872,0.042488103220884366,0.0,0.0
2019-09-18,36.47916666666666,56377.29166666666,0.0,0,0.0,12.4350004196167,0.07708774174499267,0.20013706453455193,0.0,0.0,0.0,0.0,0.0,0.37523903879833553,-0.015050981596833712,0.5999235795435178,-0.0747767256059646,-0.12357355416039872,0.042488103220884366,0.0
2019-09-19,43.78,56544.208333333336,0.0,0,0.0,12.255000114440918,0.20013706453455193,-0.024754454088624978,0.0,0.0,0.0,0.0,0.0,0.37350898385236836,0.0029607074361355235,0.6207579109337793,-0.014475295464552063,-0.0747767256059646,-0.12357355416039872,0.042488103220884366
2019-09-20,42.69625,55621.66666666666,0.0,0,0.0,12.710000038146973,-0.024754454088624978,-0.18843380078266048,0.0,0.0,0.0,0.0,0.0,0.3655031467030396,-0.016315405129172733,0.43896010016620346,0.03712769640613023,-0.014475295464552063,-0.0747767256059646,-0.12357355416039872
2019-09-21,34.65083333333333,47608.625,0.0,0,0.0,12.710000038146973,-0.18843380078266048,-0.14458526730958843,0.0,0.0,0.0,0.0,0.0,0.37175371038451427,-0.14406331465555977,-1.0106657853919976,0.0,0.03712769640613023,-0.014475295464552063,-0.0747767256059646
2019-09-22,29.640833333333333,43690.208333333336,0.0,0,0.0,12.710000038146973,-0.14458526730958843,0.48875425229834946,0.0,0.0,0.0,0.0,0.0,0.37577155913375965,-0.08230476445532009,-1.5958666957525827,0.0,0.0,0.03712769640613023,-0.014475295464552063
2019-09-23,44.12791666666666,56962.29166666666,0.0,0,0.0,12.244999885559082,0.48875425229834946,0.07516972438082492,0.0,0.0,0.0,0.0,0.0,0.40359888187526216,0.30377706675313365,0.7015705520337554,-0.036585377749195014,0.0,0.0,0.03712769640613023
2019-09-24,47.445,58256.958333333336,0.0,0,0.0,12.34000015258789,0.07516972438082492,-0.014762707696631239,0.0,0.0,0.0,0.0,0.0,0.4005257234020937,0.02272848631587432,0.8844667489627718,0.007758290560773817,-0.036585377749195014,0.0,0.0
2019-09-25,46.74458333333333,58256.875,0.0,0,0.0,11.949999809265137,-0.014762707696631239,-0.11077932380757127,0.0,0.0,0.0,0.0,0.0,0.3741050058898286,-1.4304442889079283e-06,0.8650742214365131,-0.03160456551866131,0.007758290560773817,-0.036585377749195014,0.0
2019-09-26,41.56625,58665.083333333336,0.0,0,0.0,12.045000076293944,-0.11077932380757127,-0.07527140408384203,0.0,0.0,0.0,0.0,0.0,0.22081075112206613,0.007007041372084188,0.9403908274026197,0.007949813267373429,-0.03160456551866131,0.007758290560773817,-0.036585377749195014
2019-09-27,38.4375,57891.0,0.0,0,0.0,11.9399995803833,-0.07527140408384203,-0.37293224932249314,0.0,0.0,0.0,0.0,0.0,0.1993671133079884,-0.013194958386661071,0.8031842164780616,-0.008717351203450519,0.007949813267373429,-0.03160456551866131,0.007758290560773817
2019-09-28,24.10291666666667,48545.375,0.0,0,0.0,11.9399995803833,-0.37293224932249314,-0.541272667554065,0.0,0.0,0.0,0.0,0.0,0.2347672725274449,-0.16143485170406457,-0.889648473244644,0.0,-0.008717351203450519,0.007949813267373429,-0.03160456551866131
2019-09-29,11.056666666666668,44993.833333333336,0.0,0,0.0,11.9399995803833,-0.541272667554065,0.9989071450105518,0.0,0.0,0.0,0.0,0.0,0.27267449956697615,-0.07315921787949242,-1.4364049320388117,0.0,0.0,-0.008717351203450519,0.007949813267373429
2019-09-30,22.101250000000004,57747.333333333336,0.0,0,0.0,16.389999389648438,0.9989071450105518,0.9252304733895138,0.0,0.0,0.0,0.0,0.0,0.4406625657898199,0.28344995425299024,0.8187745147825946,0.3726968145439651,0.0,0.0,-0.008717351203450519
2019-10-01,42.55,59512.91666666666,0.0,0,0.0,16.760000228881836,0.9252304733895138,-0.039727771249510324,0.0,0.0,0.0,0.0,0.0,0.5183952228089549,0.030574283372392097,1.0855201985123464,0.022574792740204908,0.3726968145439651,0.0,0.0
2019-10-02,40.85958333333333,58046.625,0.0,0,0.0,16.0049991607666,-0.039727771249510324,-0.019395694604488867,0.0,0.0,0.0,0.0,0.0,0.5134213933837151,-0.024638208792208793,0.7727315989058575,-0.04504779581173102,0.022574792740204908,0.3726968145439651,0.0
2019-10-03,40.067083333333336,46515.41666666666,0.0,0,0.0,16.010000228881836,-0.019395694604488867,0.09028608271544591,0.0,0.0,0.0,0.0,0.0,0.4992875389356984,-0.19865424274595367,-1.2974083689122158,0.0003124691269895674,-0.04504779581173102,0.022574792740204908,0.3726968145439651
2019-10-04,43.684583333333336,51449.25,0.0,0,0.0,15.770000457763672,0.09028608271544591,-0.15543240845836148,0.0,0.0,0.0,0.0,0.0,0.4992857073546001,0.10606877648091606,-0.3705558086834604,-0.014990616345227026,0.0003124691269895674,-0.04504779581173102,0.022574792740204908
2019-10-05,36.89458333333334,47144.29166666666,0.0,0,0.0,15.770000457763672,-0.15543240845836148,-0.13279953019300494,0.0,0.0,0.0,0.0,0.0,0.5043344236503251,-0.08367387927585612,-1.0813037394053768,0.0,-0.014990616345227026,0.0003124691269895674,-0.04504779581173102
2019-10-06,31.995,45950.583333333336,0.0,0,0.0,15.770000457763672,-0.13279953019300494,0.3947491795593061,0.0,0.0,0.0,0.0,0.0,0.5052584802216783,-0.025320315379291913,-1.2106414970601718,0.0,0.0,-0.014990616345227026,0.0003124691269895674
2019-10-07,44.625,57408.16666666666,0.0,0,0.0,15.505000114440918,0.3947491795593061,-0.2187581699346406,0.0,0.0,0.0,0.0,0.0,0.512287673842115,0.2493457645622923,0.7470175825312786,-0.01680407962146202,0.0,0.0,-0.014990616345227026
2019-10-08,34.86291666666666,59519.333333333336,0.0,0,0.0,15.640000343322754,-0.2187581699346406,0.009525403066773519,0.0,0.0,0.0,0.0,0.0,0.4981032060196421,0.036774674915589944,1.068166358931209,0.008706883449558944,-0.01680407962146202,0.0,0.0
2019-10-09,35.195,59391.625,0.0,0,0.0,15.574999809265137,0.009525403066773519,-0.13447696168963386,0.0,0.0,0.0,0.0,0.0,0.4430116253850675,-0.002145661353733841,1.0000007994622573,-0.0041560442858536994,0.008706883449558944,-0.01680407962146202,0.0
2019-10-10,30.462083333333336,59717.083333333336,0.0,0,0.0,15.850000381469728,-0.13447696168963386,-0.14735531877060293,0.0,0.0,0.0,0.0,0.0,0.3461027995560147,0.005479869145411209,1.0213729644472367,0.017656537757451574,-0.0041560442858536994,0.008706883449558944,-0.01680407962146202
2019-10-11,25.973333333333333,59323.333333333336,0.0,0,0.0,16.135000228881836,-0.14735531877060293,-0.24035870123203285,0.0,0.0,0.0,0.0,0.0,0.17732059267648964,-0.006593590611285172,0.9260542762986244,0.01798106249544973,0.017656537757451574,-0.0041560442858536994,0.008706883449558944
2019-10-12,19.730416666666667,49593.16666666666,0.0,0,0.0,16.135000228881836,-0.24035870123203285,0.12231537600574405,0.0,0.0,0.0,0.0,0.0,0.18884798880538853,-0.16401921672191966,-0.7505264147339666,0.0,0.01798106249544973,0.017656537757451574,-0.0041560442858536994
2019-10-13,22.14375,45730.208333333336,0.0,0,0.0,16.135000228881836,0.12231537600574405,0.6059836296923511,0.0,0.0,0.0,0.0,0.0,0.196991473265709,-0.07789295568273835,-1.3312294481718632,0.0,0.0,0.01798106249544973,0.017656537757451574
2019-10-14,35.5625,57296.5,0.0,0,0.0,16.040000915527344,0.6059836296923511,0.2268658465143527,0.0,0.0,0.0,0.0,0.0,0.2836754585495645,0.25292453474863885,0.6138798040591394,-0.005887778866246474,0.0,0.0,0.01798106249544973
2019-10-15,43.63041666666667,60028.25,0.0,0,0.0,16.065000534057617,0.2268658465143527,-0.09552777592085038,0.0,0.0,0.0,0.0,0.0,0.2846116693308616,0.047677432303892875,1.0395651816779805,0.0015585796199095725,-0.005887778866246474,0.0,0.0
2019-10-16,39.4625,60778.875,0.0,0,0.0,16.075000762939453,-0.09552777592085038,0.10903811635518945,0.0,0.0,0.0,0.0,0.0,0.282206511063597,0.01250452911754052,1.1191003051472421,0.0006224854372482991,0.0015585796199095725,-0.005887778866246474,0.0
2019-10-17,43.76541666666666,60145.54166666666,0.0,0,0.0,16.024999618530273,0.10903811635518945,-0.19217989851195283,0.0,0.0,0.0,0.0,0.0,0.25702295264275504,-0.010420287202310696,0.9755774682903278,-0.0031104909509215295,0.0006224854372482991,0.0015585796199095725,-0.005887778866246474
2019-10-18,35.35458333333333,59462.625,0.0,0,0.0,15.96500015258789,-0.19217989851195283,-0.06418309742961181,0.0,0.0,0.0,0.0,0.0,0.2543604994314734,-0.011354402134267194,0.8278779218799639,-0.003744116528589747,-0.0031104909509215295,0.0006224854372482991,0.0015585796199095725
2019-10-19,33.08541666666667,49906.083333333336,0.0,0,0.0,15.96500015258789,-0.06418309742961181,0.05271708330709646,0.0,0.0,0.0,0.0,0.0,0.2559661683309177,-0.16071509905031378,-0.7962513274245665,0.0,-0.003744116528589747,-0.0031104909509215295,0.0006224854372482991
2019-10-20,34.82958333333333,45345.25,0.0,0,0.0,15.96500015258789,0.05271708330709646,0.2553265303681018,0.0,0.0,0.0,0.0,0.0,0.25027564331117896,-0.09138832440266975,-1.467706033294113,0.0,0.0,-0.003744116528589747,-0.0031104909509215295
2019-10-21,43.7225,58219.625,0.0,0,0.0,15.609999656677246,0.2553265303681018,0.07103512684163404,0.0,0.0,0.0,0.0,0.0,0.2495810394705677,0.2839189330745777,0.6255114873673377,-0.022236172409500377,0.0,0.0,-0.003744116528589747
2019-10-22,46.82833333333334,59936.583333333336,0.0,0,0.0,15.595000267028809,0.07103512684163404,-0.07075488486315296,0.0,0.0,0.0,0.0,0.0,0.2235113898661991,0.029491057926486652,0.8662576661692464,-0.0009608834066835437,-0.022236172409500377,0.0,0.0
2019-10-23,43.51499999999999,60733.91666666666,0.0,0,0.0,15.414999961853027,-0.07075488486315296,-0.11267187559845238,0.0,0.0,0.0,0.0,0.0,0.2304769665889837,0.01330294936731713,0.9707860994494436,-0.011542180320210704,-0.0009608834066835437,-0.022236172409500377,0.0
2019-10-24,38.61208333333334,60477.75,0.0,0,0.0,15.654999732971191,-0.11267187559845238,-0.06476815331988062,0.0,0.0,0.0,0.0,0.0,0.14945290140128634,-0.004217851914155468,0.9042891804146317,0.015569235920342761,-0.011542180320210704,-0.0009608834066835437,-0.022236172409500377
2019-10-25,36.11125,58973.333333333336,0.0,0,0.0,15.234999656677246,-0.06476815331988062,-0.4404675366633205,0.0,0.0,0.0,0.0,0.0,0.13154069269528068,-0.02487553962683242,0.6379532421584332,-0.02682849463161463,0.015569235920342761,-0.011542180320210704,-0.0009608834066835437
2019-10-26,20.205416666666668,50748.5,0.0,0,0.0,15.234999656677246,-0.4404675366633205,0.02754624378776316,0.0,0.0,0.0,0.0,0.0,0.18885321617568862,-0.13946699073027358,-0.735107851451283,0.0,-0.02682849463161463,0.015569235920342761,-0.011542180320210704
2019-10-27,20.762,45983.56,0.0,0,0.0,15.234999656677246,0.02754624378776316,1.0443398195421119,0.0,0.0,0.0,0.0,0.0,0.18310542204116295,-0.09389321851877397,-1.4376403843151841,0.0,0.0,-0.02682849463161463,0.015569235920342761
2019-10-28,42.44458333333333,59376.75,0.0,0,0.0,14.390000343322754,1.0443398195421119,0.13357613358595044,0.0,0.0,0.0,0.0,0.0,0.3852432653846567,0.29126039828147277,0.7379541700870418,-0.05546434738409356,0.0,0.0,-0.02682849463161463
2019-10-29,48.11416666666667,60937.0,0.0,0,0.0,13.835000038146973,0.13357613358595044,-0.0019138507369624858,0.0,0.0,0.0,0.0,0.0,0.3826677843185445,0.02627712025329787,0.9447371990125538,-0.03856847060002422,-0.05546434738409356,0.0,0.0
2019-10-30,48.022083333333335,60885.333333333336,0.0,0,0.0,13.779999732971191,-0.0019138507369624858,-0.1121879690767269,0.0,0.0,0.0,0.0,0.0,0.3836413765428137,-0.00084787020474697,0.9064236237659562,-0.003975446694913676,-0.03856847060002422,-0.05546434738409356,0.0
2019-10-31,42.63458333333333,57108.91666666666,0.0,0,0.0,16.135000228881836,-0.1121879690767269,-0.24320045346598518,0.0,0.0,0.0,0.0,0.0,0.38302136572148704,-0.06202506350735826,0.2721949821193732,0.17089989416152673,-0.003975446694913676,-0.03856847060002422,-0.05546434738409356
2019-11-01,32.26583333333333,51595.958333333336,0.0,0,0.0,16.174999237060547,-0.24320045346598518,-0.14846716082543465,0.0,0.0,0.0,0.0,0.0,0.39360825518038645,-0.09653410807127294,-0.6430497508683529,0.0024790212340444207,0.17089989416152673,-0.003975446694913676,-0.03856847060002422
2019-11-02,27.475416666666664,49519.29166666666,0.0,0,0.0,16.174999237060547,-0.14846716082543465,-0.028646820642695636,0.0,0.0,0.0,0.0,0.0,0.3962684883277111,-0.04024863058556771,-1.042573821865801,0.0,0.0024790212340444207,0.17089989416152673,-0.003975446694913676
2019-11-03,26.688333333333333,45855.708333333336,0.0,0,0.0,16.174999237060547,-0.028646820642695636,0.4501342659089491,0.0,0.0,0.0,0.0,0.0,0.3943072265564063,-0.07398295108892727,-1.59385172300042,0.0,0.0,0.0024790212340444207,0.17089989416152673
2019-11-04,38.70166666666667,58652.75,0.0,0,0.0,16.479999542236328,0.4501342659089491,0.10336548813573909,0.0,0.0,0.0,0.0,0.0,0.4155507688949981,0.27907194396917134,0.5308918969645361,0.018856279416505695,0.0,0.0,0.0024790212340444207
2019-11-05,42.70208333333333,60760.875,0.0,0,0.0,16.790000915527344,0.10336548813573909,0.21284090354686058,0.0,0.0,0.0,0.0,0.0,0.37523333554489174,0.03594247499051617,0.8474993266975211,0.018810763464921054,0.018856279416505695,0.0,0.0
2019-11-06,51.79083333333333,61876.41666666666,0.0,0,0.0,16.280000686645508,0.21284090354686058,-0.17520796794799587,0.0,0.0,0.0,0.0,0.0,0.3746004082710852,0.018359539204573005,1.006124279510591,-0.030375235322958716,0.018810763464921054,0.018856279416505695,0.0
2019-11-07,42.71666666666667,62526.54166666666,0.0,0,0.0,16.1200008392334,-0.17520796794799587,0.10314085056574318,0.0,0.0,0.0,0.0,0.0,0.21032388330955995,0.01050683014664977,1.087743553093635,-0.009828000040771334,-0.030375235322958716,0.018810763464921054,0.018856279416505695
2019-11-08,47.1225,61457.458333333336,0.0,0,0.0,15.9399995803833,0.10314085056574318,-0.11523157727200384,0.0,0.0,0.0,0.0,0.0,0.20869604840953593,-0.01709807235194105,0.8791019365300174,-0.01116633061283745,-0.009828000040771334,-0.030375235322958716,0.018810763464921054
2019-11-09,41.6925,52416.833333333336,0.0,0,0.0,15.9399995803833,-0.11523157727200384,-0.01726929303831637,0.0,0.0,0.0,0.0,0.0,0.2128118264489268,-0.14710378927428802,-0.6585025802680059,0.0,-0.01116633061283745,-0.009828000040771334,-0.030375235322958716
2019-11-10,40.9725,49245.25,0.0,0,0.0,15.9399995803833,-0.01726929303831637,0.0032643846482398597,0.0,0.0,0.0,0.0,0.0,0.2091059006542447,-0.060506961822061056,-1.1329434591137153,0.0,0.0,-0.01116633061283745,-0.009828000040771334
2019-11-11,41.10625,62277.66666666666,0.0,0,0.0,15.845000267028809,0.0032643846482398597,0.02661801226496352,0.0,0.0,0.0,0.0,0.0,0.1889574634667526,0.26464312124858047,1.030927921365142,-0.005959806515390631,0.0,0.0,-0.01116633061283745
2019-11-12,42.20041666666666,63254.583333333336,0.0,0,0.0,15.545000076293944,0.02661801226496352,0.11561892161412324,0.0,0.0,0.0,0.0,0.0,0.17743885653270455,0.015686468664529496,1.1414190205868107,-0.018933429200321483,-0.005959806515390631,0.0,0.0
2019-11-13,47.07958333333334,62740.625,0.0,0,0.0,15.449999809265137,0.11561892161412324,-0.037303856059332285,0.0,0.0,0.0,0.0,0.0,0.1756202354912505,-0.008125234666789716,0.9991284281828973,-0.006111306951595452,-0.018933429200321483,-0.005959806515390631,0.0
2019-11-14,45.32333333333333,62400.79166666666,0.0,0,0.0,15.670000076293944,-0.037303856059332285,-0.16378612929322645,0.0,0.0,0.0,0.0,0.0,0.11621043795624303,-0.005416479885773207,0.9162210897047003,0.014239499659856047,-0.006111306951595452,-0.018933429200321483,-0.005959806515390631
2019-11-15,37.9,61408.208333333336,0.0,0,0.0,15.71500015258789,-0.16378612929322645,0.005233069481090702,0.0,0.0,0.0,0.0,0.0,0.12573966394910027,-0.01590658238176712,0.7384577560340028,0.0028717342740811613,0.014239499659856047,-0.006111306951595452,-0.018933429200321483
2019-11-16,38.098333333333336,52639.833333333336,0.0,0,0.0,15.71500015258789,0.005233069481090702,-0.033597270221794484,0.0,0.0,0.0,0.0,0.0,0.1004133552494337,-0.14278832159381516,-0.7321176387511347,0.0,0.0028717342740811613,0.014239499659856047,-0.006111306951595452
2019-11-17,36.818333333333335,49130.333333333336,0.0,0,0.0,15.71500015258789,-0.033597270221794484,0.12339866914127917,0.0,0.0,0.0,0.0,0.0,0.0858882634096081,-0.06667004391477938,-1.2457330485465765,0.0,0.0,0.0028717342740811613,0.014239499659856047
2019-11-18,41.361666666666665,61377.208333333336,0.0,0,0.0,15.229999542236328,0.12339866914127917,0.12393722045372146,0.0,0.0,0.0,0.0,0.0,0.08906826163455593,0.2492731917145552,0.7565516684477074,-0.030862272073964636,0.0,0.0,0.0028717342740811613
2019-11-19,46.48791666666667,63864.0,0.0,0,0.0,15.289999961853027,0.12393722045372146,0.14553064864525722,0.0,0.0,0.0,0.0,0.0,0.08957400273292683,0.04051653267058275,1.13089947170444,0.003939620579127778,-0.030862272073964636,0.0,0.0
2019-11-20,53.25333333333333,63235.04166666666,0.0,0,0.0,15.59000015258789,0.14553064864525722,-0.059472020530796144,0.0,0.0,0.0,0.0,0.0,0.0975731153149961,-0.009848401812184382,0.971851214301259,0.019620679626117354,0.003939620579127778,-0.030862272073964636,0.0
2019-11-21,50.08625,63595.583333333336,0.0,0,0.0,15.625,-0.059472020530796144,-0.1299009209114277,0.0,0.0,0.0,0.0,0.0,0.10148525973844677,0.005701611909536108,0.9983839491661102,0.002245019055134412,0.019620679626117354,0.003939620579127778,-0.030862272073964636
2019-11-22,43.580000000000005,62941.208333333336,0.0,0,0.0,16.049999237060547,-0.1299009209114277,-0.2983306562643415,0.0,0.0,0.0,0.0,0.0,0.11260329338166311,-0.010289629651954346,0.8644137541431924,0.027199951171875014,0.002245019055134412,0.019620679626117354,0.003939620579127778
2019-11-23,30.57875,53671.79166666666,0.0,0,0.0,16.049999237060547,-0.2983306562643415,0.09455095450271833,0.0,0.0,0.0,0.0,0.0,0.1414356316162679,-0.14727103136591113,-0.6854014404169856,0.0,0.027199951171875014,0.002245019055134412,0.019620679626117354
2019-11-24,33.47,49426.583333333336,0.0,0,0.0,16.049999237060547,0.09455095450271833,0.5273254655910766,0.0,0.0,0.0,0.0,0.0,0.14696860941481352,-0.07909570747513994,-1.315216120390975,0.0,0.0,0.027199951171875014,0.002245019055134412
2019-11-25,51.11958333333333,61768.125,0.0,0,0.0,16.235000610351562,0.5273254655910766,-0.0734552153039848,0.0,0.0,0.0,0.0,0.0,0.21717368536484813,0.24969441208256682,0.6781526680296177,0.011526565861999183,0.0,0.0,0.027199951171875014
2019-11-26,47.364583333333336,63462.875,0.0,0,0.0,15.850000381469728,-0.0734552153039848,-0.16605234220365095,0.0,0.0,0.0,0.0,0.0,0.22037260470917389,0.027437290673790082,0.9180046319514913,-0.023714210927491708,0.011526565861999183,0.0,0.0
2019-11-27,39.49958333333333,64559.79166666666,0.0,0,0.0,15.979999542236328,-0.16605234220365095,-0.22817751242101703,0.0,0.0,0.0,0.0,0.0,0.2292240077805863,0.01728438345515637,1.0614603393396436,0.008201839598602323,-0.023714210927491708,0.011526565861999183,0.0
2019-11-28,30.486666666666665,63975.75,0.0,0,0.0,15.979999542236328,-0.22817751242101703,0.31471408265908596,0.0,0.0,0.0,0.0,0.0,0.2398119269703934,-0.009046523410146112,0.9300874757449807,0.0,0.008201839598602323,-0.023714210927491708,0.011526565861999183
2019-11-29,40.08125,62089.75,0.0,0,0.0,16.329999923706055,0.31471408265908596,0.04817298196371955,0.0,0.0,0.0,0.0,0.0,0.25821533177270045,-0.029479920125985215,0.5954760143354187,0.02190240247158015,0.0,0.008201839598602323,-0.023714210927491708
2019-11-30,42.01208333333333,52312.375,0.0,0,0.0,16.329999923706055,0.04817298196371955,0.010373999543781931,0.0,0.0,0.0,0.0,0.0,0.25445752948724176,-0.15747164387036505,-1.0394778307483212,0.0,0.02190240247158015,0.0,0.008201839598602323
2019-12-01,42.44791666666666,50708.333333333336,0.0,0,0.0,16.329999923706055,0.010373999543781931,0.08794110429447866,0.0,0.0,0.0,0.0,0.0,0.2535109504517479,-0.030662757457803558,-1.29711167789906,0.0,0.0,0.02190240247158015,0.0
2019-12-02,46.18083333333333,60536.04166666666,0.0,0,0.0,15.8100004196167,0.08794110429447866,0.11205947633397684,0.0,0.0,0.0,0.0,0.0,0.24948863214920147,0.19380854560394378,0.302220097842232,-0.0318432030936191,0.0,0.0,0.02190240247158015
2019-12-03,51.35583333333333,64340.25,0.0,0,0.0,15.770000457763672,0.11205947633397684,-0.066448147727457,0.0,0.0,0.0,0.0,0.0,0.22133218970475255,0.06284203969398416,0.935121472496803,-0.0025300417957861976,-0.0318432030936191,0.0,0.0
2019-12-04,47.943333333333335,64514.458333333336,0.0,0,0.0,15.880000114440918,-0.066448147727457,-0.12779844260585427,0.0,0.0,0.0,0.0,0.0,0.2253882334164506,0.0027076104512080423,0.91736202260127,0.0069752475259499125,-0.0025300417957861976,-0.0318432030936191,0.0
2019-12-05,41.81625,66134.41666666667,0.0,0,0.0,15.414999961853027,-0.12779844260585427,-0.25627995496168754,0.0,0.0,0.0,0.0,0.0,0.15873099579321054,0.02511000441115585,1.1593952088361676,-0.029282125266802073,0.0069752475259499125,-0.0025300417957861976,-0.0318432030936191
2019-12-06,31.09958333333333,65464.66666666666,0.0,0,0.0,15.140000343322754,-0.25627995496168754,-0.19894425166467922,0.0,0.0,0.0,0.0,0.0,0.17652787153170266,-0.010127102252609488,0.9993434330488453,-0.017839741758728822,-0.029282125266802073,0.0069752475259499125,-0.0025300417957861976
2019-12-07,24.9125,54932.583333333336,0.0,0,0.0,15.140000343322754,-0.19894425166467922,-1.6576350560294362,0.0,0.0,0.0,0.0,0.0,0.17968183480034944,-0.1608819515871155,-0.8443420072558708,0.0,-0.017839741758728822,-0.029282125266802073,0.0069752475259499125
2019-12-08,-16.383333333333333,51416.66666666666,0.0,0,0.0,15.140000343322754,-1.6576350560294362,-2.42616988809766,0.0,0.0,0.0,0.0,0.0,0.5472052842446071,-0.06400421122254418,-1.3668320565823227,0.0,0.0,-0.017839741758728822,-0.029282125266802073
2019-12-09,23.365416666666665,63226.66666666666,0.0,0,0.0,14.890000343322754,-2.42616988809766,0.7193680118408616,0.0,0.0,0.0,0.0,0.0,0.8679772351286391,0.2296920583468396,0.623104946365183,-0.016512549163201218,0.0,0.0,-0.017839741758728822
2019-12-10,40.17375,64718.375,0.0,0,0.0,14.529999732971191,0.7193680118408616,-0.05113206177333873,0.0,0.0,0.0,0.0,0.0,0.9340034982400601,0.023593025094896802,0.8370923972814845,-0.02417734063471666,-0.016512549163201218,0.0,0.0
2019-12-11,38.11958333333333,65977.45833333333,0.0,0,0.0,14.045000076293944,-0.05113206177333873,0.1704613770262442,0.0,0.0,0.0,0.0,0.0,0.9313433137273093,0.019454804502327727,1.0303902531593576,-0.033379192401270075,-0.02417734063471666,-0.016512549163201218,0.0
2019-12-12,44.6175,65702.375,0.0,0,0.0,14.770000457763672,0.1704613770262442,-0.1812069255337032,0.0,0.0,0.0,0.0,0.0,0.9363661803817961,-0.004169353295538358,0.954393491100342,0.05161982040095747,-0.033379192401270075,-0.02417734063471666,-0.016512549163201218
2019-12-13,36.5325,63762.333333333336,0.0,0,0.0,13.80500030517578,-0.1812069255337032,-0.3641506421223112,0.0,0.0,0.0,0.0,0.0,0.9238118841382225,-0.02952772508857804,0.5965321508441159,-0.06533514710086907,0.05161982040095747,-0.033379192401270075,-0.02417734063471666
2019-12-14,23.229166666666668,54789.5,0.0,0,0.0,13.80500030517578,-0.3641506421223112,-0.4540807174887892,0.0,0.0,0.0,0.0,0.0,0.9163641282166826,-0.1407231019358347,-0.9566239362439433,0.0,-0.06533514710086907,0.05161982040095747,-0.033379192401270075
2019-12-15,12.68125,50598.583333333336,0.0,0,0.0,13.80500030517578,-0.4540807174887892,2.2203712830622635,0.0,0.0,0.0,0.0,0.0,0.9099036256163681,-0.07649123767631871,-1.5636019903301075,0.0,0.0,-0.06533514710086907,0.05161982040095747
2019-12-16,40.83833333333333,61193.708333333336,0.0,0,0.0,13.890000343322754,2.2203712830622635,-0.10094682283801992,0.0,0.0,0.0,0.0,0.0,1.2485657926294595,0.2093956846617906,0.18777811104093697,0.006157192051281957,0.0,0.0,-0.06533514710086907
2019-12-17,36.71583333333333,61568.833333333336,0.0,0,0.0,14.460000038146973,-0.10094682283801992,0.09500896525114055,0.0,0.0,0.0,0.0,0.0,1.2491540217081758,0.006130123671483023,0.19384937222814114,0.04103669407742183,0.006157192051281957,0.0,0.0
2019-12-18,40.204166666666666,60781.16666666666,0.0,0,0.0,14.949999809265137,0.09500896525114055,-0.1382630324385946,0.0,0.0,0.0,0.0,0.0,1.1422436413315802,-0.012793269321870304,0.05075538575021046,0.03388656776109911,0.04103669407742183,0.006157192051281957,0.0
2019-12-19,34.64541666666667,60047.625,0.0,0,0.0,15.005000114440918,-0.1382630324385946,-0.15122250417924454,0.0,0.0,0.0,0.0,0.0,0.783318305993399,-0.012068568388782563,-0.06274211305820138,0.003678950225918687,0.03388656776109911,0.04103669407742183,0.006157192051281957
2019-12-20,29.40625,56562.208333333336,0.0,0,0.0,14.234999656677246,-0.15122250417924454,-0.04416578108395319,0.0,0.0,0.0,0.0,0.0,0.7663321140509465,-0.05804420518990827,-0.6734129800288501,-0.0513162580400528,0.003678950225918687,0.03388656776109911,0.04103669407742183
2019-12-21,28.1075,50260.875,0.0,0,0.0,14.234999656677246,-0.04416578108395319,-0.05806575943550074,0.0,0.0,0.0,0.0,0.0,0.7661780855190038,-0.11140536267958656,-1.689822560622288,0.0,-0.0513162580400528,0.003678950225918687,0.03388656776109911
2019-12-22,26.475416666666664,47572.875,0.0,0,0.0,14.234999656677246,-0.05806575943550074,-0.07475488267417885,0.0,0.0,0.0,0.0,0.0,0.7674217311372931,-0.053480963075155374,-1.944954434004017,0.0,0.0,-0.0513162580400528,0.003678950225918687
2019-12-23,24.49625,50703.41666666666,0.0,0,0.0,13.024999618530272,-0.07475488267417885,-0.16250786685036822,0.0,0.0,0.0,0.0,0.0,0.7640910528451089,0.06580518134896529,-1.3776500423325349,-0.08500176096452494,0.0,0.0,-0.0513162580400528
2019-12-24,20.515416666666667,46365.91666666666,0.0,0,0.0,12.604999542236328,-0.16250786685036822,0.32820846111664004,0.0,0.0,0.0,0.0,0.0,0.7532712878079095,-0.08554650327640645,-2.0096107085398685,-0.03224568818385398,-0.08500176096452494,0.0,0.0
2019-12-25,27.24875,43508.333333333336,0.0,0,0.0,12.604999542236328,0.32820846111664004,0.2340933070324327,0.0,0.0,0.0,0.0,0.0,0.7280171247202595,-0.06163111912306252,-2.167356172465624,0.0,-0.03224568818385398,-0.08500176096452494,0.0
2019-12-26,33.627500000000005,43392.04166666666,0.0,0,0.0,12.604999542236328,0.2340933070324327,0.12457562015215706,0.0,0.0,0.0,0.0,0.0,0.17013536687588346,-0.002672859605439837,-1.9580493090771882,0.0,0.0,-0.03224568818385398,-0.08500176096452494
2019-12-27,37.81666666666667,48734.375,0.0,0,0.0,12.765000343322754,0.12457562015215706,-0.09319083296606456,0.0,0.0,0.0,0.0,0.0,0.1712803024880737,0.12311781442257574,-1.1466415360891782,0.012693439658629124,0.0,0.0,-0.03224568818385398
2019-12-28,34.2925,47569.083333333336,0.0,0,0.0,12.765000343322754,-0.09319083296606456,-0.12032514398192007,0.0,0.0,0.0,0.0,0.0,0.17188619786583245,-0.023911082611948187,-1.2159905018136232,0.0,0.012693439658629124,0.0,0.0
2019-12-29,30.16625,45257.625,0.0,0,0.0,12.765000343322754,-0.12032514398192007,-0.1524606693462618,0.0,0.0,0.0,0.0,0.0,0.17041116938313255,-0.04859160974652654,-1.4113375400728645,0.0,0.0,0.012693439658629124,0.0
2019-12-30,25.567083333333333,49960.54166666666,0.0,0,0.0,12.295000076293944,-0.1524606693462618,0.28035723016248104,0.0,0.0,0.0,0.0,0.0,0.17053225785124929,0.10391434960775459,-0.7830168782871058,-0.03681944805231929,0.0,0.0,0.012693439658629124
2019-12-31,32.735,46942.333333333336,0.0,0,0.0,12.050000190734863,0.28035723016248104,0.06809734738557083,0.0,0.0,0.0,0.0,0.0,0.19121137441560102,-0.060411841678390976,-1.1399023094481386,-0.019926790080421863,-0.03681944805231929,0.0,0.0
2020-01-01,34.964166666666664,43988.375,0.0,0,0.0,12.050000190734863,0.06809734738557083,0.11168577353004272,0.0,0.0,0.0,0.0,0.0,0.1888593269528241,-0.06292738608363457,-1.4032564458364922,0.0,-0.019926790080421863,-0.03681944805231929,0.0
2020-01-02,38.869166666666665,53865.208333333336,0.0,0,0.0,12.074999809265137,0.11168577353004272,-0.32822717235169263,0.0,0.0,0.0,0.0,0.0,0.18508499297798922,0.22453280743681336,-0.14147621936006868,0.0020746571066028174,0.0,-0.019926790080421863,-0.03681944805231929
2020-01-03,26.11125,55654.625,0.0,0,0.0,12.984999656677246,-0.32822717235169263,-0.22167967191663862,0.0,0.0,0.0,0.0,0.0,0.21275615986051288,0.03322026818485946,0.12546784815119472,0.07536230739431304,0.0020746571066028174,0.0,-0.019926790080421863
2020-01-04,20.322916666666668,52640.16666666666,0.0,0,0.0,12.984999656677246,-0.22167967191663862,0.7493798052280882,0.0,0.0,0.0,0.0,0.0,0.20231148685778597,-0.05416366264858208,-0.21608675025333113,0.0,0.07536230739431304,0.0020746571066028174,0.0
2020-01-05,35.5525,47989.04166666666,0.0,0,0.0,12.984999656677246,0.7493798052280882,0.07261561540444883,0.0,0.0,0.0,0.0,0.0,0.3088674732307854,-0.0883569580896717,-0.7906860843069891,0.0,0.0,0.07536230739431304,0.0020746571066028174
2020-01-06,38.134166666666665,56630.875,0.0,0,0.0,12.279999732971191,0.07261561540444883,0.06266252922794524,0.0,0.0,0.0,0.0,0.0,0.30775568681573123,0.18007930629996283,0.4061823193856371,-0.05429341103936991,0.0,0.0,0.07536230739431304
2020-01-07,40.52375,62598.0,0.0,0,0.0,11.93000030517578,0.06266252922794524,-0.17131928807180963,0.0,0.0,0.0,0.0,0.0,0.3043789248783293,0.10536875864976492,1.1582850207143869,-0.028501582687797677,-0.05429341103936991,0.0,0.0
2020-01-08,33.581250000000004,63837.25,0.0,0,0.0,11.96500015258789,-0.17131928807180963,0.07942180035982371,0.0,0.0,0.0,0.0,0.0,0.3079963479563697,0.019796958369276973,1.3192932090911886,0.0029337675202678604,-0.028501582687797677,-0.05429341103936991,0.0
2020-01-09,36.248333333333335,63063.41666666666,0.0,0,0.0,12.18000030517578,0.07942180035982371,-0.039967354820911405,0.0,0.0,0.0,0.0,0.0,0.2999247817367679,-0.012121971628372807,1.2346366768264292,0.017969088996742544,0.0029337675202678604,-0.028501582687797677,-0.05429341103936991
2020-01-10,34.79958333333333,61985.083333333336,0.0,0,0.0,11.9399995803833,-0.039967354820911405,-0.08459153007100173,0.0,0.0,0.0,0.0,0.0,0.29199839260243093,-0.017099189836685347,1.1348472794162592,-0.019704492510603022,0.017969088996742544,0.0029337675202678604,-0.028501582687797677
2020-01-11,31.855833333333333,53821.16666666666,0.0,0,0.0,11.9399995803833,-0.08459153007100173,-0.2893766186203469,0.0,0.0,0.0,0.0,0.0,0.2942486688699734,-0.13170776302363085,0.04438568356805002,0.0,-0.019704492510603022,0.017969088996742544,0.0029337675202678604
2020-01-12,22.6375,51498.625,0.0,0,0.0,11.9399995803833,-0.2893766186203469,0.6644947542794037,0.0,0.0,0.0,0.0,0.0,0.30783614504393586,-0.04315294168651107,-0.24924106189426762,0.0,0.0,-0.019704492510603022,0.017969088996742544
2020-01-13,37.68,62783.66666666666,0.0,0,0.0,12.05500030517578,0.6644947542794037,-0.38016410120311395,0.0,0.0,0.0,0.0,0.0,0.35309830186449637,0.2191328732886879,1.4020564749991298,0.0096315518286465,0.0,0.0,-0.019704492510603022
2020-01-14,23.355416666666667,65458.66666666666,0.0,0,0.0,11.30500030517578,-0.38016410120311395,0.0687028348170482,0.0,0.0,0.0,0.0,0.0,0.3713369633397564,0.042606622741583555,1.6464410292748357,-0.06221484703554836,0.0096315518286465,0.0,0.0
2020-01-15,24.96,64174.375,0.0,0,0.0,11.18000030517578,0.0687028348170482,0.5292467948717949,0.0,0.0,0.0,0.0,0.0,0.28443259049929387,-0.019619887358943933,1.4241152576265992,-0.011057054102225128,-0.06221484703554836,0.0096315518286465,0.0
2020-01-16,38.17,62695.66666666666,0.0,0,0.0,11.114999771118164,0.5292467948717949,-0.03340319622740373,0.0,0.0,0.0,0.0,0.0,0.3306046960505777,-0.023042037157874007,1.2050198932197735,-0.005814001098687238,-0.011057054102225128,-0.06221484703554836,0.0096315518286465
2020-01-17,36.895,62958.54166666666,0.0,0,0.0,10.93000030517578,-0.03340319622740373,-0.1367958621312736,0.0,0.0,0.0,0.0,0.0,0.3313940562636431,0.004192873510662665,1.2177321012498887,-0.016644126833281425,-0.005814001098687238,-0.011057054102225128,-0.06221484703554836
2020-01-18,31.847916666666663,54261.833333333336,0.0,0,0.0,10.93000030517578,-0.1367958621312736,0.06419833845751288,0.0,0.0,0.0,0.0,0.0,0.3291864037956132,-0.1381338910195531,0.05148131643054264,0.0,-0.016644126833281425,-0.005814001098687238,-0.011057054102225128
2020-01-19,33.8925,50225.16666666666,0.0,0,0.0,10.93000030517578,0.06419833845751288,0.3139706424725235,0.0,0.0,0.0,0.0,0.0,0.3290074639239713,-0.07439237524226694,-0.4789987643679968,0.0,0.0,-0.016644126833281425,-0.005814001098687238
2020-01-20,44.53375,62278.583333333336,0.0,0,0.0,10.93000030517578,0.3139706424725235,-0.06593314059561572,0.0,0.0,0.0,0.0,0.0,0.33879143043240995,0.2399875892231984,1.1156243959978849,0.0,0.0,0.0,-0.016644126833281425
2020-01-21,41.5975,64802.0,0.0,0,0.0,10.774999618530272,-0.06593314059561572,0.10348177975439254,0.0,0.0,0.0,0.0,0.0,0.33788564873864085,0.040518209175706366,1.354022910020917,-0.014181215216628074,0.0,0.0,0.0
2020-01-22,45.90208333333334,64904.91666666666,0.0,0,0.0,10.454999923706056,0.10348177975439254,0.12277038986974076,0.0,0.0,0.0,0.0,0.0,0.3129236290425934,0.0015881711469809545,1.272666577720633,-0.029698348598908186,-0.014181215216628074,0.0,0.0
2020-01-23,51.5375,64534.54166666666,0.0,0,0.0,10.43000030517578,0.12277038986974076,-0.025094995553399668,0.0,0.0,0.0,0.0,0.0,0.2466790002381246,-0.005706424397740828,1.1453844152316355,-0.002391163913219363,-0.029698348598908186,-0.014181215216628074,0.0
2020-01-24,50.244166666666665,63734.41666666666,0.0,0,0.0,10.454999923706056,-0.025094995553399668,-0.19692169903637236,0.0,0.0,0.0,0.0,0.0,0.19707104813246876,-0.01239839904857154,0.9823565427894554,0.0023968952827231327,-0.002391163913219363,-0.029698348598908186,-0.014181215216628074
2020-01-25,40.35,55380.5,0.0,0,0.0,10.454999923706056,-0.19692169903637236,-0.16010945890128048,0.0,0.0,0.0,0.0,0.0,0.21769846222579226,-0.1310738703447769,-0.20253367994758495,0.0,0.0023968952827231327,-0.002391163913219363,-0.029698348598908186
2020-01-26,33.889583333333334,50548.04166666666,0.0,0,0.0,10.454999923706056,-0.16010945890128048,0.10619044691707136,0.0,0.0,0.0,0.0,0.0,0.15552059712705016,-0.08725920375101959,-0.9051667476562185,0.0,0.0,0.0023968952827231327,-0.002391163913219363
2020-01-27,37.48833333333334,63497.04166666666,0.0,0,0.0,10.524999618530272,0.10619044691707136,-0.15680433912772873,0.0,0.0,0.0,0.0,0.0,0.15856236811459595,0.256172139870239,0.8895582276773218,0.006695331930657966,0.0,0.0,0.0023968952827231327
2020-01-28,31.61,65413.875,0.0,0,0.0,10.789999961853027,-0.15680433912772873,0.051065063798376054,0.0,0.0,0.0,0.0,0.0,0.16076757521660673,0.03018775809109231,1.1113295333784605,0.02517818080070966,0.006695331930657966,0.0,0.0
2020-01-29,33.22416666666667,65819.58333333333,0.0,0,0.0,10.149999618530272,0.051065063798376054,-0.01215229877849966,0.0,0.0,0.0,0.0,0.0,0.16033390449336635,0.0062021755068528694,1.0988695254735226,-0.059314211824412766,0.02517818080070966,0.006695331930657966,0.0
2020-01-30,32.82041666666667,65488.5,0.0,0,0.0,9.779999732971191,-0.01215229877849966,-0.3149589305437419,0.0,0.0,0.0,0.0,0.0,0.11941426497500786,-0.005030164528034287,0.9949095187312245,-0.03645319206550435,-0.059314211824412766,0.02517818080070966,0.006695331930657966
2020-01-31,22.48333333333333,63083.91666666666,0.0,0,0.0,9.755000114440918,-0.3149589305437419,-0.6959970348406226,0.0,0.0,0.0,0.0,0.0,0.15105501177633743,-0.03671764253774845,0.5725017602055468,-0.002556198283522715,-0.03645319206550435,-0.059314211824412766,0.02517818080070966
2020-02-01,6.835,53088.75,0.0,0,0.0,9.755000114440918,-0.6959970348406226,1.4854303828334552,0.0,0.0,0.0,0.0,0.0,0.24449270763850509,-0.1584423922103757,-1.188338085787847,0.0,-0.002556198283522715,-0.03645319206550435,-0.059314211824412766
2020-02-02,16.987916666666667,49549.54166666666,0.0,0,0.0,9.755000114440918,1.4854303828334552,0.6280934978293393,0.0,0.0,0.0,0.0,0.0,0.5669730848687294,-0.06666588181739719,-1.699035241888909,0.0,0.0,-0.002556198283522715,-0.03645319206550435
2020-02-03,27.657916666666665,62857.54166666666,0.0,0,0.0,9.210000038146973,0.6280934978293393,0.007863932870335377,0.0,0.0,0.0,0.0,0.0,0.5994253652701109,0.2685796790922217,0.4980227994984239,-0.05586879240392306,0.0,0.0,-0.002556198283522715
2020-02-04,27.875416666666663,64980.625,0.0,0,0.0,9.364999771118164,0.007863932870335377,0.2986054020119282,0.0,0.0,0.0,0.0,0.0,0.5926242099997963,0.033776111458383884,0.8217033553878763,0.016829504053115896,-0.05586879240392306,0.0,0.0
2020-02-05,36.19916666666666,63839.625,0.0,0,0.0,9.3149995803833,0.2986054020119282,0.019901471028338724,0.0,0.0,0.0,0.0,0.0,0.5885204989429776,-0.017559080110417513,0.5685886385514014,-0.005339048794113621,0.016829504053115896,-0.05586879240392306,0.0
2020-02-06,36.919583333333335,63983.25,0.0,0,0.0,9.149999618530272,0.019901471028338724,-0.006308756644508917,0.0,0.0,0.0,0.0,0.0,0.5896983615456064,0.002249778252926715,0.5842638855126454,-0.017713362242174124,-0.005339048794113621,0.016829504053115896,-0.05586879240392306
2020-02-07,36.68666666666667,63084.66666666666,0.0,0,0.0,9.06999969482422,-0.006308756644508917,-0.23540568780665094,0.0,0.0,0.0,0.0,0.0,0.583421266256209,-0.01404404017197225,0.42400973453422064,-0.008743161425278978,-0.017713362242174124,-0.005339048794113621,0.016829504053115896
2020-02-08,28.050416666666667,53673.75,0.0,0,0.0,9.06999969482422,-0.23540568780665094,-0.9441630397647094,0.0,0.0,0.0,0.0,0.0,0.5955168494758423,-0.14917914548701727,-1.2289387443892874,0.0,-0.008743161425278978,-0.017713362242174124,-0.005339048794113621
2020-02-09,1.56625,49428.91666666666,0.0,0,0.0,9.06999969482422,-0.9441630397647094,4.03218941207768,0.0,0.0,0.0,0.0,0.0,0.6843675562335289,-0.07908583494414578,-1.80691878836775,0.0,0.0,-0.008743161425278978,-0.017713362242174124
2020-02-10,7.881666666666667,62532.375,0.0,0,0.0,8.645000457763672,4.03218941207768,0.4743074645802494,0.0,0.0,0.0,0.0,0.0,1.4249166982747243,0.26509701642257344,0.377224703644134,-0.046857690337417934,0.0,0.0,-0.008743161425278978
2020-02-11,11.62,65538.625,0.0,0,0.0,8.555000305175781,0.4743074645802494,0.6748063683304648,0.0,0.0,0.0,0.0,0.0,1.3663696516542392,0.04807509709970237,0.8419917194392007,-0.010410659088752938,-0.046857690337417934,0.0,0.0
2020-02-12,19.46125,65720.70833333333,0.0,0,0.0,8.720000267028809,0.6748063683304648,0.9314663754897552,0.0,0.0,0.0,0.0,0.0,1.3299860282276883,0.0027782598938157488,0.8478134260836916,0.019286961539113134,-0.010410659088752938,-0.046857690337417934,0.0
2020-02-13,37.58875,65830.04166666667,0.0,0,0.0,8.890000343322754,0.9314663754897552,-0.04134659084610848,0.0,0.0,0.0,0.0,0.0,1.336802058616654,0.0016636055226124657,0.8633037803297199,0.019495420996342494,0.019286961539113134,-0.010410659088752938,-0.046857690337417934
2020-02-14,36.03458333333334,63523.375,0.0,0,0.0,8.880000114440918,-0.04134659084610848,-0.43287120012025493,0.0,0.0,0.0,0.0,0.0,1.3390073599908248,-0.03503972666987787,0.461647873705369,-0.0011248850951223188,0.019495420996342494,0.019286961539113134,-0.010410659088752938
2020-02-15,20.43625,53307.79166666666,0.0,0,0.0,8.880000114440918,-0.43287120012025493,-1.4048769547576814,0.0,0.0,0.0,0.0,0.0,1.3720423298821764,-0.16081613002037976,-1.2524303548238584,0.0,-0.0011248850951223188,0.019495420996342494,0.019286961539113134
2020-02-16,-8.274166666666668,49462.29166666666,0.0,0,0.0,8.880000114440918,-1.4048769547576814,-3.2052573270218545,0.0,0.0,0.0,0.0,0.0,1.4902375326793604,-0.07213767218206846,-1.739212786563603,0.0,0.0,-0.0011248850951223188,0.019495420996342494
2020-02-17,18.246666666666663,61891.66666666666,0.0,0,0.0,8.880000114440918,-3.2052573270218545,0.19841523565948127,0.0,0.0,0.0,0.0,0.0,1.8615264970130108,0.25128991361264275,0.24661481312341055,0.0,0.0,0.0,-0.0011248850951223188
2020-02-18,21.86708333333333,64214.708333333336,0.0,0,0.0,9.380000114440918,0.19841523565948127,0.41357824736571347,0.0,0.0,0.0,0.0,0.0,1.8608771918743745,0.03753399757641063,0.5803575438700583,0.05630630558065941,0.0,0.0,0.0
2020-02-19,30.910833333333333,63474.29166666666,0.0,0,0.0,9.56999969482422,0.41357824736571347,-0.07226430862966071,0.0,0.0,0.0,0.0,0.0,1.8313405476618558,-0.011530328267213119,0.4440176713709919,0.02025581855705849,0.05630630558065941,0.0,0.0
2020-02-20,28.67708333333333,63070.0,0.0,0,0.0,9.5649995803833,-0.07226430862966071,-0.1516600072648019,0.0,0.0,0.0,0.0,0.0,1.2289511646665632,-0.006369376578312713,0.38621040460960404,-0.0005224780146674268,0.02025581855705849,0.05630630558065941,0.0
2020-02-21,24.327916666666667,62440.0,0.0,0,0.0,9.40999984741211,-0.1516600072648019,-1.0620172298628119,0.0,0.0,0.0,0.0,0.0,1.2038482845928662,-0.009988901220865709,0.2931299513937978,-0.01620488654166574,-0.0005224780146674268,0.02025581855705849,0.05630630558065941
2020-02-22,-1.50875,53779.375,0.0,0,0.0,9.40999984741211,-1.0620172298628119,-5.608119304059652,0.0,0.0,0.0,0.0,0.0,1.1709804561413104,-0.13870315502882768,-1.1425650273967176,0.0,-0.01620488654166574,-0.0005224780146674268,0.02025581855705849
2020-02-23,6.952500000000001,49629.54166666666,0.0,0,0.0,9.40999984741211,-5.608119304059652,3.097207239602061,0.0,0.0,0.0,0.0,0.0,1.895445210233938,-0.07716403051045762,-1.6934547987826907,0.0,0.0,-0.01620488654166574,-0.0005224780146674268
2020-02-24,28.48583333333333,59950.41666666666,0.0,0,0.0,9.045000076293944,3.097207239602061,-0.15390691279290847,0.0,0.0,0.0,0.0,0.0,2.3112086277502324,0.20795829768728136,-0.023179217103329226,-0.0387884991537536,0.0,0.0,-0.01620488654166574
2020-02-25,24.10166666666667,61519.458333333336,0.0,0,0.0,9.005000114440918,-0.15390691279290847,0.31406887490491653,0.0,0.0,0.0,0.0,0.0,2.318111103094463,0.026172322961336203,0.1848638565192635,-0.004422328525774288,-0.0387884991537536,0.0,0.0
2020-02-26,31.67125,63108.083333333336,0.0,0,0.0,9.06999969482422,0.31406887490491653,0.21378484693004962,0.0,0.0,0.0,0.0,0.0,2.3315464695190413,0.02582313048649243,0.4637588902397219,0.007218165414464073,-0.004422328525774288,-0.0387884991537536,0.0
2020-02-27,38.442083333333336,64346.708333333336,0.0,0,0.0,8.869999885559082,0.21378484693004962,-0.19255156566696652,0.0,0.0,0.0,0.0,0.0,2.154791071574383,0.019627041966362002,0.6889007057857567,-0.02205069636102286,0.007218165414464073,-0.004422328525774288,-0.0387884991537536
2020-02-28,31.040000000000003,62435.375,0.0,0,0.0,8.875,-0.19255156566696652,-0.7129376073883162,0.0,0.0,0.0,0.0,0.0,2.1486623305674195,-0.02970366912060385,0.379537371794748,0.0005637107672411545,-0.02205069636102286,0.007218165414464073,-0.004422328525774288
2020-02-29,8.910416666666666,52747.583333333336,0.0,0,0.0,8.875,-0.7129376073883162,-0.1986439092822071,0.0,0.0,0.0,0.0,0.0,2.1354074246045505,-0.1551651073877055,-1.246130694113512,0.0,0.0005637107672411545,-0.02205069636102286,0.007218165414464073
2020-03-01,7.140416666666667,48186.54166666666,0.0,0,0.0,8.875,-0.1986439092822071,3.646670945906518,0.0,0.0,0.0,0.0,0.0,2.1334093664215144,-0.0864692063301481,-1.84502359642955,0.0,0.0,0.0005637107672411545,-0.02205069636102286
2020-03-02,33.17916666666667,61183.91666666666,0.0,0,0.0,8.885000228881836,3.646670945906518,0.0925279417305036,0.0,0.0,0.0,0.0,0.0,2.4984336991325145,0.269730396713467,0.2588448797358907,0.0011267863528829913,0.0,0.0,0.0005637107672411545
2020-03-03,36.24916666666667,61955.708333333336,0.0,0,0.0,9.170000076293944,0.0925279417305036,0.09273776408653056,0.0,0.0,0.0,0.0,0.0,2.4738297099050883,0.012614289975443116,0.33608115348941736,0.03207651548344126,0.0011267863528829913,0.0,0.0
2020-03-04,39.61083333333333,61838.41666666666,0.0,0,0.0,8.90999984741211,0.09273776408653056,-0.08934845265394564,0.0,0.0,0.0,0.0,0.0,1.483921303976923,-0.001893153509530232,0.3221557807936256,-0.028353350787202358,0.03207651548344126,0.0011267863528829913,0.0
2020-03-05,36.071666666666665,62593.958333333336,0.0,0,0.0,8.850000381469727,-0.08934845265394564,-0.1550847849189113,0.0,0.0,0.0,0.0,0.0,1.2096254428215012,0.01221799825081793,0.4750201344397379,-0.006733946910202238,-0.028353350787202358,0.03207651548344126,0.0011267863528829913
2020-03-06,30.477500000000003,62036.29166666666,0.0,0,0.0,8.645000457763672,-0.1550847849189113,-0.045566401443688065,0.0,0.0,0.0,0.0,0.0,1.2096747435255193,-0.008909273059500733,0.3882147095529194,-0.023163832188672795,-0.006733946910202238,-0.028353350787202358,0.03207651548344126
2020-03-07,29.08875,52639.0,0.0,0,0.0,8.645000457763672,-0.045566401443688065,-0.4119146863764629,0.0,0.0,0.0,0.0,0.0,1.214583084876137,-0.15148055137080363,-1.2165808817192845,0.0,-0.023163832188672795,-0.006733946910202238,-0.028353350787202358
2020-03-08,17.106666666666666,48658.958333333336,0.0,0,0.0,8.645000457763672,-0.4119146863764629,1.1695245518316448,0.0,0.0,0.0,0.0,0.0,1.233493141005937,-0.07561013063824662,-1.7464111373056306,0.0,0.0,-0.023163832188672795,-0.006733946910202238
2020-03-09,37.11333333333334,60206.875,0.0,0,0.0,8.625,1.1695245518316448,-0.37355173342913606,0.0,0.0,0.0,0.0,0.0,1.2599317144591777,0.23732354867851502,0.16495341520782825,-0.0023135288264456433,0.0,0.0,-0.023163832188672795
2020-03-10,23.249583333333334,64326.958333333336,0.0,0,0.0,8.994999885559082,-0.37355173342913606,-0.024176060502876462,0.0,0.0,0.0,0.0,0.0,1.232730861734077,0.06843210735208127,0.816896476357996,0.042898537456125485,-0.0023135288264456433,0.0,0.0
2020-03-11,22.6875,61978.91666666666,0.0,0,0.0,9.369999885559082,-0.024176060502876462,-0.4606611570247934,0.0,0.0,0.0,0.0,0.0,1.2249557353946712,-0.036501674064852496,0.40278626444786136,0.04168982821245382,0.042898537456125485,-0.0023135288264456433,0.0
2020-03-12,12.23625,62385.458333333336,0.0,0,0.0,9.324999809265137,-0.4606611570247934,0.35151700888752657,0.0,0.0,0.0,0.0,0.0,0.46390185186573085,0.006559354188991895,0.5015128919705544,-0.004802569567081694,0.04168982821245382,0.042898537456125485,-0.0023135288264456433
2020-03-13,16.537499999999998,61540.708333333336,0.0,0,0.0,9.28499984741211,0.35151700888752657,0.830209120685311,0.0,0.0,0.0,0.0,0.0,0.47793359979605726,-0.013540815801759365,0.3812571463126252,-0.004289540232835676,-0.004802569567081694,0.04168982821245382,0.042898537456125485
2020-03-14,30.26708333333333,51642.79166666666,0.0,0,0.0,9.28499984741211,0.830209120685311,-0.8464228190691208,0.0,0.0,0.0,0.0,0.0,0.5450950796295434,-0.16083527367047712,-1.3473751485216783,0.0,-0.004289540232835676,-0.004802569567081694,0.04168982821245382
2020-03-15,4.648333333333333,47655.583333333336,0.0,0,0.0,9.28499984741211,-0.8464228190691208,5.71011115095016,0.0,0.0,0.0,0.0,0.0,0.6186949792962882,-0.07720745150783359,-1.8751803110115872,0.0,0.0,-0.004289540232835676,-0.004802569567081694
2020-03-16,31.19083333333333,57866.875,0.0,0,0.0,8.739999771118164,5.71011115095016,-0.09643591867268686,0.0,0.0,0.0,0.0,0.0,1.9016537429892042,0.21427272425231725,-0.13338735318767306,-0.05869683201404108,0.0,0.0,-0.004289540232835676
2020-03-17,28.182916666666667,59165.16666666666,0.0,0,0.0,8.470000267028809,-0.09643591867268686,-0.06259702242788923,0.0,0.0,0.0,0.0,0.0,1.903609553829596,0.02243583512444136,0.03990046214677611,-0.030892392581242878,-0.05869683201404108,0.0,0.0
2020-03-18,26.41875,58692.375,0.0,0,0.0,8.265000343322754,-0.06259702242788923,0.08600268117656329,0.0,0.0,0.0,0.0,0.0,1.886414309437851,-0.007991047660363071,-0.027823396275067885,-0.024203059887029532,-0.030892392581242878,-0.05869683201404108,0.0
2020-03-19,28.69083333333333,57422.958333333336,0.0,0,0.0,8.545000076293945,0.08600268117656329,-0.12392169392082242,0.0,0.0,0.0,0.0,0.0,1.8824412757552274,-0.021628306345869652,-0.22517144674655998,0.03387776422748745,-0.024203059887029532,-0.030892392581242878,-0.05869683201404108
2020-03-20,25.135416666666668,56563.16666666666,0.0,0,0.0,8.295000076293945,-0.12392169392082242,-0.5728470783257356,0.0,0.0,0.0,0.0,0.0,1.8710225729301473,-0.014972960147328074,-0.34849284499547356,-0.029256875104491264,0.03387776422748745,-0.024203059887029532,-0.030892392581242878
2020-03-21,10.736666666666666,50697.583333333336,0.0,0,0.0,8.295000076293945,-0.5728470783257356,-1.0882101831729276,0.0,0.0,0.0,0.0,0.0,1.8971489623999898,-0.1036996985670885,-1.3639889125545939,0.0,-0.029256875104491264,0.03387776422748745,-0.024203059887029532
2020-03-22,-0.9470833333333336,47166.083333333336,0.0,0,0.0,8.295000076293945,-1.0882101831729276,-18.93180818301803,0.0,0.0,0.0,0.0,0.0,1.9416345509752237,-0.06965815267328657,-1.8341530179296537,0.0,0.0,-0.029256875104491264,0.03387776422748745
2020-03-23,16.982916666666664,56016.333333333336,0.0,0,0.0,7.849999904632568,-18.93180818301803,0.2042493682376898,0.0,0.0,0.0,0.0,0.0,6.422045847490655,0.18764012982492706,-0.27287155708752503,-0.05364679536690187,0.0,0.0,-0.029256875104491264
2020-03-24,20.451666666666664,56656.41666666666,0.0,0,0.0,7.909999847412109,0.2042493682376898,0.12759758780865482,0.0,0.0,0.0,0.0,0.0,6.399717495520042,0.011426726728513525,-0.2075454294351936,0.007643304905536663,-0.05364679536690187,0.0,0.0
2020-03-25,23.06125,56427.875,0.0,0,0.0,7.744999885559082,0.12759758780865482,-0.036081449762408124,0.0,0.0,0.0,0.0,0.0,6.419372767168432,-0.004033817881763713,-0.22866031477899618,-0.02085966688191654,0.007643304905536663,-0.05364679536690187,0.0
2020-03-26,22.229166666666668,55956.125,0.0,0,0.0,7.574999809265137,-0.036081449762408124,-0.03062792877225895,0.0,0.0,0.0,0.0,0.0,5.944375232117034,-0.008360229762329308,-0.28422447125498096,-0.021949655107280086,-0.02085966688191654,0.007643304905536663,-0.05364679536690187
2020-03-27,21.54833333333333,54248.5,0.0,0,0.0,7.21999979019165,-0.03062792877225895,-0.33908268234202166,0.0,0.0,0.0,0.0,0.0,5.946813448191315,-0.030517213263069998,-0.5575894511586669,-0.04686469016662931,-0.021949655107280086,-0.02085966688191654,0.007643304905536663
2020-03-28,14.241666666666667,47660.875,0.0,0,0.0,7.21999979019165,-0.33908268234202166,-0.6915489425729332,0.0,0.0,0.0,0.0,0.0,5.937218789928302,-0.12143423320460478,-1.675933346100941,0.0,-0.04686469016662931,-0.021949655107280086,-0.02085966688191654
2020-03-29,4.392857142857143,47499.52173913043,0.0,0,0.0,7.21999979019165,-0.6915489425729332,4.308617886178862,0.0,0.0,0.0,0.0,0.0,5.910872169554114,-0.0033854447881951355,-1.5736853057819948,0.0,0.0,-0.04686469016662931,-0.021949655107280086
2020-03-30,23.320000000000004,55700.125,0.0,0,0.0,6.894999980926514,4.308617886178862,0.07933104631217835,0.0,0.0,0.0,0.0,0.0,6.236754777202817,0.1726460174885056,-0.09534714698060393,-0.045013825306012945,0.0,0.0,-0.04686469016662931
2020-03-31,25.17,55837.75,0.0,0,0.0,6.900000095367432,0.07933104631217835,-0.07187789696728941,0.0,0.0,0.0,0.0,0.0,6.253296828864623,0.002470820307853838,-0.12171741571488034,0.0007251797613849753,-0.045013825306012945,0.0,0.0
2020-04-01,23.36083333333333,56305.458333333336,0.0,0,0.0,6.824999809265137,-0.07187789696728941,-0.1459351478614489,0.0,0.0,0.0,0.0,0.0,6.271489612195621,0.008376203076473132,-0.001158676165873194,-0.010869606531259235,0.0007251797613849753,-0.045013825306012945,0.0
2020-04-02,19.951666666666664,56120.66666666666,0.0,0,0.0,6.934999942779541,-0.1459351478614489,0.12937515662851906,0.0,0.0,0.0,0.0,0.0,1.41779336735866,-0.003281949426158559,0.0007422697242434291,0.016117236130186452,-0.010869606531259235,0.0007251797613849753,-0.045013825306012945
2020-04-03,22.532916666666665,55250.958333333336,0.0,0,0.0,6.920000076293945,0.12937515662851906,-0.10595610125926902,0.0,0.0,0.0,0.0,0.0,1.4187900079303422,-0.015497113362872628,-0.1312679031292137,-0.002162922366165665,0.016117236130186452,-0.010869606531259235,0.0007251797613849753
2020-04-04,20.145416666666662,47007.458333333336,0.0,0,0.0,6.920000076293945,-0.10595610125926902,-0.8668845270843244,0.0,0.0,0.0,0.0,0.0,1.4244574990937817,-0.14920103195796752,-1.6691664109682618,0.0,-0.002162922366165665,0.016117236130186452,-0.010869606531259235
2020-04-05,2.681666666666666,43986.625,0.0,0,0.0,6.920000076293945,-0.8668845270843244,5.464418893722811,0.0,0.0,0.0,0.0,0.0,1.4703493481816352,-0.064262851905593,-2.0493662584620984,0.0,0.0,-0.002162922366165665,0.016117236130186452
2020-04-06,17.335416666666667,51952.16666666666,0.0,0,0.0,7.284999847412109,5.464418893722811,0.35788967672154803,0.0,0.0,0.0,0.0,0.0,2.2062290330671206,0.18109008514898917,-0.5309192525778164,0.05274563108294683,0.0,0.0,-0.002162922366165665
2020-04-07,23.539583333333336,52675.375,0.0,0,0.0,7.284999847412109,0.35788967672154803,0.12627666165147344,0.0,0.0,0.0,0.0,0.0,2.1779140102771355,0.01392065778456475,-0.4281581617839165,0.0,0.05274563108294683,0.0,0.0
2020-04-08,26.512083333333333,51844.04166666666,0.0,0,0.0,7.260000228881836,0.12627666165147344,-0.1132188153200584,0.0,0.0,0.0,0.0,0.0,2.1285693249929944,-0.01578220056968449,-0.5426726214483454,-0.003431656699231622,0.0,0.05274563108294683,0.0
2020-04-09,23.510416666666668,50519.375,0.0,0,0.0,7.28000020980835,-0.1132188153200584,-0.01580859548072655,0.0,0.0,0.0,0.0,0.0,1.778681344871355,-0.025550991475233653,-0.7558500985172517,0.0027548182225876072,-0.003431656699231622,0.0,0.05274563108294683
2020-04-10,23.13875,42030.04166666666,0.0,0,0.0,7.28000020980835,-0.01580859548072655,-0.0986620567950589,0.0,0.0,0.0,0.0,0.0,1.7813467997553427,-0.16804113933185716,-2.266273055145024,0.0,0.0027548182225876072,-0.003431656699231622,0.0
2020-04-11,20.855833333333333,42536.958333333336,0.0,0,0.0,7.28000020980835,-0.0986620567950589,-0.4030447117113518,0.0,0.0,0.0,0.0,0.0,1.7822817186568258,0.012060817609626628,-1.9983749103487494,0.0,0.0,0.0027548182225876072,-0.003431656699231622
2020-04-12,12.45,39436.708333333336,0.0,0,0.0,7.28000020980835,-0.4030447117113518,-2.282429718875502,0.0,0.0,0.0,0.0,0.0,1.7940207199352718,-0.0728836786049778,-2.3294507854227313,0.0,0.0,0.0,0.0027548182225876072
2020-04-13,-15.96625,41196.583333333336,0.0,0,0.0,7.28000020980835,-2.282429718875502,-2.2463790808737176,0.0,0.0,0.0,0.0,0.0,1.9926512015285955,0.04462530151159938,-1.8227512618018975,0.0,0.0,0.0,0.0
2020-04-14,19.9,49796.583333333336,0.0,0,0.0,6.875,-2.2463790808737176,0.013609715242880904,0.0,0.0,0.0,0.0,0.0,2.139463576405936,0.20875517589444104,-0.350193873805747,-0.055631895348394744,0.0,0.0,0.0
2020-04-15,20.17083333333333,51440.16666666666,0.0,0,0.0,6.650000095367432,0.013609715242880904,0.25511258004544524,0.0,0.0,0.0,0.0,0.0,2.118191495846922,0.03300594585639227,-0.027272887665216437,-0.03272725885564631,-0.055631895348394744,0.0,0.0
2020-04-16,25.316666666666663,51650.16666666666,0.0,0,0.0,6.90500020980835,0.25511258004544524,0.09690585911784089,0.0,0.0,0.0,0.0,0.0,0.9836660604520006,0.004082412900424659,0.05639288306966477,0.03834588132089767,-0.03272725885564631,-0.055631895348394744,0.0
2020-04-17,27.77,51238.333333333336,0.0,0,0.0,6.994999885559082,0.09690585911784089,-0.27135097827391674,0.0,0.0,0.0,0.0,0.0,0.9633778329459438,-0.007973514122251668,0.027285690361033444,0.013033985954539196,0.03834588132089767,-0.03272725885564631,-0.055631895348394744
2020-04-18,20.234583333333333,44379.083333333336,0.0,0,0.0,6.994999885559082,-0.27135097827391674,-0.6337746844305335,0.0,0.0,0.0,0.0,0.0,0.9441957209932657,-0.1338694987476824,-1.1936069205055184,0.0,0.013033985954539196,0.03834588132089767,-0.03272725885564631
2020-04-19,7.410416666666666,41882.29166666666,0.0,0,0.0,6.994999885559082,-0.6337746844305335,-0.6705088557773404,0.0,0.0,0.0,0.0,0.0,0.9344013696604896,-0.05626055067233282,-1.541841879583961,0.0,0.0,0.013033985954539196,0.03834588132089767
2020-04-20,2.4416666666666664,51940.54166666666,0.0,0,0.0,6.619999885559082,-0.6705088557773404,-7.614163822525599,0.0,0.0,0.0,0.0,0.0,0.9148779194200843,0.24015519685626896,0.3210246640062268,-0.05360972210652548,0.0,0.0,0.013033985954539196
2020-04-21,-16.149583333333336,53830.0,0.0,0,0.0,6.315000057220459,-7.614163822525599,-1.4877060811682448,0.0,0.0,0.0,0.0,0.0,2.3680832282299393,0.036377332093668224,0.6298028995181731,-0.04607248241861028,-0.05360972210652548,0.0,0.0
2020-04-22,7.87625,53230.41666666666,0.0,0,0.0,6.224999904632568,-1.4877060811682448,2.5240438025710206,0.0,0.0,0.0,0.0,0.0,2.3432980888188437,-0.01113846058579493,0.5434872184535889,-0.01425180550631766,-0.04607248241861028,-0.05360972210652548,0.0
2020-04-23,27.75625,53293.083333333336,0.0,0,0.0,6.054999828338623,2.5240438025710206,-0.2560084065150492,0.0,0.0,0.0,0.0,0.0,2.636006623778643,0.001177271766612309,0.5877883502598671,-0.02730924962222625,-0.01425180550631766,-0.04607248241861028,-0.05360972210652548
2020-04-24,20.65041666666667,51379.5,0.0,0,0.0,5.769999980926514,-0.2560084065150492,-0.18345069712071993,0.0,0.0,0.0,0.0,0.0,2.6067072066935157,-0.03590678590248586,0.25929055526801154,-0.0470685145321148,-0.02730924962222625,-0.01425180550631766,-0.04607248241861028
2020-04-25,16.862083333333334,45187.79166666666,0.0,0,0.0,5.769999980926514,-0.18345069712071993,0.12021547357236373,0.0,0.0,0.0,0.0,0.0,2.6005739384974826,-0.12050931467478943,-0.8965583249298817,0.0,-0.0470685145321148,-0.02730924962222625,-0.01425180550631766
2020-04-26,18.889166666666664,42417.04166666666,0.0,0,0.0,5.769999980926514,0.12021547357236373,0.3499580888516347,0.0,0.0,0.0,0.0,0.0,2.5946971167148587,-0.061316340051285945,-1.3434306381307157,0.0,0.0,-0.0470685145321148,-0.02730924962222625
2020-04-27,25.499583333333334,51610.5,0.0,0,0.0,5.940000057220459,0.3499580888516347,-0.01723884377195717,0.0,0.0,0.0,0.0,0.0,2.6060326896224097,0.21673973412808745,0.42276698180812716,0.029462751621473604,0.0,0.0,-0.0470685145321148
2020-04-28,25.06,53157.29166666666,0.0,0,0.0,6.144999980926514,-0.01723884377195717,-0.08009111465815377,0.0,0.0,0.0,0.0,0.0,2.6131225173056487,0.029970484042329604,0.6832097987935748,0.03451177133523142,0.029462751621473604,0.0,0.0
2020-04-29,23.052916666666665,53634.41666666666,0.0,0,0.0,6.014999866485596,-0.08009111465815377,-0.1322500768160212,0.0,0.0,0.0,0.0,0.0,2.62257545121651,0.00897572064039509,0.7998010310366095,-0.021155429592258024,0.03451177133523142,0.029462751621473604,0.0
2020-04-30,20.004166666666663,52300.66666666666,0.0,0,0.0,6.21999979019165,-0.1322500768160212,-0.6735055196833992,0.0,0.0,0.0,0.0,0.0,2.6294807459927774,-0.024867428097319344,0.5736432102386343,0.03408145108169891,-0.021155429592258024,0.03451177133523142,0.029462751621473604
2020-05-01,6.53125,41979.04166666666,0.0,0,0.0,5.84499979019165,-0.6735055196833992,0.9098564593301437,0.0,0.0,0.0,0.0,0.0,1.0162734985440243,-0.19735169086436122,-1.3993973754671944,-0.06028939110116038,0.03408145108169891,-0.021155429592258024,0.03451177133523142
2020-05-02,12.47375,43452.0,0.0,0,0.0,5.84499979019165,0.9098564593301437,0.12679961251962446,0.0,0.0,0.0,0.0,0.0,0.897924838845542,0.03508794567130247,-1.0386746893936414,0.0,-0.06028939110116038,0.03408145108169891,-0.021155429592258024
2020-05-03,14.055416666666666,41030.16666666666,0.0,0,0.0,5.84499979019165,0.12679961251962446,0.8766489787448493,0.0,0.0,0.0,0.0,0.0,0.4156850278969998,-0.05573583110865654,-1.4314367979537246,0.0,0.0,-0.06028939110116038,0.03408145108169891
2020-05-04,26.37708333333333,52165.083333333336,0.0,0,0.0,5.739999771118164,0.8766489787448493,-0.1766053234341679,0.0,0.0,0.0,0.0,0.0,0.4821955016201663,0.27138365674036624,0.7903237837780351,-0.017964075764328347,0.0,0.0,-0.06028939110116038
2020-05-05,21.71875,53925.0,0.0,0,0.0,5.675000190734863,-0.1766053234341679,-0.01068585131894495,0.0,0.0,0.0,0.0,0.0,0.4817061692105449,0.03373744570522108,1.0697584065362495,-0.011323969159434122,-0.017964075764328347,0.0,0.0
2020-05-06,21.486666666666665,52774.875,0.0,0,0.0,5.764999866485596,-0.01068585131894495,0.10907927396835237,0.0,0.0,0.0,0.0,0.0,0.48378713421808295,-0.021328233657858187,0.830957997163268,0.01585897316755469,-0.011323969159434122,-0.017964075764328347,0.0
2020-05-07,23.830416666666665,52452.5,0.0,0,0.0,5.84499979019165,0.10907927396835237,-0.0019932509223156147,0.0,0.0,0.0,0.0,0.0,0.47686242862423567,-0.006108493861899267,0.7692346493626291,0.013876830105604698,0.01585897316755469,-0.011323969159434122,-0.017964075764328347
2020-05-08,23.782916666666665,50286.833333333336,0.0,0,0.0,5.829999923706055,-0.0019932509223156147,-0.07564953835911625,0.0,0.0,0.0,0.0,0.0,0.47649434336624796,-0.041288149595665846,0.35010262136969383,-0.0025662732290883117,0.013876830105604698,0.01585897316755469,-0.011323969159434122
2020-05-09,21.98375,44369.91666666666,0.0,0,0.0,5.829999923706055,-0.07564953835911625,-0.42777809366767117,0.0,0.0,0.0,0.0,0.0,0.4763153212276138,-0.11766333798442952,-0.787059864168738,0.0,-0.0025662732290883117,0.013876830105604698,0.01585897316755469
2020-05-10,12.579583333333334,41037.833333333336,0.0,0,0.0,5.829999923706055,-0.42777809366767117,0.11841277201815115,0.0,0.0,0.0,0.0,0.0,0.5005449690207086,-0.07509780463114057,-1.4291423042025753,0.0,0.0,-0.0025662732290883117,0.013876830105604698
2020-05-11,14.069166666666668,54431.708333333336,0.0,0,0.0,5.704999923706055,0.11841277201815115,0.5831605757270628,0.0,0.0,0.0,0.0,0.0,0.4280030822407365,0.3263787074528788,1.1287722124417776,-0.021440823608199877,0.0,0.0,-0.0025662732290883117
2020-05-12,22.273750000000003,54044.583333333336,0.0,0,0.0,5.315000057220459,0.5831605757270628,0.3360270871915745,0.0,0.0,0.0,0.0,0.0,0.37191111399113436,-0.007112122912426244,1.000652348053644,-0.06836106427714828,-0.021440823608199877,0.0,0.0
2020-05-13,29.758333333333336,54399.41666666666,0.0,0,0.0,5.119999885559082,0.3360270871915745,-0.23429011481377782,0.0,0.0,0.0,0.0,0.0,0.3786517388709771,0.006565567008719464,1.0150528663368625,-0.03668864902390134,-0.06836106427714828,-0.021440823608199877,0.0
2020-05-14,22.78625,53562.208333333336,0.0,0,0.0,5.264999866485596,-0.23429011481377782,-0.07471611169016401,0.0,0.0,0.0,0.0,0.0,0.2884827974276517,-0.015390024096459176,0.8011105246915581,0.028320309407718014,-0.03668864902390134,-0.06836106427714828,-0.021440823608199877
2020-05-15,21.08375,52664.708333333336,0.0,0,0.0,5.21999979019165,-0.07471611169016401,-0.19578664453271666,0.0,0.0,0.0,0.0,0.0,0.2824258568259543,-0.016756217264504714,0.6014057919788314,-0.008547023254529162,0.028320309407718014,-0.03668864902390134,-0.06836106427714828
2020-05-16,16.955833333333334,45446.375,0.0,0,0.0,5.21999979019165,-0.19578664453271666,-0.4419078979702167,0.0,0.0,0.0,0.0,0.0,0.2914667364019294,-0.13706205847844033,-0.8564848948130149,0.0,-0.008547023254529162,0.028320309407718014,-0.03668864902390134
2020-05-17,9.462916666666668,41974.04166666666,0.0,0,0.0,5.21999979019165,-0.4419078979702167,1.0863017920831313,0.0,0.0,0.0,0.0,0.0,0.32191088136788143,-0.07640506714415274,-1.4561853284362904,0.0,0.0,-0.008547023254529162,0.028320309407718014
2020-05-18,19.7425,52107.66666666666,0.0,0,0.0,4.920000076293945,1.0863017920831313,0.19980161242665995,0.0,0.0,0.0,0.0,0.0,0.4812567826244914,0.24142600039508544,0.5201335202087196,-0.05747121186889759,0.0,0.0,-0.008547023254529162
2020-05-19,23.687083333333334,53222.54166666666,0.0,0,0.0,4.610000133514404,0.19980161242665995,0.35312846312160295,0.0,0.0,0.0,0.0,0.0,0.4800422389145295,0.02139560397382345,0.6933672049468322,-0.06300811747406565,-0.05747121186889759,0.0,0.0
2020-05-20,32.05166666666667,51748.625,0.0,0,0.0,4.460000038146973,0.35312846312160295,-0.3891243305080341,0.0,0.0,0.0,0.0,0.0,0.44801263221697163,-0.027693466349236195,0.386385445319457,-0.03253798069916325,-0.06300811747406565,-0.05747121186889759,0.0
2020-05-21,19.57958333333333,41875.75,0.0,0,0.0,3.825000047683716,-0.3891243305080341,-0.03815624268476925,0.0,0.0,0.0,0.0,0.0,0.4823202976483836,-0.19078526241035387,-1.547060111494144,-0.14237667825829992,-0.03253798069916325,-0.06300811747406565,-0.05747121186889759
2020-05-22,18.8325,46366.458333333336,0.0,0,0.0,3.890000104904175,-0.03815624268476925,-0.45493163414310367,0.0,0.0,0.0,0.0,0.0,0.45563090630486563,0.10723887532362619,-0.5924402160730151,0.01699347880003832,-0.14237667825829992,-0.03253798069916325,-0.06300811747406565
2020-05-23,10.265,44545.54166666666,0.0,0,0.0,3.890000104904175,-0.45493163414310367,-3.5456242896574115,0.0,0.0,0.0,0.0,0.0,0.4708148819845812,-0.03927228285533302,-0.9013996033910091,0.0,0.01699347880003832,-0.14237667825829992,-0.03253798069916325
2020-05-24,-26.13083333333333,42280.91666666666,0.0,0,0.0,3.890000104904175,-3.5456242896574115,-1.7129668016710782,0.0,0.0,0.0,0.0,0.0,1.2151564469064227,-0.05083842097927871,-1.267216274068737,0.0,0.0,0.01699347880003832,-0.14237667825829992
2020-05-25,18.630416666666665,52977.5,0.0,0,0.0,3.890000104904175,-1.7129668016710782,0.47205510701585673,0.0,0.0,0.0,0.0,0.0,1.2824726467648118,0.2529884443533432,0.7967924240711773,0.0,0.0,0.0,0.01699347880003832
2020-05-26,27.425,53096.91666666666,0.0,0,0.0,4.125,0.47205510701585673,-0.16510179276815573,0.0,0.0,0.0,0.0,0.0,1.3177830894919587,0.00225410158400563,0.7651999052423759,0.06041128245717986,0.0,0.0,0.0
2020-05-27,22.89708333333333,53029.875,0.0,0,0.0,3.694999933242798,-0.16510179276815573,-0.10852910669117244,0.0,0.0,0.0,0.0,0.0,1.320809002635074,-0.0012626282442638193,0.7377902806638329,-0.1042424404259884,0.06041128245717986,0.0,0.0
2020-05-28,20.41208333333333,53283.083333333336,0.0,0,0.0,3.509999990463257,-0.10852910669117244,0.11169854457123041,0.0,0.0,0.0,0.0,0.0,1.219627485110269,0.004774824253938714,0.7871142397557013,-0.05006764441729816,-0.1042424404259884,0.06041128245717986,0.0
2020-05-29,22.692083333333333,51252.5,0.0,0,0.0,4.385000228881836,0.11169854457123041,-0.4475312609022969,0.0,0.0,0.0,0.0,0.0,1.2140032531961646,-0.03810934364721763,0.40089436112227866,0.24928781789059062,-0.05006764441729816,-0.1042424404259884,0.06041128245717986
2020-05-30,12.536666666666669,43761.958333333336,0.0,0,0.0,4.385000228881836,-0.4475312609022969,-0.8674886998138793,0.0,0.0,0.0,0.0,0.0,1.1737207191804797,-0.1461497813114807,-1.0422234498584257,0.0,0.24928781789059062,-0.05006764441729816,-0.1042424404259884
2020-05-31,1.6612500000000006,39603.333333333336,0.0,0,0.0,4.385000228881836,-0.8674886998138793,2.6541259092049145,0.0,0.0,0.0,0.0,0.0,1.1726590878144512,-0.09502831130919454,-1.8087816707528481,0.0,0.0,0.24928781789059062,-0.05006764441729816
2020-06-01,6.070416666666667,40002.375,0.0,0,0.0,4.054999828338623,2.6541259092049145,3.668748713020798,0.0,0.0,0.0,0.0,0.0,1.5752381139345821,0.01007596161939217,-1.656600928075262,-0.07525664385822894,0.0,0.0,0.24928781789059062
2020-06-02,28.34125,51806.375,0.0,0,0.0,4.849999904632568,3.668748713020798,0.017583322307002547,0.0,0.0,0.0,0.0,0.0,2.0340606974008315,0.2950824794777811,0.5185274670200182,0.19605428112179846,-0.07525664385822894,0.0,0.0
2020-06-03,28.839583333333334,53626.833333333336,0.0,0,0.0,5.329999923706055,0.017583322307002547,-0.07930361915769712,0.0,0.0,0.0,0.0,0.0,1.6108492531883083,0.03513965864883106,0.8582442718183027,0.09896907804369337,0.19605428112179846,-0.07525664385822894,0.0
2020-06-04,26.5525,54392.958333333336,0.0,0,0.0,5.389999866485596,-0.07930361915769712,-0.08483193672912148,0.0,0.0,0.0,0.0,0.0,1.4520118779108055,0.01428622486876896,1.0007059171094954,0.01125702507286741,0.09896907804369337,0.19605428112179846,-0.07525664385822894
2020-06-05,24.3,53426.958333333336,0.0,0,0.0,5.710000038146973,-0.08483193672912148,-0.7248971193415639,0.0,0.0,0.0,0.0,0.0,1.4649164881473276,-0.017759651793162523,0.8072201241545907,0.059369235545088106,0.01125702507286741,0.09896907804369337,0.19605428112179846
2020-06-06,6.685,45937.708333333336,0.0,0,0.0,5.710000038146973,-0.7248971193415639,1.6392420842682625,0.0,0.0,0.0,0.0,0.0,1.5021037132060902,-0.14017736052414242,-0.5937728342979373,0.0,0.059369235545088106,0.01125702507286741,0.09896907804369337
2020-06-07,17.643333333333334,41889.833333333336,0.0,0,0.0,5.710000038146973,1.6392420842682625,0.7779614585301342,0.0,0.0,0.0,0.0,0.0,1.5358566129669877,-0.08811660718091985,-1.2820116614892383,0.0,0.0,0.059369235545088106,0.01125702507286741
2020-06-08,31.36916666666667,51724.16666666666,0.0,0,0.0,5.25,0.7779614585301342,0.16919480381478635,0.0,0.0,0.0,0.0,0.0,1.5272907242509244,0.2347665901431928,0.5166545302822286,-0.08056042645776462,0.0,0.0,0.059369235545088106
2020-06-09,36.67666666666667,53430.66666666666,0.0,0,0.0,4.804999828338623,0.16919480381478635,-0.14483549940925222,0.0,0.0,0.0,0.0,0.0,1.489798788665662,0.03299231500426947,0.7841907360836344,-0.08476193745930993,-0.08056042645776462,0.0,0.0
2020-06-10,31.36458333333333,52858.958333333336,0.0,0,0.0,4.800000190734863,-0.14483549940925222,-0.23278644968449014,0.0,0.0,0.0,0.0,0.0,1.4203046893046438,-0.010700003743168485,0.6892995656796307,-0.0010405073428458866,-0.08476193745930993,-0.08056042645776462,0.0
2020-06-11,24.063333333333333,45638.833333333336,0.0,0,0.0,4.989999771118164,-0.23278644968449014,-0.138852334118299,0.0,0.0,0.0,0.0,0.0,1.2862106521364256,-0.13659226794575186,-0.6767475793279445,0.03958324434029081,-0.0010405073428458866,-0.08476193745930993,-0.08056042645776462
2020-06-12,20.72208333333333,47905.5,0.0,0,0.0,5.275000095367432,-0.138852334118299,-0.04236623569863074,0.0,0.0,0.0,0.0,0.0,0.650730248973087,0.04966530695715998,-0.1898803843231076,0.05711429605645146,0.03958324434029081,-0.0010405073428458866,-0.08476193745930993
2020-06-13,19.844166666666663,44139.66666666666,0.0,0,0.0,5.275000095367432,-0.04236623569863074,-0.06740015957670153,0.0,0.0,0.0,0.0,0.0,0.6520518595552753,-0.07860962380798331,-0.8871298391477057,0.0,0.05711429605645146,0.03958324434029081,-0.0010405073428458866
2020-06-14,18.506666666666668,41892.0,0.0,0,0.0,5.275000095367432,-0.06740015957670153,0.6779538904899134,0.0,0.0,0.0,0.0,0.0,0.6516708199853158,-0.050921695527076705,-1.24822800511901,0.0,0.0,0.05711429605645146,0.03958324434029081
2020-06-15,31.05333333333333,51745.708333333336,0.0,0,0.0,5.514999866485596,0.6779538904899134,0.0987548303993131,0.0,0.0,0.0,0.0,0.0,0.6700587361321392,0.23521694675196536,0.6659067226808713,0.04549758611927501,0.0,0.0,0.05711429605645146
2020-06-16,34.12,53375.91666666666,0.0,0,0.0,5.260000228881836,0.0987548303993131,0.09129542790152412,0.0,0.0,0.0,0.0,0.0,0.5908637987099143,0.031504222975013096,0.926565271981407,-0.046237469406550824,0.04549758611927501,0.0,0.0
2020-06-17,37.235,53642.583333333336,0.0,0,0.0,5.210000038146973,0.09129542790152412,-0.14587529653999376,0.0,0.0,0.0,0.0,0.0,0.34496235736940667,0.00499601099746938,0.9615123238769661,-0.00950573926980458,-0.046237469406550824,0.04549758611927501,0.0
2020-06-18,31.80333333333333,53581.16666666666,0.0,0,0.0,5.449999809265137,-0.14587529653999376,-0.06131432763861233,0.0,0.0,0.0,0.0,0.0,0.26275737388255244,-0.0011449237313020388,0.9447746233947167,0.04606521484854431,-0.00950573926980458,-0.046237469406550824,0.04549758611927501
2020-06-19,29.85333333333333,51842.54166666666,0.0,0,0.0,5.614999771118164,-0.06131432763861233,-0.19323637784725323,0.0,0.0,0.0,0.0,0.0,0.25893218037834076,-0.03244843492893956,0.5983417392266109,0.030275223417902453,0.04606521484854431,-0.00950573926980458,-0.046237469406550824
2020-06-20,24.08458333333333,43964.0,0.0,0,0.0,5.614999771118164,-0.19323637784725323,-0.19037074200301018,0.0,0.0,0.0,0.0,0.0,0.2624407358613581,-0.15197059043369288,-0.9979130193853677,0.0,0.030275223417902453,0.04606521484854431,-0.00950573926980458
2020-06-21,19.499583333333334,40567.625,0.0,0,0.0,5.614999771118164,-0.19037074200301018,0.5169554905019338,0.0,0.0,0.0,0.0,0.0,0.25859989134986444,-0.07725354835774723,-1.578008690077766,0.0,0.0,0.030275223417902453,0.04606521484854431
2020-06-22,29.58,52165.458333333336,0.0,0,0.0,5.494999885559082,0.5169554905019338,0.10688528284877186,0.0,0.0,0.0,0.0,0.0,0.29871391312345336,0.28588889128543604,0.6240926856273137,-0.021371307293069686,0.0,0.0,0.030275223417902453
2020-06-23,32.74166666666667,53467.04166666666,0.0,0,0.0,5.829999923706055,0.10688528284877186,0.08639602952405201,0.0,0.0,0.0,0.0,0.0,0.2962811236052102,0.02495105717304935,0.8204341799686328,0.06096452140560671,-0.021371307293069686,0.0,0.0
2020-06-24,35.57041666666667,53862.29166666666,0.0,0,0.0,5.664999961853027,0.08639602952405201,-0.03148683948505915,0.0,0.0,0.0,0.0,0.0,0.2915392723327558,0.007392404510878636,0.8887055447402986,-0.028301880619603703,0.06096452140560671,-0.021371307293069686,0.0
2020-06-25,34.45041666666666,54027.41666666666,0.0,0,0.0,5.255000114440918,-0.03148683948505915,0.010244191531307179,0.0,0.0,0.0,0.0,0.0,0.20978885739965594,0.003065688348759865,0.9104430693992828,-0.07237420126618999,-0.028301880619603703,0.06096452140560671,-0.021371307293069686
2020-06-26,34.803333333333335,52259.625,0.0,0,0.0,5.105000019073486,0.010244191531307179,-0.22907288573891404,0.0,0.0,0.0,0.0,0.0,0.20832467952645498,-0.032720270109774297,0.5699745132824136,-0.02854426110386299,-0.07237420126618999,-0.028301880619603703,0.06096452140560671
2020-06-27,26.83083333333333,45268.625,0.0,0,0.0,5.105000019073486,-0.22907288573891404,-0.3624095412616082,0.0,0.0,0.0,0.0,0.0,0.22025490165487882,-0.13377440040949395,-0.7562419723440967,0.0,-0.02854426110386299,-0.07237420126618999,-0.028301880619603703
2020-06-28,17.107083333333332,42233.25,0.0,0,0.0,5.105000019073486,-0.3624095412616082,0.6064008573446673,0.0,0.0,0.0,0.0,0.0,0.24411166762829373,-0.06705251153530734,-1.2624305990418412,0.0,0.0,-0.02854426110386299,-0.07237420126618999
2020-06-29,27.480833333333333,53016.625,0.0,0,0.0,5.840000152587891,0.6064008573446673,-0.3321102586651302,0.0,0.0,0.0,0.0,0.0,0.3165941849807392,0.25532903577157806,0.7559645550687805,0.14397651924941623,0.0,0.0,-0.02854426110386299
2020-06-30,18.354166666666668,54940.125,0.0,0,0.0,6.164999961853027,-0.3321102586651302,0.7644494892167988,0.0,0.0,0.0,0.0,0.0,0.3303216689814451,0.03628107221083954,1.074766274633926,0.05565065081738374,0.14397651924941623,0.0,0.0
2020-07-01,32.385,55405.125,0.0,0,0.0,5.864999771118164,0.7644494892167988,0.20159796201945346,0.0,0.0,0.0,0.0,0.0,0.3950159729872356,0.008463759410813232,1.1190446310059723,-0.048661831726060756,0.05565065081738374,0.14397651924941623,0.0
2020-07-02,38.91375,54857.958333333336,0.0,0,0.0,5.945000171661377,0.20159796201945346,-0.1023417172593235,0.0,0.0,0.0,0.0,0.0,0.371103071211379,-0.009875741037795094,0.9669470668997955,0.013640307530303764,-0.048661831726060756,0.05565065081738374,0.14397651924941623
2020-07-03,34.93125,52799.29166666666,0.0,0,0.0,5.945000171661377,-0.1023417172593235,-0.5590385877020337,0.0,0.0,0.0,0.0,0.0,0.37542269875081835,-0.03752721991871455,0.5440441873362462,0.0,0.013640307530303764,-0.048661831726060756,0.05565065081738374
2020-07-04,15.403333333333334,45872.16666666666,0.0,0,0.0,5.945000171661377,-0.5590385877020337,-1.9956989829041332,0.0,0.0,0.0,0.0,0.0,0.4230628213171225,-0.13119730930733764,-0.8517608576469597,0.0,0.0,0.013640307530303764,-0.048661831726060756
2020-07-05,-15.337083333333332,43193.0,0.0,0,0.0,5.945000171661377,-1.9956989829041332,-1.9312396424787417,0.0,0.0,0.0,0.0,0.0,0.7596478856803958,-0.05840506043969995,-1.3139226166498272,0.0,0.0,0.0,0.013640307530303764
2020-07-06,14.2825,54852.625,0.0,0,0.0,6.09499979019165,-1.9312396424787417,1.233648404224284,0.0,0.0,0.0,0.0,0.0,0.9291824894169642,0.26994246752946083,1.0135678807841326,0.025231221900596568,0.0,0.0,0.0
2020-07-07,31.902083333333334,54720.29166666666,0.0,0,0.0,6.125,1.233648404224284,0.2918827140338274,0.0,0.0,0.0,0.0,0.0,1.0634507196943672,-0.002412525076663896,0.9305418572455953,0.0049221018607132905,0.025231221900596568,0.0,0.0
2020-07-08,41.21375,55036.375,0.0,0,0.0,5.934999942779541,0.2918827140338274,0.02934902388968097,0.0,0.0,0.0,0.0,0.0,1.0756648864082512,0.005776345916772341,0.9593289322182251,-0.031020417505381093,0.0049221018607132905,0.025231221900596568,0.0
2020-07-09,42.42333333333333,55393.04166666666,0.0,0,0.0,5.755000114440918,0.02934902388968097,-0.1368252533982871,0.0,0.0,0.0,0.0,0.0,1.043658384876256,0.006480562476483209,1.0082424076065857,-0.030328530762263828,-0.031020417505381093,0.0049221018607132905,0.025231221900596568
2020-07-10,36.61875,53675.91666666666,0.0,0,0.0,5.474999904632568,-0.1368252533982871,-0.21894521249359955,0.0,0.0,0.0,0.0,0.0,1.0435693587117891,-0.030998929618867632,0.6478374374767554,-0.04865338040667455,-0.030328530762263828,-0.031020417505381093,0.0049221018607132905
2020-07-11,28.60125,44550.125,0.0,0,0.0,5.474999904632568,-0.21894521249359955,-0.1338956630683391,0.0,0.0,0.0,0.0,0.0,0.9851484685218157,-0.17001650336665564,-1.2027806076818832,0.0,-0.04865338040667455,-0.030328530762263828,-0.031020417505381093
2020-07-12,24.771666666666665,40803.29166666666,0.0,0,0.0,5.474999904632568,-0.1338956630683391,0.37961717015407404,0.0,0.0,0.0,0.0,0.0,0.9710706350769737,-0.08410376701150313,-1.8088886000222228,0.0,0.0,-0.04865338040667455,-0.030328530762263828
2020-07-13,34.17541666666667,51869.0,0.0,0,0.0,5.110000133514404,0.37961717015407404,0.07572450957681554,0.0,0.0,0.0,0.0,0.0,0.9964831983793135,0.2711964618867557,0.2695430897340352,-0.06666662602301165,0.0,0.0,-0.04865338040667455
2020-07-14,36.76333333333333,54283.583333333336,0.0,0,0.0,5.085000038146973,0.07572450957681554,0.13454302293952325,0.0,0.0,0.0,0.0,0.0,0.9986550942997666,0.04655156901681812,0.6929914898223434,-0.004892386441140428,-0.06666662602301165,0.0,0.0
2020-07-15,41.709583333333335,55457.125,0.0,0,0.0,5.224999904632568,0.13454302293952325,0.06560242949761741,0.0,0.0,0.0,0.0,0.0,0.7875798281673566,0.021618721436652777,0.8959526899146675,0.027531930272435723,-0.004892386441140428,-0.06666662602301165,0.0
2020-07-16,44.44583333333333,55307.66666666666,0.0,0,0.0,5.059999942779541,0.06560242949761741,-0.1545420455610763,0.0,0.0,0.0,0.0,0.0,0.41749239935494953,-0.002695024910385202,0.8451158584739249,-0.03157894064394828,0.027531930272435723,-0.004892386441140428,-0.06666662602301165
2020-07-17,37.57708333333333,52996.79166666666,0.0,0,0.0,5.114999771118164,-0.1545420455610763,-0.22790929755502565,0.0,0.0,0.0,0.0,0.0,0.1988072481266987,-0.04178218209651463,0.38638141165680423,0.010869531415134803,-0.03157894064394828,0.027531930272435723,-0.004892386441140428
2020-07-18,29.012916666666666,44907.41666666666,0.0,0,0.0,5.114999771118164,-0.22790929755502565,-0.04250980166879703,0.0,0.0,0.0,0.0,0.0,0.1914897541394728,-0.15263895691798957,-1.1589866665866093,0.0,0.010869531415134803,-0.03157894064394828,0.027531930272435723
2020-07-19,27.77958333333333,41342.333333333336,0.0,0,0.0,5.114999771118164,-0.04250980166879703,0.1865728727632705,0.0,0.0,0.0,0.0,0.0,0.19083230548005922,-0.07938740631187469,-1.6992703683649681,0.0,0.0,0.010869531415134803,-0.03157894064394828
2020-07-20,32.9625,52509.29166666666,0.0,0,0.0,4.730000019073486,0.1865728727632705,-0.037896599671343734,0.0,0.0,0.0,0.0,0.0,0.19724307019414744,0.27010953260177195,0.3424352494770559,-0.07526877209625271,0.0,0.0,0.010869531415134803
2020-07-21,31.71333333333333,53179.25,0.0,0,0.0,4.789999961853027,-0.037896599671343734,0.08319318898465422,0.0,0.0,0.0,0.0,0.0,0.18197618312859357,0.01275885299665247,0.4182482091920702,0.012684977280675414,-0.07526877209625271,0.0,0.0
2020-07-22,34.35166666666667,54154.625,0.0,0,0.0,4.829999923706055,0.08319318898465422,0.038996167095240564,0.0,0.0,0.0,0.0,0.0,0.1737391456703637,0.018341270326302173,0.6014155995031109,0.008350722791562015,0.012684977280675414,-0.07526877209625271,0.0
2020-07-23,35.691250000000004,54217.66666666666,0.0,0,0.0,4.985000133514404,0.038996167095240564,-0.12709697755052018,0.0,0.0,0.0,0.0,0.0,0.12865853834654464,0.0011641049433295247,0.6074609708811878,0.03209114125397705,0.008350722791562015,0.012684977280675414,-0.07526877209625271
2020-07-24,31.155,52427.833333333336,0.0,0,0.0,5.010000228881836,-0.12709697755052018,-0.18086984432675335,0.0,0.0,0.0,0.0,0.0,0.1334260740200455,-0.03301199486022366,0.2539144815525989,0.005015064131965508,0.03209114125397705,0.008350722791562015,0.012684977280675414
2020-07-25,25.52,44984.833333333336,0.0,0,0.0,5.010000228881836,-0.18086984432675335,-0.5060083594566354,0.0,0.0,0.0,0.0,0.0,0.1332389445224853,-0.14196657627786768,-1.1821281023253591,0.0,0.005015064131965508,0.03209114125397705,0.008350722791562015
2020-07-26,12.606666666666667,41866.875,0.0,0,0.0,5.010000228881836,-0.5060083594566354,1.5805460074034898,0.0,0.0,0.0,0.0,0.0,0.1925028965314595,-0.0693113234460504,-1.6529299762612017,0.0,0.0,0.005015064131965508,0.03209114125397705
2020-07-27,32.53208333333333,52237.083333333336,0.0,0,0.0,4.784999847412109,1.5805460074034898,-0.2940558679252534,0.0,0.0,0.0,0.0,0.0,0.5620046707215413,0.24769482635934348,0.28450344822871654,-0.044910253730655714,0.0,0.0,0.005015064131965508
2020-07-28,22.96583333333333,54255.79166666666,0.0,0,0.0,4.960000038146973,-0.2940558679252534,-0.09652019304038584,0.0,0.0,0.0,0.0,0.0,0.5663606066996272,0.038645119606920186,0.625348810052819,0.03657266380677293,-0.044910253730655714,0.0,0.0
2020-07-29,20.749166666666667,53123.625,0.0,0,0.0,5.175000190734863,-0.09652019304038584,0.716655287360938,0.0,0.0,0.0,0.0,0.0,0.5678093620482039,-0.02086720388529928,0.3950413561168501,0.0433468046238592,0.03657266380677293,-0.044910253730655714,0.0
2020-07-30,35.619166666666665,52464.458333333336,0.0,0,0.0,5.224999904632568,0.716655287360938,0.08112439463771848,0.0,0.0,0.0,0.0,0.0,0.6040397345419805,-0.01240816428974234,0.28073878784827655,0.009661780107220741,0.0433468046238592,0.03657266380677293,-0.044910253730655714
2020-07-31,38.50875,52354.125,0.0,0,0.0,6.025000095367432,0.08112439463771848,-0.26483158589498046,0.0,0.0,0.0,0.0,0.0,0.6018017616484469,-0.0021030110066577734,0.2825239119894422,0.1531100871457567,0.009661780107220741,0.0433468046238592,0.03657266380677293
2020-08-01,28.31041666666667,44767.333333333336,0.0,0,0.0,6.025000095367432,-0.26483158589498046,-0.0042534402825815665,0.0,0.0,0.0,0.0,0.0,0.6147082671100285,-0.14491296849420487,-1.200929188502152,0.0,0.1531100871457567,0.009661780107220741,0.0433468046238592
2020-08-02,28.19,41221.91666666666,0.0,0,0.0,6.025000095367432,-0.0042534402825815665,0.30256000945961925,0.0,0.0,0.0,0.0,0.0,0.6152963350100731,-0.07919651233786562,-1.7480570994257267,0.0,0.0,0.1531100871457567,0.009661780107220741
2020-08-03,36.719166666666666,50151.16666666666,0.0,0,0.0,6.800000190734863,0.30256000945961925,-0.008862310782289051,0.0,0.0,0.0,0.0,0.0,0.6134142517010469,0.2166141393231351,-0.05070253182367249,0.1286307191867635,0.0,0.0,0.1531100871457567
2020-08-04,36.39375,51183.125,0.0,0,0.0,7.355000019073486,-0.008862310782289051,-0.18653614975098742,0.0,0.0,0.0,0.0,0.0,0.605988251775656,0.02057695567068918,0.10290091980808519,0.08161761952519075,0.1286307191867635,0.0,0.0
2020-08-05,29.605,51705.875,0.0,0,0.0,7.320000171661377,-0.18653614975098742,0.12413443675054903,0.0,0.0,0.0,0.0,0.0,0.5751611593671316,0.010213327146398443,0.2331659943779733,-0.0047586468145949246,0.08161761952519075,0.1286307191867635,0.0
2020-08-06,33.28,52330.708333333336,0.0,0,0.0,7.940000057220459,0.12413443675054903,0.08110476762820507,0.0,0.0,0.0,0.0,0.0,0.3007941914098901,0.012084377903542665,0.3819849088989772,0.08469943593162022,-0.0047586468145949246,0.08161761952519075,0.1286307191867635
2020-08-07,35.979166666666664,52102.75,0.0,0,0.0,7.929999828338623,0.08110476762820507,-0.10951939779965247,0.0,0.0,0.0,0.0,0.0,0.2774108321473536,-0.004356110218904363,0.35988943493229697,-0.0012594746611799268,0.08469943593162022,-0.0047586468145949246,0.08161761952519075
2020-08-08,32.03875,45696.5,0.0,0,0.0,7.929999828338623,-0.10951939779965247,-0.10939877492099404,0.0,0.0,0.0,0.0,0.0,0.27832997167033946,-0.12295416268814985,-0.9257053205842534,0.0,-0.0012594746611799268,0.08469943593162022,-0.0047586468145949246
2020-08-09,28.53375,42842.375,0.0,0,0.0,7.929999828338623,-0.10939877492099404,0.295965304244973,0.0,0.0,0.0,0.0,0.0,0.1660686554964354,-0.06245828455133329,-1.4151626257163832,0.0,0.0,-0.0012594746611799268,0.08469943593162022
2020-08-10,36.97875,54112.0,0.0,0,0.0,7.590000152587891,0.295965304244973,-0.01842274279146805,0.0,0.0,0.0,0.0,0.0,0.19109839449118454,0.26304855881589195,0.847882867380933,-0.042875117668440654,0.0,0.0,-0.0012594746611799268
2020-08-11,36.2975,56533.875,0.0,0,0.0,7.414999961853027,-0.01842274279146805,-0.011926900383405603,0.0,0.0,0.0,0.0,0.0,0.1656192318447876,0.04475670830869305,1.2918564531311387,-0.0230566781576671,-0.042875117668440654,0.0,0.0
2020-08-12,35.864583333333336,56052.25,0.0,0,0.0,7.170000076293945,-0.011926900383405603,0.07587568980540227,0.0,0.0,0.0,0.0,0.0,0.16584756127076794,-0.00851922851564657,1.132547557003689,-0.03304111757511807,-0.0230566781576671,-0.042875117668440654,0.0
2020-08-13,38.58583333333333,55887.833333333336,0.0,0,0.0,7.309999942779541,0.07587568980540227,0.058063192449733236,0.0,0.0,0.0,0.0,0.0,0.13860619404003655,-0.0029332750543763497,1.0749753779923157,0.019525783123556018,-0.03304111757511807,-0.0230566781576671,-0.042875117668440654
2020-08-14,40.82625,53963.91666666666,0.0,0,0.0,8.020000457763672,0.058063192449733236,-0.21959931824908419,0.0,0.0,0.0,0.0,0.0,0.13903541156849447,-0.03442460642894862,0.6893897572370795,0.09712729419176469,0.019525783123556018,-0.03304111757511807,-0.0230566781576671
2020-08-15,31.86083333333333,45231.04166666666,0.0,0,0.0,8.020000457763672,-0.21959931824908419,-0.09969136609735041,0.0,0.0,0.0,0.0,0.0,0.14476593281399935,-0.16182804250371008,-1.0777329022721596,0.0,0.09712729419176469,0.019525783123556018,-0.03304111757511807
2020-08-16,28.68458333333333,42689.833333333336,0.0,0,0.0,8.020000457763672,-0.09969136609735041,0.4071437909446134,0.0,0.0,0.0,0.0,0.0,0.1435955632818604,-0.05618283903477028,-1.4857992798929671,0.0,0.0,0.09712729419176469,0.019525783123556018
2020-08-17,40.36333333333334,53702.708333333336,0.0,0,0.0,8.180000305175781,0.4071437909446134,0.05028284746882461,0.0,0.0,0.0,0.0,0.0,0.19376038765265566,0.2579741858912543,0.6955420035156563,0.019950104523650314,0.0,0.0,0.09712729419176469
2020-08-18,42.392916666666665,54729.708333333336,0.0,0,0.0,8.550000190734863,0.05028284746882461,-0.09823771659966773,0.0,0.0,0.0,0.0,0.0,0.18776076286595972,0.01912380272565395,0.8571719391254321,0.04523225816079357,0.019950104523650314,0.0,0.0
2020-08-19,38.22833333333333,54653.458333333336,0.0,0,0.0,8.354999542236328,-0.09823771659966773,-0.0031826306840476715,0.0,0.0,0.0,0.0,0.0,0.18678597346686304,-0.0013932104212139862,0.8174979991389643,-0.022807092882856983,0.04523225816079357,0.019950104523650314,0.0
2020-08-20,38.10666666666666,55437.958333333336,0.0,0,0.0,8.149999618530273,-0.0031826306840476715,-0.16525979706088179,0.0,0.0,0.0,0.0,0.0,0.16457318414421013,0.014354077928889764,0.957383278194343,-0.024536198077538596,-0.022807092882856983,0.04523225816079357,0.019950104523650314
2020-08-21,31.809166666666663,55187.5,0.0,0,0.0,7.619999885559082,-0.16525979706088179,-0.25087108013937276,0.0,0.0,0.0,0.0,0.0,0.1740672531362307,-0.004517813080838873,0.8919484627663274,-0.06503064512618573,-0.024536198077538596,-0.022807092882856983,0.04523225816079357
2020-08-22,23.829166666666666,46750.0,0.0,0,0.0,7.619999885559082,-0.25087108013937276,-0.31486273824095123,0.0,0.0,0.0,0.0,0.0,0.19133075686048118,-0.1528878822197055,-0.8234050290638391,0.0,-0.06503064512618573,-0.024536198077538596,-0.022807092882856983
2020-08-23,16.326249999999998,42694.458333333336,0.0,0,0.0,7.619999885559082,-0.31486273824095123,1.7391981216343826,0.0,0.0,0.0,0.0,0.0,0.2077384805723562,-0.08674955436720133,-1.5379846652439868,0.0,0.0,-0.06503064512618573,-0.024536198077538596
2020-08-24,44.72083333333333,53190.16666666666,0.0,0,0.0,8.359999656677246,1.7391981216343826,-0.1399422342308767,0.0,0.0,0.0,0.0,0.0,0.6092917002333958,0.2458330364889274,0.5203668592406884,0.09711283231389056,0.0,0.0,-0.06503064512618573
2020-08-25,38.4625,54841.5,0.0,0,0.0,8.864999771118164,-0.1399422342308767,-0.5348716282092947,0.0,0.0,0.0,0.0,0.0,0.605090054744473,0.03104583867318844,0.8072379501964523,0.060406714734439815,0.09711283231389056,0.0,0.0
2020-08-26,17.89,57608.458333333336,0.0,0,0.0,9.149999618530272,-0.5348716282092947,1.588433948201975,0.0,0.0,0.0,0.0,0.0,0.6368582288741435,0.05045373181501844,1.3196362919376166,0.03214888378684755,0.060406714734439815,0.09711283231389056,0.0
2020-08-27,46.30708333333333,55542.958333333336,0.0,0,0.0,8.869999885559082,1.588433948201975,-0.12106679143759513,0.0,0.0,0.0,0.0,0.0,0.7961875664112473,-0.035854109965044234,0.8760790532850665,-0.03060106498847759,0.03214888378684755,0.060406714734439815,0.09711283231389056
2020-08-28,40.70083333333333,53390.708333333336,0.0,0,0.0,11.170000076293944,-0.12106679143759513,-0.12432177883335715,0.0,0.0,0.0,0.0,0.0,0.8012859673386057,-0.03874928640069131,0.430380005828711,0.25930103950501815,-0.03060106498847759,0.03214888378684755,0.060406714734439815
2020-08-29,35.64083333333333,45254.958333333336,0.0,0,0.0,11.170000076293944,-0.12432177883335715,-0.05110009586382658,0.0,0.0,0.0,0.0,0.0,0.8022977526912198,-0.15238138346481944,-1.1672436607600039,0.0,0.25930103950501815,-0.03060106498847759,0.03214888378684755
2020-08-30,33.819583333333334,41760.083333333336,0.0,0,0.0,11.170000076293944,-0.05110009586382658,0.5977922061921717,0.0,0.0,0.0,0.0,0.0,0.8035713513429884,-0.0772263444429202,-1.7051428991357247,0.0,0.0,0.25930103950501815,-0.03060106498847759
2020-08-31,54.03666666666667,53595.25,0.0,0,0.0,11.239999771118164,0.5977922061921717,-0.07823391524273637,0.0,0.0,0.0,0.0,0.0,0.8052134961027533,0.2834085979234555,0.5037206552020257,0.0062667586701974365,0.0,0.0,0.25930103950501815
2020-09-01,49.80916666666667,55129.083333333336,0.0,0,0.0,11.295000076293944,-0.07823391524273637,0.0002425925616100777,0.0,0.0,0.0,0.0,0.0,0.7953376607997675,0.028618829715941985,0.7545236026514591,0.004893265684676074,0.0062667586701974365,0.0,0.0
2020-09-02,49.82125,54903.66666666666,0.0,0,0.0,11.109999656677246,0.0002425925616100777,-0.18637462260916104,0.0,0.0,0.0,0.0,0.0,0.7762153050583002,-0.0040888883514299534,0.6709130703110334,-0.016378965769551224,0.004893265684676074,0.0062667586701974365,0.0
2020-09-03,40.535833333333336,55584.0,0.0,0,0.0,11.734999656677246,-0.18637462260916104,-0.05457105852846267,0.0,0.0,0.0,0.0,0.0,0.5934245083080459,0.012391400695764165,0.7718396166504117,0.05625562730097533,-0.016378965769551224,0.004893265684676074,0.0062667586701974365
2020-09-04,38.32375,53584.208333333336,0.0,0,0.0,11.68000030517578,-0.05457105852846267,-0.12810811398501798,0.0,0.0,0.0,0.0,0.0,0.5902738654347168,-0.03597782935137206,0.35366002741563746,-0.004686779131703789,0.05625562730097533,-0.016378965769551224,0.004893265684676074
2020-09-05,33.41416666666667,45946.54166666666,0.0,0,0.0,11.68000030517578,-0.12810811398501798,0.042509414669426704,0.0,0.0,0.0,0.0,0.0,0.5543075648533553,-0.14253577507676807,-1.119912964003425,0.0,-0.004686779131703789,0.05625562730097533,-0.016378965769551224
2020-09-06,34.834583333333335,42607.375,0.0,0,0.0,11.68000030517578,0.042509414669426704,0.24991926127052855,0.0,0.0,0.0,0.0,0.0,0.22387173168919128,-0.07267503811041254,-1.6331363785629884,0.0,0.0,-0.004686779131703789,0.05625562730097533
2020-09-07,43.540416666666665,52891.41666666666,0.0,0,0.0,11.68000030517578,0.24991926127052855,-0.13647281740145645,0.0,0.0,0.0,0.0,0.0,0.23399095728462116,0.2413676427300826,0.25802929049133444,0.0,0.0,0.0,-0.004686779131703789
2020-09-08,37.598333333333336,55488.125,0.0,0,0.0,10.800000190734863,-0.13647281740145645,-0.025776851810807244,0.0,0.0,0.0,0.0,0.0,0.23489259266738793,0.04909508001455842,0.7041095172186264,-0.07534247358289536,0.0,0.0,0.0
2020-09-09,36.62916666666667,55600.208333333336,0.0,0,0.0,10.734999656677246,-0.025776851810807244,0.2923444431805253,0.0,0.0,0.0,0.0,0.0,0.2341095023363332,0.002019951716395907,0.7124219251728606,-0.006018567862006163,-0.07534247358289536,0.0,0.0
2020-09-10,47.3375,54879.458333333336,0.0,0,0.0,10.515000343322754,0.2923444431805253,0.010069536132382817,0.0,0.0,0.0,0.0,0.0,0.15958519121773077,-0.01296308092370757,0.5851015968056077,-0.02049364884866589,-0.006018567862006163,-0.07534247358289536,0.0
2020-09-11,47.814166666666665,53106.0,0.0,0,0.0,10.494999885559082,0.010069536132382817,-0.3334262857939593,0.0,0.0,0.0,0.0,0.0,0.15735348352496242,-0.03231552182168951,0.25219891041022746,-0.001902088170294025,-0.02049364884866589,-0.006018567862006163,-0.07534247358289536
2020-09-12,31.871666666666663,46326.958333333336,0.0,0,0.0,10.494999885559082,-0.3334262857939593,-0.36654813575275835,0.0,0.0,0.0,0.0,0.0,0.1906529731086451,-0.12765114425237567,-1.0481646965459557,0.0,-0.001902088170294025,-0.02049364884866589,-0.006018567862006163
2020-09-13,20.18916666666667,42322.458333333336,0.0,0,0.0,10.494999885559082,-0.36654813575275835,1.6307631980847814,0.0,0.0,0.0,0.0,0.0,0.21442105270201703,-0.08643995082057154,-1.689353080223997,0.0,0.0,-0.001902088170294025,-0.02049364884866589
2020-09-14,53.11291666666667,53375.79166666666,0.0,0,0.0,10.704999923706056,1.6307631980847814,0.32167316487671704,0.0,0.0,0.0,0.0,0.0,0.5713398924918581,0.26116945396405944,0.3808416519946243,0.020009532199798397,0.0,0.0,-0.001902088170294025
2020-09-15,70.19791666666667,55277.375,0.0,0,0.0,10.895000457763672,0.32167316487671704,-0.23910966018697155,0.0,0.0,0.0,0.0,0.0,0.5670169974664975,0.035626325604850795,0.7018113926823317,0.0177487655685884,0.020009532199798397,0.0,0.0
2020-09-16,53.41291666666666,55901.29166666666,0.0,0,0.0,11.31999969482422,-0.23910966018697155,-0.1312572645505533,0.0,0.0,0.0,0.0,0.0,0.5807962589430931,0.011287016915449755,0.8069755139082383,0.039008647930592666,0.0177487655685884,0.020009532199798397,0.0
2020-09-17,46.40208333333334,56094.41666666666,0.0,0,0.0,11.119999885559082,-0.1312572645505533,-0.09212948412876587,0.0,0.0,0.0,0.0,0.0,0.5852966283177845,0.0034547502256581097,0.8313341036208783,-0.01766782814990564,0.039008647930592666,0.0177487655685884,0.020009532199798397
2020-09-18,42.12708333333333,54623.29166666666,0.0,0,0.0,11.475000381469728,-0.09212948412876587,-0.1326937342366845,0.0,0.0,0.0,0.0,0.0,0.5834523297402172,-0.0262258721530515,0.5354877672997727,0.03192450535648517,-0.01766782814990564,0.039008647930592666,0.0177487655685884
2020-09-19,36.537083333333335,46892.875,0.0,0,0.0,11.475000381469728,-0.1326937342366845,0.026765044646420932,0.0,0.0,0.0,0.0,0.0,0.5871169876793596,-0.14152235119481216,-0.9558820586291951,0.0,0.03192450535648517,-0.01766782814990564,0.039008647930592666
2020-09-20,37.515,42989.833333333336,0.0,0,0.0,11.475000381469728,0.026765044646420932,0.6285596872362165,0.0,0.0,0.0,0.0,0.0,0.5832409090380376,-0.0832331493146169,-1.591767006575549,0.0,0.0,0.03192450535648517,-0.01766782814990564
2020-09-21,61.095416666666665,54316.25,0.0,0,0.0,11.494999885559082,0.6285596872362165,-0.12737589426375406,0.0,0.0,0.0,0.0,0.0,0.6084956777059852,0.2634673314233209,0.541198457872414,0.0017428761154247852,0.0,0.0,0.03192450535648517
2020-09-22,53.31333333333333,55745.25,0.0,0,0.0,11.704999923706056,-0.12737589426375406,-0.1291421783168688,0.0,0.0,0.0,0.0,0.0,0.594335909162899,0.02630888546245358,0.7672883174779178,0.01826881602763586,0.0017428761154247852,0.0,0.0
2020-09-23,46.428333333333335,56423.5,0.0,0,0.0,12.020000457763672,-0.1291421783168688,-0.17756757726962713,0.0,0.0,0.0,0.0,0.0,0.5757790276878588,0.012166955928980538,0.8718126236180825,0.026911622051329243,0.01826881602763586,0.0017428761154247852,0.0
2020-09-24,38.18416666666666,57325.0,0.0,0,0.0,11.635000228881836,-0.17756757726962713,0.08347700835861294,0.0,0.0,0.0,0.0,0.0,0.2716071322075402,0.015977385309312586,1.0218089210995394,-0.03202996790513146,0.026911622051329243,0.01826881602763586,0.0017428761154247852
2020-09-25,41.37166666666666,55943.375,0.0,0,0.0,11.664999961853027,0.08347700835861294,-0.19919026709100418,0.0,0.0,0.0,0.0,0.0,0.24927995743962061,-0.02410161360662888,0.7680292740790813,0.002578404158233072,-0.03202996790513146,0.026911622051329243,0.01826881602763586
2020-09-26,33.130833333333335,48826.25,0.0,0,0.0,11.664999961853027,-0.19919026709100418,-0.09370676861936267,0.0,0.0,0.0,0.0,0.0,0.2458381494044203,-0.12722015788285923,-0.608469902716282,0.0,0.002578404158233072,-0.03202996790513146,0.026911622051329243
2020-09-27,30.02625,45154.54166666666,0.0,0,0.0,11.664999961853027,-0.09370676861936267,0.5739699984735576,0.0,0.0,0.0,0.0,0.0,0.24431781139462186,-0.075199474326481,-1.25304362817386,0.0,0.0,0.002578404158233072,-0.03202996790513146
2020-09-28,47.26041666666666,56228.958333333336,0.0,0,0.0,12.350000381469728,0.5739699984735576,0.24032620674454508,0.0,0.0,0.0,0.0,0.0,0.305901580860402,0.24525587588550102,0.8428076377618029,0.058722710832129765,0.0,0.0,0.002578404158233072
2020-09-29,58.61833333333333,57823.958333333336,0.0,0,0.0,12.279999732971191,0.24032620674454508,-0.14270990304512254,0.0,0.0,0.0,0.0,0.0,0.30452402708294435,0.02836616660306257,1.1122529621364718,-0.005668068529258274,0.058722710832129765,0.0,0.0
2020-09-30,50.25291666666666,57739.458333333336,0.0,0,0.0,13.28499984741211,-0.14270990304512254,-0.3154626182559883,0.0,0.0,0.0,0.0,0.0,0.3125864660381094,-0.0014613319882545994,1.045753725584398,0.08184040197839271,-0.005668068529258274,0.058722710832129765,0.0
